{"image_initial": {"secs": 1526564634, "nsecs": 153413196, "filename": "1526564634.153413196_i.png"}, "imu": [{"stamp": {"secs": 1526564634, "nsecs": 140785932}, "angular_velocity": {"y": 0.7620223129985824, "x": -0.38923021771937627, "z": 25.755729174396418}, "orientation": {"y": 0.1651260523400616, "x": -0.23849841919906895, "z": 0.06950056821037667, "w": -0.9544744951524724}, "linear_acceleration": {"y": -14.0, "x": 43.0, "z": 4110.0}}, {"stamp": {"secs": 1526564634, "nsecs": 150857925}, "angular_velocity": {"y": 0.8143821905584123, "x": -0.40668351023931953, "z": 23.870773582242542}, "orientation": {"y": 0.19244317819318107, "x": -0.2127975409677291, "z": -0.0467820545745052, "w": -0.9568146471991236}, "linear_acceleration": {"y": 71.0, "x": -136.0, "z": 4044.0}}, {"stamp": {"secs": 1526564634, "nsecs": 160859107}, "angular_velocity": {"y": 0.9889151157578451, "x": -0.3194170476396031, "z": 23.783507119642824}, "orientation": {"y": 0.21554364100522944, "x": -0.1846781469765097, "z": -0.16210579532145927, "w": -0.9450696439811876}, "linear_acceleration": {"y": 111.0, "x": 5.0, "z": 4155.0}}], "image_final": {"secs": 1526564634, "nsecs": 147182023, "filename": "1526564634.153413196_f.png"}}