{"image_initial": {"secs": 1526564647, "nsecs": 720862731, "filename": "1526564647.720862731_i.png"}, "imu": [{"stamp": {"secs": 1526564647, "nsecs": 723956108}, "angular_velocity": {"y": -3.479127769347638, "x": 2.7349091433504737, "z": -26.91830765079245}, "orientation": {"y": 0.0005679557768219837, "x": 0.016735553864138025, "z": -0.7384442653115151, "w": -0.6741065684976172}, "linear_acceleration": {"y": -31.0, "x": 366.0, "z": 3998.0}}, {"stamp": {"secs": 1526564647, "nsecs": 733825922}, "angular_velocity": {"y": -3.461674476827695, "x": 2.001870857512855, "z": -25.312604738957667}, "orientation": {"y": 0.009330692777962462, "x": -0.003727169747463271, "z": -0.6523459815555338, "w": -0.7578547134684219}, "linear_acceleration": {"y": -74.0, "x": 776.0, "z": 3955.0}}, {"stamp": {"secs": 1526564647, "nsecs": 743837118}, "angular_velocity": {"y": -2.4493835106709843, "x": 0.6056074559173915, "z": -23.06113000388498}, "orientation": {"y": 0.0186995569322851, "x": -0.015366803423035242, "z": -0.564457148229193, "w": -0.8251074570842641}, "linear_acceleration": {"y": -300.0, "x": 275.0, "z": 3881.0}}], "image_final": {"secs": 1526564647, "nsecs": 686405241, "filename": "1526564647.720862731_f.png"}}