{"image_initial": {"secs": 1526564627, "nsecs": 920996303, "filename": "1526564627.920996303_i.png"}, "imu": [{"stamp": {"secs": 1526564627, "nsecs": 929608106}, "angular_velocity": {"y": -1.6814386397934789, "x": 0.9895798913561442, "z": -22.20591867040776}, "orientation": {"y": -0.0024085923160360513, "x": -0.03976548390450922, "z": 0.9989791277439666, "w": 0.021298058709634745}, "linear_acceleration": {"y": 23.0, "x": 103.0, "z": 4019.0}}, {"stamp": {"secs": 1526564627, "nsecs": 939594030}, "angular_velocity": {"y": -1.7163452248333655, "x": 0.7975936736367678, "z": -23.305476099164185}, "orientation": {"y": -0.0017072450941662514, "x": -0.028890620115997013, "z": 0.9895828100744739, "w": 0.14102581107233278}, "linear_acceleration": {"y": -43.0, "x": 204.0, "z": 4065.0}}, {"stamp": {"secs": 1526564627, "nsecs": 949584007}, "angular_velocity": {"y": -1.4370925445142728, "x": 0.8499535511965977, "z": -21.961572575128553}, "orientation": {"y": -0.0010207673603734818, "x": -0.016893794893243958, "z": 0.9678343776568314, "w": 0.251018276533233}, "linear_acceleration": {"y": -35.0, "x": 198.0, "z": 4000.0}}], "image_final": {"secs": 1526564627, "nsecs": 886022573, "filename": "1526564627.920996303_f.png"}}