{"image_initial": {"secs": 1526564645, "nsecs": 886307853, "filename": "1526564645.886307853_i.png"}, "imu": [{"stamp": {"secs": 1526564645, "nsecs": 863435983}, "angular_velocity": {"y": 1.0063684082777884, "x": -0.4939499728390361, "z": 28.63552244018706}, "orientation": {"y": -0.11254609723313176, "x": 0.3209419151533691, "z": -0.18992939693270564, "w": 0.9210084078205023}, "linear_acceleration": {"y": 3.0, "x": 84.0, "z": 4055.0}}, {"stamp": {"secs": 1526564645, "nsecs": 873431921}, "angular_velocity": {"y": 1.3030743811168246, "x": -0.38923021771937627, "z": 27.01236623583233}, "orientation": {"y": -0.15180895781153703, "x": 0.2993475853949525, "z": -0.06293583097962863, "w": 0.9398851762983021}, "linear_acceleration": {"y": -9.0, "x": -156.0, "z": 4072.0}}, {"stamp": {"secs": 1526564645, "nsecs": 883419990}, "angular_velocity": {"y": 1.3205276736367677, "x": -0.6335763129985824, "z": 25.371756738957664}, "orientation": {"y": -0.18564239032992153, "x": 0.27242759428167984, "z": 0.058454635041404815, "w": 0.9422861372368084}, "linear_acceleration": {"y": 189.0, "x": 58.0, "z": 4092.0}}], "image_final": {"secs": 1526564645, "nsecs": 853819589, "filename": "1526564645.886307853_f.png"}}