{"image_initial": {"secs": 1526564636, "nsecs": 486130364, "filename": "1526564636.486130364_i.png"}, "imu": [{"stamp": {"secs": 1526564636, "nsecs": 491348981}, "angular_velocity": {"y": 0.18606365984045362, "x": -1.0000954559173916, "z": 4.0787398646268445}, "orientation": {"y": 0.13520425818771464, "x": -0.0345525792947701, "z": -0.07365353767893014, "w": -0.9874720675641244}, "linear_acceleration": {"y": 77.0, "x": 154.0, "z": 4095.0}}, {"stamp": {"secs": 1526564636, "nsecs": 501323938}, "angular_velocity": {"y": -0.023375850398865916, "x": -1.3142547212763709, "z": 4.654698517784973}, "orientation": {"y": 0.1407296073294971, "x": -0.026093224508327552, "z": -0.09769198584591188, "w": -0.9848708530346127}, "linear_acceleration": {"y": 55.0, "x": -42.0, "z": 4086.0}}, {"stamp": {"secs": 1526564636, "nsecs": 511317014}, "angular_velocity": {"y": -0.3549884082777885, "x": -1.2095349661567112, "z": 3.834393769347638}, "orientation": {"y": 0.14750067209909445, "x": -0.01891480538479237, "z": -0.11794218182434371, "w": -0.9818225010734294}, "linear_acceleration": {"y": 9.0, "x": -168.0, "z": 4073.0}}], "image_final": {"secs": 1526564636, "nsecs": 475217499, "filename": "1526564636.486130364_f.png"}}