{"image_initial": {"secs": 1526564645, "nsecs": 820185256, "filename": "1526564645.820185256_i.png"}, "imu": [{"stamp": {"secs": 1526564645, "nsecs": 823484897}, "angular_velocity": {"y": 0.5351295102393195, "x": -0.912828993317675, "z": 22.1603509152881}, "orientation": {"y": 0.06500386394529546, "x": 0.34955478254733496, "z": -0.6307540360505707, "w": 0.6897356723241029}, "linear_acceleration": {"y": 191.0, "x": 420.0, "z": 4109.0}}, {"stamp": {"secs": 1526564645, "nsecs": 833498001}, "angular_velocity": {"y": 0.43040975511965973, "x": -1.017548748437335, "z": 24.67362503815993}, "orientation": {"y": 0.024842929047515984, "x": 0.35087045410160245, "z": -0.5432009875620197, "w": 0.7623683102192286}, "linear_acceleration": {"y": -19.0, "x": -8.0, "z": 4061.0}}, {"stamp": {"secs": 1526564645, "nsecs": 843439102}, "angular_velocity": {"y": 0.5700360952792061, "x": -0.8953757007977318, "z": 27.431245256310973}, "orientation": {"y": -0.0204972880152319, "x": 0.34703193499101204, "z": -0.43670460944153017, "w": 0.8297215083224825}, "linear_acceleration": {"y": 99.0, "x": 194.0, "z": 4058.0}}], "image_final": {"secs": 1526564645, "nsecs": 787722408, "filename": "1526564645.820185256_f.png"}}