{"image_initial": {"secs": 1526564643, "nsecs": 820788937, "filename": "1526564643.820788937_i.png"}, "imu": [{"stamp": {"secs": 1526564643, "nsecs": 833633899}, "angular_velocity": {"y": -2.379570340591211, "x": 0.5008877007977318, "z": -23.32292939168413}, "orientation": {"y": 0.01347413507821187, "x": -0.06412145340435489, "z": 0.42923289064651066, "w": -0.9008140831961098}, "linear_acceleration": {"y": -66.0, "x": 246.0, "z": 4047.0}}, {"stamp": {"secs": 1526564643, "nsecs": 842972040}, "angular_velocity": {"y": -2.274850585471551, "x": 0.5532475783575617, "z": -24.317767065320897}, "orientation": {"y": 0.02064092940601478, "x": -0.06259526404854752, "z": 0.5307110728686897, "w": -0.8449861194638127}, "linear_acceleration": {"y": -153.0, "x": 138.0, "z": 3980.0}}, {"stamp": {"secs": 1526564643, "nsecs": 854338884}, "angular_velocity": {"y": -1.6290787622336491, "x": 0.745233796076938, "z": -21.83939952748895}, "orientation": {"y": 0.02707421651688563, "x": -0.06281107007589129, "z": 0.6338586939434769, "w": -0.7704186604620814}, "linear_acceleration": {"y": -44.0, "x": 328.0, "z": 4032.0}}], "image_final": {"secs": 1526564643, "nsecs": 786522945, "filename": "1526564643.820788937_f.png"}}