{"image_initial": {"secs": 1526564642, "nsecs": 154755170, "filename": "1526564642.154755170_i.png"}, "imu": [{"stamp": {"secs": 1526564642, "nsecs": 157063007}, "angular_velocity": {"y": 0.919101945678072, "x": -0.2321505850398866, "z": 23.905680167282426}, "orientation": {"y": 0.23567013175813017, "x": -0.19940384418627835, "z": 0.015883518838210146, "w": -0.9510233486882204}, "linear_acceleration": {"y": 44.0, "x": -173.0, "z": 4061.0}}, {"stamp": {"secs": 1526564642, "nsecs": 162622928}, "angular_velocity": {"y": 0.9540085307179587, "x": -0.05761765984045364, "z": 22.45705688812713}, "orientation": {"y": 0.24737783166613775, "x": -0.18300240563168554, "z": -0.044843300130153745, "w": -0.9504227513936169}, "linear_acceleration": {"y": 167.0, "x": 184.0, "z": 4107.0}}, {"stamp": {"secs": 1526564642, "nsecs": 172626972}, "angular_velocity": {"y": 0.32569, "x": 0.2914481905584123, "z": 22.02072457512855}, "orientation": {"y": 0.2682023853863789, "x": -0.15423493592501078, "z": -0.1514005830547499, "w": -0.9388061186762399}, "linear_acceleration": {"y": 141.0, "x": 34.0, "z": 4034.0}}], "image_final": {"secs": 1526564642, "nsecs": 139285195, "filename": "1526564642.154755170_f.png"}}