{"image_initial": {"secs": 1526564634, "nsecs": 309782418, "filename": "1526564634.309782418_i.png"}, "imu": [{"stamp": {"secs": 1526564634, "nsecs": 280796051}, "angular_velocity": {"y": 0.2907834149601134, "x": -0.2146972925199433, "z": 24.062759799961917}, "orientation": {"y": 0.19810213442418959, "x": 0.1852009811856994, "z": -0.9623282854095985, "w": 0.01950415353346826}, "linear_acceleration": {"y": 9.0, "x": 96.0, "z": 4098.0}}, {"stamp": {"secs": 1526564634, "nsecs": 290879964}, "angular_velocity": {"y": 0.09879719724073713, "x": -0.33687034015954637, "z": 22.142897622768153}, "orientation": {"y": 0.17543762416126996, "x": 0.20487987039466246, "z": -0.9549034073641965, "w": 0.12411833603445907}, "linear_acceleration": {"y": 62.0, "x": 85.0, "z": 4003.0}}, {"stamp": {"secs": 1526564634, "nsecs": 300797939}, "angular_velocity": {"y": 0.2384235374002835, "x": -0.37177692519943295, "z": 23.521707731843673}, "orientation": {"y": 0.1504854777526499, "x": 0.2231835567246198, "z": -0.9348600163507261, "w": 0.23147347757794026}, "linear_acceleration": {"y": 5.0, "x": 132.0, "z": 4123.0}}], "image_final": {"secs": 1526564634, "nsecs": 219637622, "filename": "1526564634.309782418_f.png"}}