{"image_initial": {"secs": 1526564623, "nsecs": 886062232, "filename": "1526564623.886062232_i.png"}, "imu": [{"stamp": {"secs": 1526564623, "nsecs": 888700008}, "angular_velocity": {"y": -0.3549884082777885, "x": -0.05761765984045364, "z": -21.804492942449063}, "orientation": {"y": 0.0015367199163598062, "x": -0.06735454544359021, "z": 0.9197947109749633, "w": -0.3865730116840406}, "linear_acceleration": {"y": 164.0, "x": -41.0, "z": 4072.0}}, {"stamp": {"secs": 1526564623, "nsecs": 899975061}, "angular_velocity": {"y": -0.8960404763960306, "x": 0.01219551023931953, "z": -23.130943173964756}, "orientation": {"y": -0.002878330526839294, "x": -0.061834041387064276, "z": 0.9637251821465502, "w": -0.2596190282620281}, "linear_acceleration": {"y": 105.0, "x": 54.0, "z": 4124.0}}, {"stamp": {"secs": 1526564623, "nsecs": 908698081}, "angular_velocity": {"y": -1.3498260819145562, "x": 0.23908831299858238, "z": -22.956410248765323}, "orientation": {"y": -0.004818146444162103, "x": -0.0553998406646458, "z": 0.9857966609601015, "w": -0.15846951239619889}, "linear_acceleration": {"y": 93.0, "x": 7.0, "z": 4049.0}}], "image_final": {"secs": 1526564623, "nsecs": 853553888, "filename": "1526564623.886062232_f.png"}}