{"image_initial": {"secs": 1526564634, "nsecs": 387193705, "filename": "1526564634.387193705_i.png"}, "imu": [{"stamp": {"secs": 1526564634, "nsecs": 390886068}, "angular_velocity": {"y": -3.2522349665883756, "x": 2.7872690209103035, "z": -5.084238708343386}, "orientation": {"y": 0.08153924936248619, "x": 0.23865440493758708, "z": -0.861087523063626, "w": 0.4415016460234751}, "linear_acceleration": {"y": -132.0, "x": 512.0, "z": 3963.0}}, {"stamp": {"secs": 1526564634, "nsecs": 400985956}, "angular_velocity": {"y": -3.287141551628262, "x": 1.9495109799530255, "z": -3.5658022591083185}, "orientation": {"y": 0.0687854864492491, "x": 0.2251403026223512, "z": -0.8755988640469293, "w": 0.42179026810582415}, "linear_acceleration": {"y": -328.0, "x": 574.0, "z": 3897.0}}, {"stamp": {"secs": 1526564634, "nsecs": 410945892}, "angular_velocity": {"y": -1.9955979051524582, "x": 0.3961679456780721, "z": -2.064819102393195}, "orientation": {"y": 0.06403980632691418, "x": 0.21457664797038908, "z": -0.8842475899806717, "w": 0.40983163001991085}, "linear_acceleration": {"y": -376.0, "x": 465.0, "z": 3900.0}}], "image_final": {"secs": 1526564634, "nsecs": 353474625, "filename": "1526564634.387193705_f.png"}}