{"image_initial": {"secs": 1526564648, "nsecs": 112537802, "filename": "1526564648.112537802_i.png"}, "imu": [{"stamp": {"secs": 1526564648, "nsecs": 93882083}, "angular_velocity": {"y": 0.18606365984045362, "x": 0.5532475783575617, "z": -25.207884983838007}, "orientation": {"y": -0.04839433648549524, "x": 0.009205052907346559, "z": -0.2587228206791978, "w": 0.9646946445673373}, "linear_acceleration": {"y": 80.0, "x": 242.0, "z": 4083.0}}, {"stamp": {"secs": 1526564648, "nsecs": 103931903}, "angular_velocity": {"y": 0.04643731968090725, "x": 0.5881541633974483, "z": -24.335220357840843}, "orientation": {"y": -0.052256971442295935, "x": 0.018823640530890556, "z": -0.37447849785668186, "w": 0.9255704911760347}, "linear_acceleration": {"y": 135.0, "x": 142.0, "z": 4069.0}}, {"stamp": {"secs": 1526564648, "nsecs": 113892078}, "angular_velocity": {"y": -0.442254870877505, "x": 0.2565416055185257, "z": -24.247953895241125}, "orientation": {"y": -0.0566352599687271, "x": 0.025741254769417788, "z": -0.48425939873325435, "w": 0.8727099574713684}, "linear_acceleration": {"y": 65.0, "x": 275.0, "z": 4088.0}}], "image_final": {"secs": 1526564648, "nsecs": 20857853, "filename": "1526564648.112537802_f.png"}}