{"image_initial": {"secs": 1526564636, "nsecs": 353785341, "filename": "1526564636.353785341_i.png"}, "imu": [{"stamp": {"secs": 1526564636, "nsecs": 351320028}, "angular_velocity": {"y": 0.919101945678072, "x": 3.5028540142279785, "z": 2.7173830480712677}, "orientation": {"y": 0.06866276447987824, "x": -0.06431416260668768, "z": 0.08472865860630634, "w": -0.9919527043528625}, "linear_acceleration": {"y": 265.0, "x": 1374.0, "z": 4002.0}}, {"stamp": {"secs": 1526564636, "nsecs": 361311912}, "angular_velocity": {"y": 0.48276963267948964, "x": 0.41362123819801533, "z": 9.436900668249438}, "orientation": {"y": 0.07427806703434084, "x": -0.06355325335828517, "z": 0.036811840413484634, "w": -0.9945293566057222}, "linear_acceleration": {"y": 240.0, "x": 985.0, "z": 4016.0}}, {"stamp": {"secs": 1526564636, "nsecs": 371316909}, "angular_velocity": {"y": -0.19790877559829884, "x": -3.094490558310587, "z": 11.618562233242349}, "orientation": {"y": 0.08301412937687201, "x": -0.044028601332909305, "z": -0.02097189259863354, "w": -0.9953543672026055}, "linear_acceleration": {"y": 102.0, "x": 330.0, "z": 4063.0}}], "image_final": {"secs": 1526564636, "nsecs": 319893846, "filename": "1526564636.353785341_f.png"}}