{"image_initial": {"secs": 1526564644, "nsecs": 220536067, "filename": "1526564644.220536067_i.png"}, "imu": [{"stamp": {"secs": 1526564644, "nsecs": 222980022}, "angular_velocity": {"y": -0.3724417007977318, "x": 0.0645553877991494, "z": -24.876272425959087}, "orientation": {"y": 0.018269986496299646, "x": 0.04219884535788638, "z": -0.9104784904096143, "w": -0.4109919507062349}, "linear_acceleration": {"y": 31.0, "x": 63.0, "z": 4074.0}}, {"stamp": {"secs": 1526564644, "nsecs": 232968091}, "angular_velocity": {"y": -0.4771614559173915, "x": -0.09252424488034024, "z": -25.731483759436305}, "orientation": {"y": 0.02588982975344214, "x": 0.03594216943072084, "z": -0.8531087409976833, "w": -0.5198493562613107}, "linear_acceleration": {"y": 119.0, "x": 94.0, "z": 4051.0}}, {"stamp": {"secs": 1526564644, "nsecs": 242973089}, "angular_velocity": {"y": -0.389894993317675, "x": 0.4834344082777885, "z": -23.462555731843675}, "orientation": {"y": 0.030200985758062748, "x": 0.028703471014697956, "z": -0.7895896042506553, "w": -0.6122191340282033}, "linear_acceleration": {"y": 35.0, "x": 46.0, "z": 4073.0}}], "image_final": {"secs": 1526564644, "nsecs": 186304991, "filename": "1526564644.220536067_f.png"}}