{"image_initial": {"secs": 1526564636, "nsecs": 53693320, "filename": "1526564636.53693320_i.png"}, "imu": [{"stamp": {"secs": 1526564636, "nsecs": 71389913}, "angular_velocity": {"y": 0.8667420681182421, "x": 0.20418172795869574, "z": -27.12774716103177}, "orientation": {"y": -0.03017610988700815, "x": -0.002859318516507599, "z": -0.041725599582053505, "w": 0.9986692150202822}, "linear_acceleration": {"y": 135.0, "x": 139.0, "z": 4055.0}}, {"stamp": {"secs": 1526564636, "nsecs": 81238985}, "angular_velocity": {"y": 0.8841953606381854, "x": 0.570700870877505, "z": -25.888563392115795}, "orientation": {"y": -0.030646253459035013, "x": 0.0050839062828426105, "z": -0.16625595220791578, "w": 0.9855931814908578}, "linear_acceleration": {"y": 121.0, "x": 143.0, "z": 4120.0}}, {"stamp": {"secs": 1526564636, "nsecs": 91234922}, "angular_velocity": {"y": 0.3780498775598299, "x": 0.5532475783575617, "z": -24.70173950075965}, "orientation": {"y": -0.033225532593513366, "x": 0.012899939049058057, "z": -0.28553012259646343, "w": 0.9577067425086118}, "linear_acceleration": {"y": 184.0, "x": 181.0, "z": 4078.0}}], "image_final": {"secs": 1526564636, "nsecs": 19885574, "filename": "1526564636.53693320_f.png"}}