{"image_initial": {"secs": 1526564635, "nsecs": 953610564, "filename": "1526564635.953610564_i.png"}, "imu": [{"stamp": {"secs": 1526564635, "nsecs": 953836917}, "angular_velocity": {"y": -1.3323727893946131, "x": 0.6405140409572782, "z": -23.026223418845092}, "orientation": {"y": 0.04368508056148462, "x": -0.03817051918157855, "z": 0.9754203119732304, "w": 0.2125790210528578}, "linear_acceleration": {"y": -46.0, "x": 275.0, "z": 4047.0}}, {"stamp": {"secs": 1526564635, "nsecs": 961211919}, "angular_velocity": {"y": -0.8785871838760873, "x": 0.30890148307835563, "z": -22.450264765686963}, "orientation": {"y": 0.03825088813068344, "x": -0.036215264908322, "z": 0.9552707065182017, "w": 0.29100378247206643}, "linear_acceleration": {"y": -32.0, "x": 104.0, "z": 4058.0}}, {"stamp": {"secs": 1526564635, "nsecs": 971226930}, "angular_velocity": {"y": -0.5993345035569946, "x": 0.0645553877991494, "z": -22.712064153486114}, "orientation": {"y": 0.030633920125905354, "x": -0.03551344080384988, "z": 0.9179515475270911, "w": 0.3939102878227605}, "linear_acceleration": {"y": -6.0, "x": 164.0, "z": 4034.0}}], "image_final": {"secs": 1526564635, "nsecs": 919858817, "filename": "1526564635.953610564_f.png"}}