{"image_initial": {"secs": 1526564644, "nsecs": 53861799, "filename": "1526564644.53861799_i.png"}, "imu": [{"stamp": {"secs": 1526564644, "nsecs": 52949905}, "angular_velocity": {"y": -0.07573572795869576, "x": -0.24960387755982988, "z": -26.62160167795341}, "orientation": {"y": -0.025535215069954206, "x": 0.02576733523511849, "z": 0.16720661356718217, "w": 0.9852542542945995}, "linear_acceleration": {"y": -86.0, "x": 126.0, "z": 4021.0}}, {"stamp": {"secs": 1526564644, "nsecs": 62936067}, "angular_velocity": {"y": 0.3780498775598299, "x": 0.0645553877991494, "z": -26.11545619487506}, "orientation": {"y": -0.02394074746903026, "x": 0.02937849006357841, "z": 0.04151158674721302, "w": 0.9984190167950213}, "linear_acceleration": {"y": -32.0, "x": -42.0, "z": 4046.0}}, {"stamp": {"secs": 1526564644, "nsecs": 72922945}, "angular_velocity": {"y": 0.5700360952792061, "x": 0.273994898038469, "z": -27.12774716103177}, "orientation": {"y": -0.021328436601793965, "x": 0.03420647013162737, "z": -0.09064747227270442, "w": 0.9950668575346214}, "linear_acceleration": {"y": 81.0, "x": 148.0, "z": 4082.0}}], "image_final": {"secs": 1526564644, "nsecs": 20072217, "filename": "1526564644.53861799_f.png"}}