{"image_initial": {"secs": 1526564636, "nsecs": 296011309, "filename": "1526564636.296011309_i.png"}, "imu": [{"stamp": {"secs": 1526564636, "nsecs": 271275997}, "angular_velocity": {"y": -0.6691476736367679, "x": 0.09946197283903604, "z": -23.096036588924868}, "orientation": {"y": 0.0321334522801752, "x": 0.034461953789520335, "z": -0.5794501867402139, "w": -0.8136444531073126}, "linear_acceleration": {"y": 75.0, "x": 229.0, "z": 4006.0}}, {"stamp": {"secs": 1526564636, "nsecs": 281286954}, "angular_velocity": {"y": -0.389894993317675, "x": 0.02964880275926285, "z": -23.288022806644246}, "orientation": {"y": 0.039555533980451085, "x": 0.028319531267235278, "z": -0.4851285063349482, "w": -0.8730885958604361}, "linear_acceleration": {"y": -2.0, "x": 55.0, "z": 4138.0}}, {"stamp": {"secs": 1526564636, "nsecs": 291290044}, "angular_velocity": {"y": -0.5993345035569946, "x": -0.37177692519943295, "z": -23.410195854283845}, "orientation": {"y": 0.04849531621135952, "x": 0.022660276359257155, "z": -0.38407764899860336, "w": -0.9217478373831901}, "linear_acceleration": {"y": 46.0, "x": 48.0, "z": 3998.0}}], "image_final": {"secs": 1526564636, "nsecs": 219916422, "filename": "1526564636.296011309_f.png"}}