{"image_initial": {"secs": 1526564626, "nsecs": 308710994, "filename": "1526564626.308710994_i.png"}, "imu": [{"stamp": {"secs": 1526564626, "nsecs": 289202928}, "angular_velocity": {"y": 0.2384235374002835, "x": -0.1274308299202268, "z": 23.504254439323727}, "orientation": {"y": 0.2122877919067517, "x": 0.22505159141775405, "z": -0.9334560325919362, "w": -0.18150898001315005}, "linear_acceleration": {"y": 88.0, "x": 195.0, "z": 3994.0}}, {"stamp": {"secs": 1526564626, "nsecs": 299204111}, "angular_velocity": {"y": 0.15115707480056703, "x": -0.38923021771937627, "z": 22.736309568446227}, "orientation": {"y": 0.18436396622595244, "x": 0.24583582135083556, "z": -0.9486652545428518, "w": -0.07489266800790408}, "linear_acceleration": {"y": -48.0, "x": -10.0, "z": 4112.0}}, {"stamp": {"secs": 1526564626, "nsecs": 309240102}, "angular_velocity": {"y": 0.39550317007977315, "x": -0.6335763129985824, "z": 22.70140298340634}, "orientation": {"y": 0.15588620105210924, "x": 0.2645731668044898, "z": -0.9511403426628696, "w": 0.03213378732337383}, "linear_acceleration": {"y": 92.0, "x": 157.0, "z": 4020.0}}], "image_final": {"secs": 1526564626, "nsecs": 219791937, "filename": "1526564626.308710994_f.png"}}