{"image_initial": {"secs": 1526564639, "nsecs": 986394649, "filename": "1526564639.986394649_i.png"}, "imu": [{"stamp": {"secs": 1526564639, "nsecs": 992130041}, "angular_velocity": {"y": -0.2851752381980153, "x": 0.08200868031909272, "z": -23.37528926924396}, "orientation": {"y": -0.008271610222850272, "x": -0.010980872704069748, "z": 0.7694503941300549, "w": 0.6385586048845331}, "linear_acceleration": {"y": 61.0, "x": 83.0, "z": 4027.0}}, {"stamp": {"secs": 1526564640, "nsecs": 2100944}, "angular_velocity": {"y": -0.23281536063818548, "x": 0.01219551023931953, "z": -24.631926330679878}, "orientation": {"y": -0.012121186198161391, "x": -0.008503399392314905, "z": 0.6891077791626439, "w": 0.7245075829426861}, "linear_acceleration": {"y": -36.0, "x": -45.0, "z": 4118.0}}, {"stamp": {"secs": 1526564640, "nsecs": 12125015}, "angular_velocity": {"y": -0.32008182323790196, "x": 0.5357942858376185, "z": -23.602182072003224}, "orientation": {"y": -0.014430876866360283, "x": -0.003244279773582951, "z": 0.6027360185872825, "w": 0.7978035574871609}, "linear_acceleration": {"y": 75.0, "x": 135.0, "z": 4042.0}}], "image_final": {"secs": 1526564639, "nsecs": 953177728, "filename": "1526564639.986394649_f.png"}}