{"image_initial": {"secs": 1526564627, "nsecs": 953506731, "filename": "1526564627.953506731_i.png"}, "imu": [{"stamp": {"secs": 1526564627, "nsecs": 959677934}, "angular_velocity": {"y": -1.1927464492350666, "x": 0.2914481905584123, "z": -23.305476099164185}, "orientation": {"y": -0.005181243934936282, "x": -0.008067220166372185, "z": 0.9332801458088705, "w": 0.3590212307218712}, "linear_acceleration": {"y": -72.0, "x": 171.0, "z": 4046.0}}, {"stamp": {"secs": 1526564627, "nsecs": 970051050}, "angular_velocity": {"y": -0.7738674287564276, "x": 0.18672843543875248, "z": -21.909212697568723}, "orientation": {"y": -0.008456147349691088, "x": -0.0025534776285678616, "z": 0.8888916360620981, "w": 0.4580323489261947}, "linear_acceleration": {"y": -41.0, "x": 68.0, "z": 4027.0}}, {"stamp": {"secs": 1526564627, "nsecs": 979597091}, "angular_velocity": {"y": -0.5818812110370515, "x": -0.2670571700797732, "z": -23.829074874762483}, "orientation": {"y": -0.012800450213208948, "x": 0.0008187945064919083, "z": 0.8337620050333245, "w": 0.5519749967278464}, "linear_acceleration": {"y": -24.0, "x": 55.0, "z": 4104.0}}], "image_final": {"secs": 1526564627, "nsecs": 920996303, "filename": "1526564627.953506731_f.png"}}