{"image_initial": {"secs": 1526564622, "nsecs": 519849297, "filename": "1526564622.519849297_i.png"}, "imu": [{"stamp": {"secs": 1526564622, "nsecs": 499253988}, "angular_velocity": {"y": -1.3672793744344995, "x": 0.18672843543875248, "z": -2.518604707911721}, "orientation": {"y": 0.003787412390325369, "x": -0.014768445949860879, "z": -0.9777188092330595, "w": -0.20936446351637575}, "linear_acceleration": {"y": -124.0, "x": 123.0, "z": 4010.0}}, {"stamp": {"secs": 1526564622, "nsecs": 508475065}, "angular_velocity": {"y": -0.7738674287564276, "x": 0.30890148307835563, "z": -2.064819102393195}, "orientation": {"y": 0.0058829803540670945, "x": -0.019876245330029112, "z": -0.9760939885813038, "w": -0.2163581541545767}, "linear_acceleration": {"y": -97.0, "x": 181.0, "z": 4019.0}}, {"stamp": {"secs": 1526564622, "nsecs": 518507957}, "angular_velocity": {"y": -0.1106423129985824, "x": 0.3961679456780721, "z": -1.1397945988362006}, "orientation": {"y": 0.005956965099827973, "x": -0.02235157642341126, "z": -0.9755205422631651, "w": -0.21868834724504194}, "linear_acceleration": {"y": -34.0, "x": 212.0, "z": 4032.0}}], "image_final": {"secs": 1526564622, "nsecs": 486072803, "filename": "1526564622.519849297_f.png"}}