{"image_initial": {"secs": 1526564632, "nsecs": 53797153, "filename": "1526564632.53797153_i.png"}, "imu": [{"stamp": {"secs": 1526564632, "nsecs": 30406951}, "angular_velocity": {"y": -0.40734828583761845, "x": 0.692873918517108, "z": -24.893725718479025}, "orientation": {"y": -0.025983375446568036, "x": 0.022692531888209952, "z": 0.4384497136181099, "w": 0.8980934037309831}, "linear_acceleration": {"y": -17.0, "x": 111.0, "z": 4024.0}}, {"stamp": {"secs": 1526564632, "nsecs": 40401935}, "angular_velocity": {"y": -0.49461474843733494, "x": 0.6056074559173915, "z": -25.417324494077324}, "orientation": {"y": -0.026729225425342076, "x": 0.03009390944048761, "z": 0.3254664424809891, "w": 0.9446965120828583}, "linear_acceleration": {"y": -25.0, "x": 188.0, "z": 4042.0}}, {"stamp": {"secs": 1526564632, "nsecs": 50394058}, "angular_velocity": {"y": -0.21536206811824216, "x": 0.3787146531581288, "z": -25.120618521238292}, "orientation": {"y": -0.026420006272581738, "x": 0.03566926938929779, "z": 0.2088946383837398, "w": 0.9769302516271655}, "linear_acceleration": {"y": -69.0, "x": -17.0, "z": 4008.0}}], "image_final": {"secs": 1526564632, "nsecs": 19741327, "filename": "1526564632.53797153_f.png"}}