{"image_initial": {"secs": 1526564628, "nsecs": 128614965, "filename": "1526564628.128614965_i.png"}, "imu": [{"stamp": {"secs": 1526564628, "nsecs": 109673023}, "angular_velocity": {"y": -0.442254870877505, "x": 0.43107453071795865, "z": -23.671995242082996}, "orientation": {"y": -0.013791010708432933, "x": 0.05880336164110014, "z": -0.5598745869750796, "w": 0.8263730510748942}, "linear_acceleration": {"y": 83.0, "x": 137.0, "z": 4061.0}}, {"stamp": {"secs": 1526564628, "nsecs": 119616031}, "angular_velocity": {"y": -0.8087740137963142, "x": 0.13436855787892257, "z": -24.85881913343914}, "orientation": {"y": -0.01372136860842714, "x": 0.05808810942313025, "z": -0.6596667969366207, "w": 0.7491843648972777}, "linear_acceleration": {"y": 34.0, "x": 222.0, "z": 4126.0}}, {"stamp": {"secs": 1526564628, "nsecs": 129678964}, "angular_velocity": {"y": -0.7040542586766543, "x": 0.18672843543875248, "z": -22.92150366372543}, "orientation": {"y": -0.013229448096485436, "x": 0.05737985380870701, "z": -0.7439191487333857, "w": 0.6656702143161797}, "linear_acceleration": {"y": -32.0, "x": 37.0, "z": 4000.0}}], "image_final": {"secs": 1526564628, "nsecs": 53462818, "filename": "1526564628.128614965_f.png"}}