{"image_initial": {"secs": 1526564623, "nsecs": 853553888, "filename": "1526564623.853553888_i.png"}, "imu": [{"stamp": {"secs": 1526564623, "nsecs": 848666906}, "angular_velocity": {"y": -1.0182135240356338, "x": 0.2565416055185257, "z": -22.694610860966172}, "orientation": {"y": 0.017249598748614644, "x": -0.0663846892185345, "z": 0.6586118983959419, "w": -0.7493503130523562}, "linear_acceleration": {"y": -122.0, "x": 116.0, "z": 4016.0}}, {"stamp": {"secs": 1526564623, "nsecs": 858671903}, "angular_velocity": {"y": -0.40734828583761845, "x": 0.3961679456780721, "z": -22.240825255447646}, "orientation": {"y": 0.015728019471167892, "x": -0.0675252919857966, "z": 0.7400236584652526, "w": -0.6689977199194708}, "linear_acceleration": {"y": -32.0, "x": 237.0, "z": 4030.0}}, {"stamp": {"secs": 1526564623, "nsecs": 868685007}, "angular_velocity": {"y": -0.040829142918809236, "x": 0.11691526535897931, "z": -21.490333677090085}, "orientation": {"y": 0.011662138283755478, "x": -0.06862037126452372, "z": 0.8097224675203267, "w": -0.5826703740288866}, "linear_acceleration": {"y": 25.0, "x": 123.0, "z": 4051.0}}], "image_final": {"secs": 1526564623, "nsecs": 837458922, "filename": "1526564623.853553888_f.png"}}