{"image_initial": {"secs": 1526564631, "nsecs": 987174732, "filename": "1526564631.987174732_i.png"}, "imu": [{"stamp": {"secs": 1526564631, "nsecs": 980386018}, "angular_velocity": {"y": -0.7389608437165409, "x": 0.01219551023931953, "z": -22.607344398366457}, "orientation": {"y": -0.011857778070098624, "x": -0.0037271900560652826, "z": 0.8587050671491535, "w": 0.5123193426037064}, "linear_acceleration": {"y": -14.0, "x": 70.0, "z": 4078.0}}, {"stamp": {"secs": 1526564631, "nsecs": 990427970}, "angular_velocity": {"y": -0.5469746259971648, "x": -0.28451046259971646, "z": -23.16584975900464}, "orientation": {"y": -0.016510341665590823, "x": -0.00026151065165531603, "z": 0.7964728395187582, "w": 0.6044488035716431}, "linear_acceleration": {"y": 8.0, "x": -34.0, "z": 4052.0}}, {"stamp": {"secs": 1526564632, "nsecs": 880002}, "angular_velocity": {"y": -0.5993345035569946, "x": -0.1797907074800567, "z": -24.090874262561634}, "orientation": {"y": -0.020963989813040398, "x": 0.004188286701174378, "z": 0.717934088059126, "w": 0.6957827351899002}, "linear_acceleration": {"y": -18.0, "x": -11.0, "z": 4099.0}}], "image_final": {"secs": 1526564631, "nsecs": 953810897, "filename": "1526564631.987174732_f.png"}}