{"image_initial": {"secs": 1526564633, "nsecs": 978754118, "filename": "1526564633.978754118_i.png"}, "imu": [{"stamp": {"secs": 1526564633, "nsecs": 950742006}, "angular_velocity": {"y": 0.48276963267948964, "x": 0.08200868031909272, "z": 22.75376286096617}, "orientation": {"y": -0.315944696419527, "x": 0.05942221548797599, "z": 0.6914415064835576, "w": 0.6469594981315461}, "linear_acceleration": {"y": 4.0, "x": 252.0, "z": 4032.0}}, {"stamp": {"secs": 1526564633, "nsecs": 960743904}, "angular_velocity": {"y": 0.744569020478639, "x": -0.45904338779914944, "z": 24.760891500759648}, "orientation": {"y": -0.31742020852064323, "x": 0.018199994014322478, "z": 0.7679653059350181, "w": 0.556005809610587}, "linear_acceleration": {"y": 86.0, "x": 255.0, "z": 4128.0}}, {"stamp": {"secs": 1526564633, "nsecs": 970746994}, "angular_velocity": {"y": 0.6922091429188092, "x": -0.6510296055185257, "z": 24.376919065320894}, "orientation": {"y": -0.31456957180523515, "x": -0.022943302435671914, "z": 0.8310944839786384, "w": 0.45804098950628547}, "linear_acceleration": {"y": 111.0, "x": 128.0, "z": 4074.0}}], "image_final": {"secs": 1526564633, "nsecs": 885983022, "filename": "1526564633.978754118_f.png"}}