{"image_initial": {"secs": 1526564643, "nsecs": 853812944, "filename": "1526564643.853812944_i.png"}, "imu": [{"stamp": {"secs": 1526564643, "nsecs": 854338884}, "angular_velocity": {"y": -1.6290787622336491, "x": 0.745233796076938, "z": -21.83939952748895}, "orientation": {"y": 0.02707421651688563, "x": -0.06281107007589129, "z": 0.6338586939434769, "w": -0.7704186604620814}, "linear_acceleration": {"y": -44.0, "x": 328.0, "z": 4032.0}}, {"stamp": {"secs": 1526564643, "nsecs": 862993001}, "angular_velocity": {"y": -0.9134937689159739, "x": 0.4659811157578452, "z": -21.664866602289518}, "orientation": {"y": 0.02820254831981377, "x": -0.06376115497950252, "z": 0.7053723728370971, "w": -0.7053998490374884}, "linear_acceleration": {"y": -13.0, "x": 176.0, "z": 4040.0}}, {"stamp": {"secs": 1526564643, "nsecs": 872992038}, "angular_velocity": {"y": -0.3724417007977318, "x": 0.11691526535897931, "z": -19.51811162233649}, "orientation": {"y": 0.026518509351669925, "x": -0.06479361013999192, "z": 0.7730732798564814, "w": -0.630441322185288}, "linear_acceleration": {"y": -5.0, "x": 218.0, "z": 4035.0}}], "image_final": {"secs": 1526564643, "nsecs": 820788937, "filename": "1526564643.853812944_f.png"}}