{"image_initial": {"secs": 1526564643, "nsecs": 720048518, "filename": "1526564643.720048518_i.png"}, "imu": [{"stamp": {"secs": 1526564643, "nsecs": 712965965}, "angular_velocity": {"y": -0.9833069389957472, "x": 0.23908831299858238, "z": -28.471650685067402}, "orientation": {"y": 0.022740614612900646, "x": 0.01222478001222359, "z": -0.8083136284051565, "w": -0.5881857677087834}, "linear_acceleration": {"y": 452.0, "x": 107.0, "z": 4170.0}}, {"stamp": {"secs": 1526564643, "nsecs": 723148107}, "angular_velocity": {"y": -2.5366499732707, "x": 1.9495109799530255, "z": -29.326862018544624}, "orientation": {"y": 0.025757693214548738, "x": -0.00823174330158248, "z": -0.7159667041907135, "w": -0.6976105347059846}, "linear_acceleration": {"y": -32.0, "x": 197.0, "z": 4031.0}}, {"stamp": {"secs": 1526564643, "nsecs": 732938051}, "angular_velocity": {"y": -3.496581061867582, "x": 2.525469633111154, "z": -25.853656807075907}, "orientation": {"y": 0.03002019470307426, "x": -0.032991279268113204, "z": -0.6257970092938507, "w": -0.778709487910039}, "linear_acceleration": {"y": -121.0, "x": 626.0, "z": 3963.0}}], "image_final": {"secs": 1526564643, "nsecs": 686340269, "filename": "1526564643.720048518_f.png"}}