{"image_initial": {"secs": 1526564638, "nsecs": 187354815, "filename": "1526564638.187354815_i.png"}, "imu": [{"stamp": {"secs": 1526564638, "nsecs": 161879062}, "angular_velocity": {"y": 1.0063684082777884, "x": -0.37177692519943295, "z": 22.299977255447644}, "orientation": {"y": 0.21332454826287667, "x": -0.1961983904936191, "z": -0.12018074742856778, "w": -0.9495027207036659}, "linear_acceleration": {"y": 98.0, "x": 91.0, "z": 4115.0}}, {"stamp": {"secs": 1526564638, "nsecs": 171865940}, "angular_velocity": {"y": 0.6573025578789226, "x": 0.02964880275926285, "z": 23.190095173964753}, "orientation": {"y": 0.23511234678592074, "x": -0.16834047997573565, "z": -0.23162664277179648, "w": -0.9288340893553717}, "linear_acceleration": {"y": 141.0, "x": -10.0, "z": 4050.0}}, {"stamp": {"secs": 1526564638, "nsecs": 181807994}, "angular_velocity": {"y": 0.36059658503988656, "x": -0.05761765984045364, "z": 22.17780420780804}, "orientation": {"y": 0.25395806599424764, "x": -0.1401599396395087, "z": -0.3349058383143746, "w": -0.8964923711329933}, "linear_acceleration": {"y": 99.0, "x": 255.0, "z": 4150.0}}], "image_final": {"secs": 1526564638, "nsecs": 153677399, "filename": "1526564638.187354815_f.png"}}