{"image_initial": {"secs": 1526564641, "nsecs": 886334331, "filename": "1526564641.886334331_i.png"}, "imu": [{"stamp": {"secs": 1526564641, "nsecs": 872584104}, "angular_velocity": {"y": 1.442700721276371, "x": -0.5288565578789226, "z": 26.907646480712675}, "orientation": {"y": -0.18983991513714163, "x": 0.3039925808447423, "z": -0.20250234709732573, "w": 0.9113408346124681}, "linear_acceleration": {"y": 57.0, "x": -151.0, "z": 4072.0}}, {"stamp": {"secs": 1526564641, "nsecs": 882539987}, "angular_velocity": {"y": 1.093634870877505, "x": -0.6684828980384689, "z": 23.853320289722596}, "orientation": {"y": -0.22238094634433475, "x": 0.27429783734361485, "z": -0.09222246701468971, "w": 0.9310222487724653}, "linear_acceleration": {"y": 204.0, "x": 69.0, "z": 4074.0}}, {"stamp": {"secs": 1526564641, "nsecs": 892546892}, "angular_velocity": {"y": 0.6049426803190927, "x": -0.5114032653589793, "z": 22.666496398366455}, "orientation": {"y": -0.25217883887265774, "x": 0.24199926961497129, "z": 0.014743299197887975, "w": 0.9368163223703033}, "linear_acceleration": {"y": 103.0, "x": -108.0, "z": 4118.0}}], "image_final": {"secs": 1526564641, "nsecs": 853794402, "filename": "1526564641.886334331_f.png"}}