{"image_initial": {"secs": 1526564624, "nsecs": 353780476, "filename": "1526564624.353780476_i.png"}, "imu": [{"stamp": {"secs": 1526564624, "nsecs": 358776092}, "angular_velocity": {"y": 0.22097024488034023, "x": 1.1815661090755203, "z": 8.546782749732328}, "orientation": {"y": 0.06832099512731395, "x": -0.10936768275745522, "z": 0.1816373884238206, "w": -0.9748737409119462}, "linear_acceleration": {"y": 230.0, "x": 1158.0, "z": 3965.0}}, {"stamp": {"secs": 1526564624, "nsecs": 368737936}, "angular_velocity": {"y": -0.2851752381980153, "x": -2.204372639793479, "z": 11.758188573401895}, "orientation": {"y": 0.07891172074266484, "x": -0.09362454320073894, "z": 0.12504889236023, "w": -0.9845659753207828}, "linear_acceleration": {"y": 91.0, "x": 556.0, "z": 4085.0}}, {"stamp": {"secs": 1526564624, "nsecs": 378751993}, "angular_velocity": {"y": -0.6691476736367679, "x": -4.85727310282486, "z": 11.374216137963142}, "orientation": {"y": 0.08924950479048444, "x": -0.06416788019173775, "z": 0.07040071416571604, "w": -0.9914437697072433}, "linear_acceleration": {"y": -80.0, "x": -91.0, "z": 4051.0}}], "image_final": {"secs": 1526564624, "nsecs": 319827316, "filename": "1526564624.353780476_f.png"}}