{"image_initial": {"secs": 1526564641, "nsecs": 964235532, "filename": "1526564641.964235532_i.png"}, "imu": [{"stamp": {"secs": 1526564641, "nsecs": 942542076}, "angular_velocity": {"y": 0.5700360952792061, "x": -0.14488412244017013, "z": 22.683949690886397}, "orientation": {"y": -0.34254765468826076, "x": 0.06858362001077739, "z": 0.5105001752751486, "w": 0.7857143007339447}, "linear_acceleration": {"y": 97.0, "x": 338.0, "z": 4046.0}}, {"stamp": {"secs": 1526564641, "nsecs": 952573060}, "angular_velocity": {"y": 0.622395972839036, "x": -0.14488412244017013, "z": 24.010399922402087}, "orientation": {"y": -0.34468042644199254, "x": 0.027640747527636643, "z": 0.6040347567817905, "w": 0.7180344039831538}, "linear_acceleration": {"y": -36.0, "x": 132.0, "z": 4009.0}}, {"stamp": {"secs": 1526564641, "nsecs": 962809085}, "angular_velocity": {"y": 0.8841953606381854, "x": -0.5812164354387525, "z": 24.13257297004169}, "orientation": {"y": -0.342188158543877, "x": -0.016468044451291707, "z": 0.6894547316286299, "w": 0.6381913825015146}, "linear_acceleration": {"y": 125.0, "x": 332.0, "z": 4051.0}}], "image_final": {"secs": 1526564641, "nsecs": 886334331, "filename": "1526564641.964235532_f.png"}}