{"image_initial": {"secs": 1526564641, "nsecs": 853794402, "filename": "1526564641.853794402_i.png"}, "imu": [{"stamp": {"secs": 1526564641, "nsecs": 832611083}, "angular_velocity": {"y": 0.48276963267948964, "x": -1.1222685035569946, "z": 26.017528562195565}, "orientation": {"y": -0.010344544550430212, "x": 0.37210022065306514, "z": -0.6463128620539684, "w": 0.6661186835178791}, "linear_acceleration": {"y": 0.0, "x": 33.0, "z": 4065.0}}, {"stamp": {"secs": 1526564641, "nsecs": 842569112}, "angular_velocity": {"y": 0.6922091429188092, "x": -0.9651888708775049, "z": 27.274165623631482}, "orientation": {"y": -0.0567323837730363, "x": 0.3641290617946051, "z": -0.5522771937063686, "w": 0.7477843033253825}, "linear_acceleration": {"y": 112.0, "x": 192.0, "z": 4027.0}}, {"stamp": {"secs": 1526564641, "nsecs": 852545976}, "angular_velocity": {"y": 0.8318354830783556, "x": -0.5114032653589793, "z": 28.722788902786778}, "orientation": {"y": -0.10554655342715977, "x": 0.35021051065325165, "z": -0.4418576323587899, "w": 0.8191302436205862}, "linear_acceleration": {"y": -79.0, "x": -84.0, "z": 4008.0}}], "image_final": {"secs": 1526564641, "nsecs": 820080153, "filename": "1526564641.853794402_f.png"}}