{"image_initial": {"secs": 1526564626, "nsecs": 153545097, "filename": "1526564626.153545097_i.png"}, "imu": [{"stamp": {"secs": 1526564626, "nsecs": 149158000}, "angular_velocity": {"y": 1.0587282858376184, "x": -0.6335763129985824, "z": 24.115119677521747}, "orientation": {"y": 0.2059285046616596, "x": -0.24987987003287068, "z": 0.2680589929380447, "w": -0.9073576350178633}, "linear_acceleration": {"y": 171.0, "x": 18.0, "z": 4025.0}}, {"stamp": {"secs": 1526564626, "nsecs": 159270048}, "angular_velocity": {"y": 0.6049426803190927, "x": 0.0645553877991494, "z": 22.91084249364566}, "orientation": {"y": 0.23447389802544702, "x": -0.22241367114437224, "z": 0.1610645296319364, "w": -0.9325300892342715}, "linear_acceleration": {"y": 18.0, "x": 23.0, "z": 4088.0}}, {"stamp": {"secs": 1526564626, "nsecs": 169161081}, "angular_velocity": {"y": 0.46531634015954637, "x": 0.20418172795869574, "z": 21.7589251873294}, "orientation": {"y": 0.25891577952054, "x": -0.1945987747628019, "z": 0.05879474370199904, "w": -0.9442653832949207}, "linear_acceleration": {"y": 175.0, "x": 286.0, "z": 4034.0}}], "image_final": {"secs": 1526564626, "nsecs": 134518501, "filename": "1526564626.153545097_f.png"}}