{"image_initial": {"secs": 1526564636, "nsecs": 19885574, "filename": "1526564636.19885574_i.png"}, "imu": [{"stamp": {"secs": 1526564636, "nsecs": 31721115}, "angular_velocity": {"y": -0.7215075511965976, "x": 0.4659811157578452, "z": -25.103165228718346}, "orientation": {"y": -0.01594312686189972, "x": -0.02302851580113178, "z": 0.4451816378639228, "w": 0.895002130430234}, "linear_acceleration": {"y": -9.0, "x": 180.0, "z": 4061.0}}, {"stamp": {"secs": 1526564636, "nsecs": 41222095}, "angular_velocity": {"y": -0.442254870877505, "x": 0.30890148307835563, "z": -25.103165228718346}, "orientation": {"y": -0.022356743953420567, "x": -0.01804420757946703, "z": 0.3397238645331093, "w": 0.9400863143559318}, "linear_acceleration": {"y": -100.0, "x": 100.0, "z": 4018.0}}, {"stamp": {"secs": 1526564636, "nsecs": 51208019}, "angular_velocity": {"y": -0.09318902047863908, "x": 0.23908831299858238, "z": -25.626764004316644}, "orientation": {"y": -0.027553193541073523, "x": -0.013017649720113586, "z": 0.2213562965634125, "w": 0.974716754905333}, "linear_acceleration": {"y": -98.0, "x": 47.0, "z": 3992.0}}], "image_final": {"secs": 1526564635, "nsecs": 986635904, "filename": "1526564636.19885574_f.png"}}