{"image_initial": {"secs": 1526564624, "nsecs": 301197132, "filename": "1526564624.301197132_i.png"}, "imu": [{"stamp": {"secs": 1526564624, "nsecs": 278753995}, "angular_velocity": {"y": -0.8087740137963142, "x": 0.0645553877991494, "z": -23.724355119642826}, "orientation": {"y": 0.056201638766339254, "x": -0.0176511755498909, "z": -0.38858040444390646, "w": -0.9195298152229188}, "linear_acceleration": {"y": -40.0, "x": 188.0, "z": 4117.0}}, {"stamp": {"secs": 1526564624, "nsecs": 288755893}, "angular_velocity": {"y": -0.7913207212763709, "x": -0.2146972925199433, "z": -22.834237201125717}, "orientation": {"y": 0.06073646710121786, "x": -0.025179638855346975, "z": -0.2852852857098141, "w": -0.956184800709908}, "linear_acceleration": {"y": 5.0, "x": -51.0, "z": 3983.0}}, {"stamp": {"secs": 1526564624, "nsecs": 298737049}, "angular_velocity": {"y": -0.42480157835756166, "x": -0.1274308299202268, "z": -24.75409937831948}, "orientation": {"y": 0.06281914781896553, "x": -0.033090043544040486, "z": -0.169144097098209, "w": -0.9830305580715099}, "linear_acceleration": {"y": -67.0, "x": 93.0, "z": 4201.0}}], "image_final": {"secs": 1526564624, "nsecs": 219839981, "filename": "1526564624.301197132_f.png"}}