{"image_initial": {"secs": 1526564640, "nsecs": 686341632, "filename": "1526564640.686341632_i.png"}, "imu": [{"stamp": {"secs": 1526564640, "nsecs": 662336111}, "angular_velocity": {"y": -0.040829142918809236, "x": -0.07507095236039693, "z": -0.8256353334772214}, "orientation": {"y": 0.2234093987802648, "x": -0.057999854542959854, "z": -0.028942659793085555, "w": -0.9725670053285469}, "linear_acceleration": {"y": -9.0, "x": 49.0, "z": 4066.0}}, {"stamp": {"secs": 1526564640, "nsecs": 672252893}, "angular_velocity": {"y": 0.16861036732051032, "x": 0.09946197283903604, "z": -1.2096077689159739}, "orientation": {"y": 0.22643998081372238, "x": -0.060907144104303, "z": -0.02494070327320549, "w": -0.9717989587390886}, "linear_acceleration": {"y": 17.0, "x": 101.0, "z": 4093.0}}, {"stamp": {"secs": 1526564640, "nsecs": 682279109}, "angular_velocity": {"y": 0.18606365984045362, "x": 0.3961679456780721, "z": -1.1572478913561441}, "orientation": {"y": 0.22940879331487218, "x": -0.06522132038767824, "z": -0.021412265790297147, "w": -0.970906432047099}, "linear_acceleration": {"y": 52.0, "x": 168.0, "z": 4075.0}}], "image_final": {"secs": 1526564640, "nsecs": 657630238, "filename": "1526564640.686341632_f.png"}}