{"image_initial": {"secs": 1526564643, "nsecs": 920043040, "filename": "1526564643.920043040_i.png"}, "imu": [{"stamp": {"secs": 1526564643, "nsecs": 893017053}, "angular_velocity": {"y": -0.21536206811824216, "x": -0.5114032653589793, "z": -19.081779309337907}, "orientation": {"y": 0.015980608906928276, "x": -0.06408238552080527, "z": 0.884887659819777, "w": -0.46109857677464694}, "linear_acceleration": {"y": 75.0, "x": 10.0, "z": 4095.0}}, {"stamp": {"secs": 1526564643, "nsecs": 903166055}, "angular_velocity": {"y": -0.6516943811168245, "x": -0.8779224082777884, "z": -22.223371962927704}, "orientation": {"y": 0.008293054802993296, "x": -0.060429699276146755, "z": 0.9328657126045468, "w": -0.3550225893295244}, "linear_acceleration": {"y": 84.0, "x": -295.0, "z": 4128.0}}, {"stamp": {"secs": 1526564643, "nsecs": 912988901}, "angular_velocity": {"y": -0.9833069389957472, "x": -0.33687034015954637, "z": -22.92150366372543}, "orientation": {"y": 0.003568807581994206, "x": -0.05548346104325971, "z": 0.9681117670809076, "w": -0.2442712746161245}, "linear_acceleration": {"y": 78.0, "x": 4.0, "z": 4103.0}}], "image_final": {"secs": 1526564643, "nsecs": 886321791, "filename": "1526564643.920043040_f.png"}}