{"image_initial": {"secs": 1526564639, "nsecs": 920099388, "filename": "1526564639.920099388_i.png"}, "imu": [{"stamp": {"secs": 1526564639, "nsecs": 912100076}, "angular_velocity": {"y": -1.1229332791552935, "x": 0.30890148307835563, "z": -22.46771805820691}, "orientation": {"y": 0.015090294955262607, "x": -0.058497460285413416, "z": 0.972698725011941, "w": -0.22407034720922875}, "linear_acceleration": {"y": 101.0, "x": 82.0, "z": 4063.0}}, {"stamp": {"secs": 1526564639, "nsecs": 922092914}, "angular_velocity": {"y": -1.3847326669544429, "x": 0.6230607484373349, "z": -23.44510243932373}, "orientation": {"y": 0.014424576141815878, "x": -0.0532905867316468, "z": 0.9929832664367111, "w": -0.10457665870358275}, "linear_acceleration": {"y": 27.0, "x": -52.0, "z": 4100.0}}, {"stamp": {"secs": 1526564639, "nsecs": 932090044}, "angular_velocity": {"y": -1.6290787622336491, "x": 1.094299646475804, "z": -22.450264765686963}, "orientation": {"y": 0.016164302282866735, "x": -0.045782325575294554, "z": 0.9987525246049587, "w": 0.011665701515440231}, "linear_acceleration": {"y": 14.0, "x": 209.0, "z": 4054.0}}], "image_final": {"secs": 1526564639, "nsecs": 886367057, "filename": "1526564639.920099388_f.png"}}