{"image_initial": {"secs": 1526564632, "nsecs": 19741327, "filename": "1526564632.19741327_i.png"}, "imu": [{"stamp": {"secs": 1526564632, "nsecs": 880002}, "angular_velocity": {"y": -0.5993345035569946, "x": -0.1797907074800567, "z": -24.090874262561634}, "orientation": {"y": -0.020963989813040398, "x": 0.004188286701174378, "z": 0.717934088059126, "w": 0.6957827351899002}, "linear_acceleration": {"y": -18.0, "x": -11.0, "z": 4099.0}}, {"stamp": {"secs": 1526564632, "nsecs": 10413885}, "angular_velocity": {"y": -0.4771614559173915, "x": -0.005257782280623763, "z": -23.968701214922028}, "orientation": {"y": -0.023791398631613937, "x": 0.008604992394721997, "z": 0.6375266948736001, "w": 0.7700127510506446}, "linear_acceleration": {"y": 38.0, "x": -49.0, "z": 4048.0}}, {"stamp": {"secs": 1526564632, "nsecs": 21071910}, "angular_velocity": {"y": -0.5120680409572782, "x": 0.3961679456780721, "z": -24.579566453120048}, "orientation": {"y": -0.025674324505935337, "x": 0.01560460621169438, "z": 0.5359357787848082, "w": 0.8437239870623939}, "linear_acceleration": {"y": 5.0, "x": 134.0, "z": 4088.0}}], "image_final": {"secs": 1526564631, "nsecs": 987174732, "filename": "1526564632.19741327_f.png"}}