{"image_initial": {"secs": 1526564649, "nsecs": 752610437, "filename": "1526564649.752610437_i.png"}, "imu": [{"stamp": {"secs": 1526564649, "nsecs": 764909982}, "angular_velocity": {"y": -0.19790877559829884, "x": 0.4834344082777885, "z": -1.7681131295541592}, "orientation": {"y": 0.20295084604466615, "x": 0.21601583112458048, "z": -0.9264251922270368, "w": 0.23213030392520695}, "linear_acceleration": {"y": -1.0, "x": 71.0, "z": 4048.0}}, {"stamp": {"secs": 1526564649, "nsecs": 774523973}, "angular_velocity": {"y": -0.2851752381980153, "x": 0.1518218503988659, "z": -3.007296898470133}, "orientation": {"y": 0.2033516072262211, "x": 0.2106696526613309, "z": -0.93150191945792, "w": 0.21580221345546388}, "linear_acceleration": {"y": 13.0, "x": 76.0, "z": 4056.0}}, {"stamp": {"secs": 1526564649, "nsecs": 784498929}, "angular_velocity": {"y": -0.23281536063818548, "x": 0.0645553877991494, "z": -3.5483489665883754}, "orientation": {"y": 0.20469826091445387, "x": 0.2046910690678969, "z": -0.9368446669777695, "w": 0.19627087959692788}, "linear_acceleration": {"y": 0.0, "x": 51.0, "z": 4052.0}}], "image_final": {"secs": 1526564649, "nsecs": 720103339, "filename": "1526564649.752610437_f.png"}}