{"image_initial": {"secs": 1526564636, "nsecs": 146672248, "filename": "1526564636.146672248_i.png"}, "imu": [{"stamp": {"secs": 1526564636, "nsecs": 121257066}, "angular_velocity": {"y": -0.9309470614359172, "x": 0.32635477559829884, "z": -23.584728779483278}, "orientation": {"y": -0.04829909018146607, "x": 0.029952872862524953, "z": -0.6085990058522338, "w": 0.7914399998550722}, "linear_acceleration": {"y": 6.0, "x": 166.0, "z": 4089.0}}, {"stamp": {"secs": 1526564636, "nsecs": 131243944}, "angular_velocity": {"y": -1.0705734015954635, "x": -0.10997753740028353, "z": -23.026223418845092}, "orientation": {"y": -0.05186363950025802, "x": 0.03155990311498284, "z": -0.6975988486522913, "w": 0.7139117464870276}, "linear_acceleration": {"y": -19.0, "x": 162.0, "z": 4013.0}}, {"stamp": {"secs": 1526564636, "nsecs": 141246080}, "angular_velocity": {"y": -0.6691476736367679, "x": -0.2321505850398866, "z": -23.654541949563054}, "orientation": {"y": -0.05224076408536869, "x": 0.03420986323706227, "z": -0.7791879285495571, "w": 0.6236719969885841}, "linear_acceleration": {"y": -119.0, "x": -43.0, "z": 4057.0}}], "image_final": {"secs": 1526564636, "nsecs": 53693320, "filename": "1526564636.146672248_f.png"}}