{"image_initial": {"secs": 1526564632, "nsecs": 553422435, "filename": "1526564632.553422435_i.png"}, "imu": [{"stamp": {"secs": 1526564632, "nsecs": 540417909}, "angular_velocity": {"y": -0.09318902047863908, "x": 0.3787146531581288, "z": -1.6982999594743864}, "orientation": {"y": 0.1627634233574834, "x": -0.04560868731138563, "z": -0.1197721147682254, "w": -0.9783059624588986}, "linear_acceleration": {"y": -85.0, "x": -28.0, "z": 4044.0}}, {"stamp": {"secs": 1526564632, "nsecs": 550405025}, "angular_velocity": {"y": 0.2384235374002835, "x": 0.8325002586766543, "z": -2.5535112929516077}, "orientation": {"y": 0.1645200981619366, "x": -0.05260252429872326, "z": -0.11029131258057912, "w": -0.9787757343270429}, "linear_acceleration": {"y": -30.0, "x": 68.0, "z": 4060.0}}, {"stamp": {"secs": 1526564632, "nsecs": 560399055}, "angular_velocity": {"y": 0.43040975511965973, "x": 0.9721265988362007, "z": -2.5360580004316646}, "orientation": {"y": 0.16530362485471495, "x": -0.060159096335213456, "z": -0.10091384651480999, "w": -0.9792200928900547}, "linear_acceleration": {"y": 27.0, "x": 202.0, "z": 4050.0}}], "image_final": {"secs": 1526564632, "nsecs": 519676521, "filename": "1526564632.553422435_f.png"}}