{"image_initial": {"secs": 1526564645, "nsecs": 787722408, "filename": "1526564645.787722408_i.png"}, "imu": [{"stamp": {"secs": 1526564645, "nsecs": 803468942}, "angular_velocity": {"y": 0.15115707480056703, "x": 1.0244864763960306, "z": 17.343242179783747}, "orientation": {"y": 0.13255281917256798, "x": 0.33286439721957645, "z": -0.7538526954996365, "w": 0.5507605257105712}, "linear_acceleration": {"y": 134.0, "x": 686.0, "z": 4045.0}}, {"stamp": {"secs": 1526564645, "nsecs": 813468933}, "angular_velocity": {"y": 0.22097024488034023, "x": 0.13436855787892257, "z": 18.652239118779494}, "orientation": {"y": 0.10005161696525942, "x": 0.3432734476966035, "z": -0.7017313762826254, "w": 0.6162191895661938}, "linear_acceleration": {"y": -9.0, "x": 349.0, "z": 4014.0}}, {"stamp": {"secs": 1526564645, "nsecs": 823484897}, "angular_velocity": {"y": 0.5351295102393195, "x": -0.912828993317675, "z": 22.1603509152881}, "orientation": {"y": 0.06500386394529546, "x": 0.34955478254733496, "z": -0.6307540360505707, "w": 0.6897356723241029}, "linear_acceleration": {"y": 191.0, "x": 420.0, "z": 4109.0}}], "image_final": {"secs": 1526564645, "nsecs": 752547843, "filename": "1526564645.787722408_f.png"}}