{"image_initial": {"secs": 1526564624, "nsecs": 553528315, "filename": "1526564624.553528315_i.png"}, "imu": [{"stamp": {"secs": 1526564624, "nsecs": 548777103}, "angular_velocity": {"y": 0.04643731968090725, "x": 0.8499535511965977, "z": -2.5011514153917775}, "orientation": {"y": 0.17137335950364044, "x": -0.059592101971095046, "z": 0.030653437613076328, "w": -0.9829243713519387}, "linear_acceleration": {"y": -29.0, "x": 98.0, "z": 4054.0}}, {"stamp": {"secs": 1526564624, "nsecs": 558794021}, "angular_velocity": {"y": 0.3431432925199433, "x": 1.0244864763960306, "z": -2.640777755551324}, "orientation": {"y": 0.17364107369942908, "x": -0.06758280067772625, "z": 0.041381579240146536, "w": -0.9816154580469153}, "linear_acceleration": {"y": 36.0, "x": 178.0, "z": 4049.0}}, {"stamp": {"secs": 1526564624, "nsecs": 568799018}, "angular_velocity": {"y": 0.43040975511965973, "x": 0.7626870885968813, "z": -2.2044454425527418}, "orientation": {"y": 0.17556329861687128, "x": -0.0738475977723384, "z": 0.05021144899161527, "w": -0.9804095424220335}, "linear_acceleration": {"y": 91.0, "x": 269.0, "z": 4078.0}}], "image_final": {"secs": 1526564624, "nsecs": 520104483, "filename": "1526564624.553528315_f.png"}}