{"image_initial": {"secs": 1526564634, "nsecs": 187147360, "filename": "1526564634.187147360_i.png"}, "imu": [{"stamp": {"secs": 1526564634, "nsecs": 170779943}, "angular_velocity": {"y": 0.44786304763960305, "x": 0.09946197283903604, "z": 21.514579092050194}, "orientation": {"y": 0.23545062603394293, "x": -0.1595629197564515, "z": -0.2644538689882432, "w": -0.9215024842702106}, "linear_acceleration": {"y": 137.0, "x": 100.0, "z": 4018.0}}, {"stamp": {"secs": 1526564634, "nsecs": 180849075}, "angular_velocity": {"y": 0.2035169523603969, "x": 0.20418172795869574, "z": 22.85848261608583}, "orientation": {"y": 0.2541519952500219, "x": -0.13172107587463472, "z": -0.3713126965509207, "w": -0.8832797987393041}, "linear_acceleration": {"y": 30.0, "x": 185.0, "z": 4130.0}}, {"stamp": {"secs": 1526564634, "nsecs": 190783977}, "angular_velocity": {"y": -0.12809560551852572, "x": 0.0645553877991494, "z": 22.10799103772827}, "orientation": {"y": 0.2694865409609965, "x": -0.10438905121527418, "z": -0.4687032106547819, "w": -0.8347438113272546}, "linear_acceleration": {"y": 47.0, "x": 122.0, "z": 3991.0}}], "image_final": {"secs": 1526564634, "nsecs": 153413196, "filename": "1526564634.187147360_f.png"}}