{"image_initial": {"secs": 1526564628, "nsecs": 319849748, "filename": "1526564628.319849748_i.png"}, "imu": [{"stamp": {"secs": 1526564628, "nsecs": 322415113}, "angular_velocity": {"y": -0.3549884082777885, "x": -0.09252424488034024, "z": -26.51688192283375}, "orientation": {"y": 0.06414685390509717, "x": -0.042698439551955576, "z": 0.06932621859186444, "w": -0.9946134424034592}, "linear_acceleration": {"y": -40.0, "x": 194.0, "z": 4060.0}}, {"stamp": {"secs": 1526564628, "nsecs": 329679012}, "angular_velocity": {"y": 0.41295646259971647, "x": 1.216472694115407, "z": -23.584728779483278}, "orientation": {"y": 0.06259061104378923, "x": -0.052928492507266334, "z": 0.15284862296176602, "w": -0.9848442966016331}, "linear_acceleration": {"y": 161.0, "x": 494.0, "z": 4057.0}}, {"stamp": {"secs": 1526564628, "nsecs": 339678049}, "angular_velocity": {"y": 1.215807918517108, "x": 3.1363348713091694, "z": -13.863244845874863}, "orientation": {"y": 0.06013999663615891, "x": -0.07384898774139707, "z": 0.21890682497308128, "w": -0.9710866644097108}, "linear_acceleration": {"y": 322.0, "x": 938.0, "z": 4103.0}}], "image_final": {"secs": 1526564628, "nsecs": 303556618, "filename": "1526564628.319849748_f.png"}}