{"image_initial": {"secs": 1526564635, "nsecs": 819875977, "filename": "1526564635.819875977_i.png"}, "imu": [{"stamp": {"secs": 1526564635, "nsecs": 801170110}, "angular_velocity": {"y": 0.2384235374002835, "x": 0.18672843543875248, "z": -21.019094779051617}, "orientation": {"y": 0.008648201846167604, "x": -0.023335898871560283, "z": 0.03185388317168563, "w": -0.9991826532499296}, "linear_acceleration": {"y": 363.0, "x": -74.0, "z": 4203.0}}, {"stamp": {"secs": 1526564635, "nsecs": 811248064}, "angular_velocity": {"y": -1.3149194968746698, "x": 0.23908831299858238, "z": -22.397904888127133}, "orientation": {"y": 0.01724141761393618, "x": -0.02605240126707141, "z": 0.14224174629962766, "w": -0.9893388153289617}, "linear_acceleration": {"y": 211.0, "x": 33.0, "z": 4133.0}}, {"stamp": {"secs": 1526564635, "nsecs": 821286916}, "angular_velocity": {"y": -2.274850585471551, "x": 0.5532475783575617, "z": -23.183303051524586}, "orientation": {"y": 0.03063906602224247, "x": -0.029628868472920605, "z": 0.255424195933881, "w": -0.9658891540533155}, "linear_acceleration": {"y": 70.0, "x": 106.0, "z": 4080.0}}], "image_final": {"secs": 1526564635, "nsecs": 786108646, "filename": "1526564635.819875977_f.png"}}