{"image_initial": {"secs": 1526564638, "nsecs": 320112583, "filename": "1526564638.320112583_i.png"}, "imu": [{"stamp": {"secs": 1526564638, "nsecs": 312112092}, "angular_velocity": {"y": 0.2907834149601134, "x": -0.10997753740028353, "z": 24.72598491571976}, "orientation": {"y": 0.13185864518637455, "x": 0.2368926003637433, "z": -0.9128201268353325, "w": 0.305376177241849}, "linear_acceleration": {"y": -21.0, "x": 21.0, "z": 4010.0}}, {"stamp": {"secs": 1526564638, "nsecs": 321774959}, "angular_velocity": {"y": 0.7620223129985824, "x": -0.4415900952792061, "z": 22.71885627592628}, "orientation": {"y": 0.10733659229727016, "x": 0.2512689145818379, "z": -0.8747540997666547, "w": 0.40018502403301426}, "linear_acceleration": {"y": -402.0, "x": -273.0, "z": 3964.0}}, {"stamp": {"secs": 1526564638, "nsecs": 331773042}, "angular_velocity": {"y": 1.7045001090755203, "x": -1.5935074015954636, "z": 13.730410628155488}, "orientation": {"y": 0.09939914727895427, "x": 0.26100521332001975, "z": -0.8444652873675113, "w": 0.4570278619201399}, "linear_acceleration": {"y": -296.0, "x": -502.0, "z": 4032.0}}], "image_final": {"secs": 1526564638, "nsecs": 298997762, "filename": "1526564638.320112583_f.png"}}