{"image_initial": {"secs": 1526564628, "nsecs": 485988094, "filename": "1526564628.485988094_i.png"}, "imu": [{"stamp": {"secs": 1526564628, "nsecs": 489753961}, "angular_velocity": {"y": 0.08134390472079384, "x": -0.7382960681182421, "z": 2.874462680750757}, "orientation": {"y": 0.13797447843353966, "x": -0.06957277513935052, "z": 0.0868114945867615, "w": -0.9841678904882107}, "linear_acceleration": {"y": 88.0, "x": 209.0, "z": 4071.0}}, {"stamp": {"secs": 1526564628, "nsecs": 499728918}, "angular_velocity": {"y": -0.12809560551852572, "x": -1.1571750885968812, "z": 4.392899129985823}, "orientation": {"y": 0.14436617419018435, "x": -0.061117955192795004, "z": 0.06513583735152695, "w": -0.9854848177396018}, "linear_acceleration": {"y": 50.0, "x": -12.0, "z": 4084.0}}, {"stamp": {"secs": 1526564628, "nsecs": 509746074}, "angular_velocity": {"y": -0.2851752381980153, "x": -1.1571750885968812, "z": 4.410352422505767}, "orientation": {"y": 0.15143210931747098, "x": -0.05257828811119932, "z": 0.04315283026487043, "w": -0.9861245728238844}, "linear_acceleration": {"y": -3.0, "x": -143.0, "z": 4093.0}}], "image_final": {"secs": 1526564628, "nsecs": 469674547, "filename": "1526564628.485988094_f.png"}}