{"image_initial": {"secs": 1526564646, "nsecs": 53810113, "filename": "1526564646.53810113_i.png"}, "imu": [{"stamp": {"secs": 1526564646, "nsecs": 63478946}, "angular_velocity": {"y": 0.22097024488034023, "x": -0.28451046259971646, "z": 22.945749078685544}, "orientation": {"y": -0.10986314562402393, "x": -0.28520441767262766, "z": 0.800399553349501, "w": -0.5157025153822029}, "linear_acceleration": {"y": 57.0, "x": 346.0, "z": 4085.0}}, {"stamp": {"secs": 1526564646, "nsecs": 73473930}, "angular_velocity": {"y": 0.32569, "x": -0.24960387755982988, "z": 23.364628099164182}, "orientation": {"y": -0.07671180590120387, "x": -0.29518688301992474, "z": 0.7371623055129546, "w": -0.6029691022425467}, "linear_acceleration": {"y": -69.0, "x": -10.0, "z": 4044.0}}, {"stamp": {"secs": 1526564646, "nsecs": 83461999}, "angular_velocity": {"y": 0.7620223129985824, "x": -0.5637631429188092, "z": 24.760891500759648}, "orientation": {"y": -0.04270165422916647, "x": -0.30186148080547653, "z": 0.6589915102924299, "w": -0.6875946512986557}, "linear_acceleration": {"y": 107.0, "x": 145.0, "z": 4110.0}}], "image_final": {"secs": 1526564646, "nsecs": 20067364, "filename": "1526564646.53810113_f.png"}}