{"image_initial": {"secs": 1526564644, "nsecs": 20072217, "filename": "1526564644.20072217_i.png"}, "imu": [{"stamp": {"secs": 1526564644, "nsecs": 13052940}, "angular_velocity": {"y": -0.33753511575784517, "x": 0.7975936736367678, "z": -25.050805351158516}, "orientation": {"y": -0.01951702421835091, "x": 0.005824966836926931, "z": 0.6090407641363079, "w": 0.7928773569394393}, "linear_acceleration": {"y": 57.0, "x": 129.0, "z": 4088.0}}, {"stamp": {"secs": 1526564644, "nsecs": 23027896}, "angular_velocity": {"y": -0.3549884082777885, "x": 0.8499535511965977, "z": -24.230500602721182}, "orientation": {"y": -0.019816365351249567, "x": 0.013143367968091214, "z": 0.5131993594761389, "w": 0.8579399635032757}, "linear_acceleration": {"y": 46.0, "x": 83.0, "z": 4054.0}}, {"stamp": {"secs": 1526564644, "nsecs": 32968044}, "angular_velocity": {"y": -0.5644279185171079, "x": 0.18672843543875248, "z": -25.923469977155683}, "orientation": {"y": -0.02260974782361553, "x": 0.01843056785084212, "z": 0.40296514941283107, "w": 0.9147503494564747}, "linear_acceleration": {"y": 20.0, "x": 224.0, "z": 4073.0}}], "image_final": {"secs": 1526564643, "nsecs": 986335802, "filename": "1526564644.20072217_f.png"}}