{"image_initial": {"secs": 1526564624, "nsecs": 219839981, "filename": "1526564624.219839981_i.png"}, "imu": [{"stamp": {"secs": 1526564624, "nsecs": 208771944}, "angular_velocity": {"y": -0.145548898038469, "x": 0.23908831299858238, "z": -25.399871201557385}, "orientation": {"y": 0.02271221807734326, "x": 0.04221106741972031, "z": -0.9349972918486553, "w": -0.35140069034220117}, "linear_acceleration": {"y": 134.0, "x": 69.0, "z": 4010.0}}, {"stamp": {"secs": 1526564624, "nsecs": 218740940}, "angular_velocity": {"y": -0.23281536063818548, "x": 0.0645553877991494, "z": -26.39470887519415}, "orientation": {"y": 0.0290693926797826, "x": 0.035360087951631376, "z": -0.8832161958214093, "w": -0.4667266716484496}, "linear_acceleration": {"y": 67.0, "x": 263.0, "z": 4128.0}}, {"stamp": {"secs": 1526564624, "nsecs": 228739023}, "angular_velocity": {"y": -0.42480157835756166, "x": -0.07507095236039693, "z": -25.068258643678462}, "orientation": {"y": 0.035589690542827054, "x": 0.02852575671913383, "z": -0.8209877656099142, "w": -0.5691210274181646}, "linear_acceleration": {"y": 108.0, "x": 34.0, "z": 4010.0}}], "image_final": {"secs": 1526564624, "nsecs": 187287554, "filename": "1526564624.219839981_f.png"}}