{"image_initial": {"secs": 1526564631, "nsecs": 819675901, "filename": "1526564631.819675901_i.png"}, "imu": [{"stamp": {"secs": 1526564631, "nsecs": 810406923}, "angular_velocity": {"y": 0.2907834149601134, "x": 0.23908831299858238, "z": -21.211080996770992}, "orientation": {"y": -0.0006718487388618278, "x": -0.0769983434962293, "z": 0.16389389958658973, "w": -0.9834681455931401}, "linear_acceleration": {"y": 284.0, "x": -130.0, "z": 4134.0}}, {"stamp": {"secs": 1526564631, "nsecs": 820395946}, "angular_velocity": {"y": -1.3323727893946131, "x": 0.30890148307835563, "z": -22.886597078685547}, "orientation": {"y": 0.0022663689292840954, "x": -0.07680902983892542, "z": 0.27482124095057303, "w": -0.958419804693886}, "linear_acceleration": {"y": 150.0, "x": 126.0, "z": 4114.0}}, {"stamp": {"secs": 1526564631, "nsecs": 830396890}, "angular_velocity": {"y": -2.327210463031381, "x": 0.5357942858376185, "z": -23.48000902436362}, "orientation": {"y": 0.009877282490341267, "x": -0.07546166894908861, "z": 0.3865083290468051, "w": -0.9191405155837004}, "linear_acceleration": {"y": -89.0, "x": 149.0, "z": 4004.0}}], "image_final": {"secs": 1526564631, "nsecs": 787153222, "filename": "1526564631.819675901_f.png"}}