{"image_initial": {"secs": 1526564637, "nsecs": 854026371, "filename": "1526564637.854026371_i.png"}, "imu": [{"stamp": {"secs": 1526564637, "nsecs": 851739883}, "angular_velocity": {"y": 0.5351295102393195, "x": -0.8604691157578451, "z": 27.169445868511822}, "orientation": {"y": -0.04499486209409651, "x": 0.34275643348426776, "z": -0.3897295088406346, "w": 0.8535832704716719}, "linear_acceleration": {"y": -44.0, "x": -42.0, "z": 4067.0}}, {"stamp": {"secs": 1526564637, "nsecs": 861710071}, "angular_velocity": {"y": 0.8143821905584123, "x": -0.5637631429188092, "z": 29.106761338225528}, "orientation": {"y": -0.09243148013728454, "x": 0.3291933438761194, "z": -0.26346875100978095, "w": 0.9020379044522661}, "linear_acceleration": {"y": -25.0, "x": 100.0, "z": 4043.0}}, {"stamp": {"secs": 1526564637, "nsecs": 871701002}, "angular_velocity": {"y": 1.145994748437335, "x": -0.47649668031909276, "z": 27.343978793711255}, "orientation": {"y": -0.1339695439429851, "x": 0.30997557272045456, "z": -0.13781665285101583, "w": 0.9311143194094252}, "linear_acceleration": {"y": -15.0, "x": -145.0, "z": 4103.0}}], "image_final": {"secs": 1526564637, "nsecs": 819832962, "filename": "1526564637.854026371_f.png"}}