{"image_initial": {"secs": 1526564623, "nsecs": 686154479, "filename": "1526564623.686154479_i.png"}, "imu": [{"stamp": {"secs": 1526564623, "nsecs": 698662996}, "angular_velocity": {"y": -0.0582824354387525, "x": -0.5463098503988659, "z": -28.820716535466264}, "orientation": {"y": 0.027106235175608492, "x": 0.011443607977867386, "z": -0.8456387330063252, "w": -0.532944114415865}, "linear_acceleration": {"y": 422.0, "x": -307.0, "z": 4267.0}}, {"stamp": {"secs": 1526564623, "nsecs": 708636045}, "angular_velocity": {"y": -1.6639853472735355, "x": 0.7801403811168246, "z": -29.431581773664284}, "orientation": {"y": 0.0303160521467802, "x": -0.0024563979686472, "z": -0.7624745499064849, "w": -0.6463029195633861}, "linear_acceleration": {"y": 434.0, "x": -175.0, "z": 4229.0}}, {"stamp": {"secs": 1526564623, "nsecs": 718657016}, "angular_velocity": {"y": -3.2522349665883756, "x": 2.473109755551324, "z": -28.000411787028934}, "orientation": {"y": 0.03254092904505692, "x": -0.02789990928924701, "z": -0.6686835472040851, "w": -0.7423105796747737}, "linear_acceleration": {"y": 222.0, "x": 251.0, "z": 4065.0}}], "image_final": {"secs": 1526564623, "nsecs": 653566469, "filename": "1526564623.686154479_f.png"}}