{"image_initial": {"secs": 1526564628, "nsecs": 19820154, "filename": "1526564628.19820154_i.png"}, "imu": [{"stamp": {"secs": 1526564627, "nsecs": 999670028}, "angular_velocity": {"y": -0.4597081633974483, "x": -0.1274308299202268, "z": -24.80645925587931}, "orientation": {"y": -0.019059199076021376, "x": 0.008238592675029329, "z": 0.6853158635001746, "w": 0.7279498882178124}, "linear_acceleration": {"y": -6.0, "x": 47.0, "z": 4107.0}}, {"stamp": {"secs": 1526564628, "nsecs": 9684085}, "angular_velocity": {"y": -0.40734828583761845, "x": 0.3787146531581288, "z": -23.514915609403506}, "orientation": {"y": -0.020207119656628754, "x": 0.013671159443666009, "z": 0.5990073218025448, "w": 0.8003717886967225}, "linear_acceleration": {"y": 53.0, "x": -8.0, "z": 4056.0}}, {"stamp": {"secs": 1526564628, "nsecs": 19682884}, "angular_velocity": {"y": -0.4771614559173915, "x": 0.3612613606381855, "z": -25.312604738957667}, "orientation": {"y": -0.021628234098431134, "x": 0.019512747756333007, "z": 0.4973776165655807, "w": 0.8670449692514934}, "linear_acceleration": {"y": 6.0, "x": 144.0, "z": 4091.0}}], "image_final": {"secs": 1526564627, "nsecs": 987197811, "filename": "1526564628.19820154_f.png"}}