{"image_initial": {"secs": 1526564631, "nsecs": 685976732, "filename": "1526564631.685976732_i.png"}, "imu": [{"stamp": {"secs": 1526564631, "nsecs": 690622091}, "angular_velocity": {"y": 1.0761815783575617, "x": -1.8378534968746698, "z": -17.790235662862106}, "orientation": {"y": 0.018030724143151773, "x": 0.015495368922804736, "z": -0.94506152519826, "w": -0.326026839568092}, "linear_acceleration": {"y": 70.0, "x": -577.0, "z": 4126.0}}, {"stamp": {"secs": 1526564631, "nsecs": 700390100}, "angular_velocity": {"y": 0.7096624354387524, "x": -1.8553067893946131, "z": -25.679123881876475}, "orientation": {"y": 0.026080293965982743, "x": 0.018940767906608102, "z": -0.8988997066037739, "w": -0.43696725626230304}, "linear_acceleration": {"y": 409.0, "x": -305.0, "z": 4222.0}}, {"stamp": {"secs": 1526564631, "nsecs": 710413932}, "angular_velocity": {"y": -0.49461474843733494, "x": -0.24960387755982988, "z": -28.62873031774689}, "orientation": {"y": 0.030679113639457536, "x": 0.012704748218450742, "z": -0.830410347710326, "w": -0.5561618791095077}, "linear_acceleration": {"y": 416.0, "x": -301.0, "z": 4193.0}}], "image_final": {"secs": 1526564631, "nsecs": 653720717, "filename": "1526564631.685976732_f.png"}}