{"image_initial": {"secs": 1526564637, "nsecs": 655046175, "filename": "1526564637.655046175_i.png"}, "imu": [{"stamp": {"secs": 1526564637, "nsecs": 661668062}, "angular_velocity": {"y": 0.028984027160963932, "x": -0.14488412244017013, "z": -0.02278387755982988}, "orientation": {"y": 0.2999539372364955, "x": -0.1613217510665157, "z": -0.49919548619665816, "w": -0.7967476355346402}, "linear_acceleration": {"y": 140.0, "x": 388.0, "z": 4046.0}}, {"stamp": {"secs": 1526564637, "nsecs": 671654939}, "angular_velocity": {"y": 0.2558768299202268, "x": 0.9372200137963143, "z": 2.612663292951608}, "orientation": {"y": 0.2984675620025292, "x": -0.16148225863076635, "z": -0.5151640093725267, "w": -0.7870493237574097}, "linear_acceleration": {"y": 113.0, "x": 521.0, "z": 4116.0}}, {"stamp": {"secs": 1526564637, "nsecs": 681634902}, "angular_velocity": {"y": 0.7794756055185257, "x": 2.4556564630313806, "z": 12.57849332183923}, "orientation": {"y": 0.29925891352242023, "x": -0.1524219532995971, "z": -0.5704029689194248, "w": -0.7495679448039528}, "linear_acceleration": {"y": 319.0, "x": 1100.0, "z": 4057.0}}], "image_final": {"secs": 1526564637, "nsecs": 619884112, "filename": "1526564637.655046175_f.png"}}