{"image_initial": {"secs": 1526564630, "nsecs": 153460232, "filename": "1526564630.153460232_i.png"}, "imu": [{"stamp": {"secs": 1526564630, "nsecs": 150346040}, "angular_velocity": {"y": 1.0063684082777884, "x": -0.45904338779914944, "z": 24.324559187761064}, "orientation": {"y": 0.23317552469409839, "x": -0.22679166111301413, "z": 0.21439634081264683, "w": -0.9209934452423529}, "linear_acceleration": {"y": 34.0, "x": -50.0, "z": 4003.0}}, {"stamp": {"secs": 1526564630, "nsecs": 160068035}, "angular_velocity": {"y": 1.4252474287564276, "x": -0.2146972925199433, "z": 23.696240657043106}, "orientation": {"y": 0.25467071120874, "x": -0.19601343412281885, "z": 0.10587969830810565, "w": -0.9410159679739758}, "linear_acceleration": {"y": 34.0, "x": -111.0, "z": 4132.0}}, {"stamp": {"secs": 1526564630, "nsecs": 170075893}, "angular_velocity": {"y": 1.0063684082777884, "x": 0.1692751429188092, "z": 21.741471894809457}, "orientation": {"y": 0.2738155341535384, "x": -0.1661388814417104, "z": 0.0011050758530337644, "w": -0.9473234421974729}, "linear_acceleration": {"y": 247.0, "x": 132.0, "z": 4090.0}}], "image_final": {"secs": 1526564630, "nsecs": 135059462, "filename": "1526564630.153460232_f.png"}}