{"image_initial": {"secs": 1526564628, "nsecs": 637685203, "filename": "1526564628.637685203_i.png"}, "imu": [{"stamp": {"secs": 1526564628, "nsecs": 619812011}, "angular_velocity": {"y": -0.19790877559829884, "x": -0.40668351023931953, "z": 1.8970782996339326}, "orientation": {"y": 0.2013364979454417, "x": -0.0632128256153527, "z": 0.04152217133920207, "w": -0.9765980045853393}, "linear_acceleration": {"y": -4.0, "x": 16.0, "z": 4069.0}}, {"stamp": {"secs": 1526564628, "nsecs": 629771947}, "angular_velocity": {"y": -0.2502686531581288, "x": -0.3194170476396031, "z": 1.809811837034216}, "orientation": {"y": 0.20758268523504134, "x": -0.06042450598124668, "z": 0.03184125911321763, "w": -0.975830129728334}, "linear_acceleration": {"y": -18.0, "x": 21.0, "z": 4080.0}}, {"stamp": {"secs": 1526564628, "nsecs": 639780044}, "angular_velocity": {"y": -0.1630021905584123, "x": -0.1797907074800567, "z": 1.1116801362364843}, "orientation": {"y": 0.21320040907444887, "x": -0.05909374101823124, "z": 0.025328153929732186, "w": -0.9748907630916758}, "linear_acceleration": {"y": -20.0, "x": 21.0, "z": 4048.0}}], "image_final": {"secs": 1526564628, "nsecs": 553475753, "filename": "1526564628.637685203_f.png"}}