{"image_initial": {"secs": 1526564626, "nsecs": 53481345, "filename": "1526564626.53481345_i.png"}, "imu": [{"stamp": {"secs": 1526564626, "nsecs": 49122095}, "angular_velocity": {"y": 0.6922091429188092, "x": -0.6161230204786391, "z": 23.364628099164182}, "orientation": {"y": -0.16507520166516249, "x": -0.2997241464189172, "z": 0.9330912446266559, "w": -0.11070836937528955}, "linear_acceleration": {"y": 78.0, "x": 60.0, "z": 4035.0}}, {"stamp": {"secs": 1526564626, "nsecs": 59146881}, "angular_velocity": {"y": 0.9016486531581287, "x": -0.24960387755982988, "z": 22.50941676568696}, "orientation": {"y": -0.13053671069496622, "x": -0.318246805592369, "z": 0.914689660825396, "w": -0.21218379360901618}, "linear_acceleration": {"y": 84.0, "x": 48.0, "z": 4124.0}}, {"stamp": {"secs": 1526564626, "nsecs": 69128036}, "angular_velocity": {"y": 0.8318354830783556, "x": -0.2146972925199433, "z": 21.81128506488923}, "orientation": {"y": -0.09585212424918499, "x": -0.33197572200833486, "z": 0.8865682005891345, "w": -0.3075732692840973}, "linear_acceleration": {"y": 219.0, "x": 275.0, "z": 4039.0}}], "image_final": {"secs": 1526564626, "nsecs": 19767682, "filename": "1526564626.53481345_f.png"}}