{"image_initial": {"secs": 1526564635, "nsecs": 919858817, "filename": "1526564635.919858817_i.png"}, "imu": [{"stamp": {"secs": 1526564635, "nsecs": 911238908}, "angular_velocity": {"y": -1.4719991295541592, "x": 0.01219551023931953, "z": -23.043676711365038}, "orientation": {"y": 0.047749856566420466, "x": -0.05662595692905978, "z": 0.9546434781475925, "w": -0.2883908490746914}, "linear_acceleration": {"y": 88.0, "x": 4.0, "z": 4069.0}}, {"stamp": {"secs": 1526564635, "nsecs": 921219110}, "angular_velocity": {"y": -1.6814386397934789, "x": 0.518340993317675, "z": -22.97386354128526}, "orientation": {"y": 0.04743907393281057, "x": -0.053780686683288316, "z": 0.9823575714641158, "w": -0.17271587591010845}, "linear_acceleration": {"y": 25.0, "x": -7.0, "z": 4099.0}}, {"stamp": {"secs": 1526564635, "nsecs": 931227922}, "angular_velocity": {"y": -1.960691320112572, "x": 1.0070331838760873, "z": -23.043676711365038}, "orientation": {"y": 0.04883381469096601, "x": -0.04889428250311643, "z": 0.9961611006312785, "w": -0.05373703816097275}, "linear_acceleration": {"y": -8.0, "x": 180.0, "z": 4061.0}}], "image_final": {"secs": 1526564635, "nsecs": 886112320, "filename": "1526564635.919858817_f.png"}}