{"image_initial": {"secs": 1526564644, "nsecs": 486330025, "filename": "1526564644.486330025_i.png"}, "imu": [{"stamp": {"secs": 1526564644, "nsecs": 493057012}, "angular_velocity": {"y": 0.028984027160963932, "x": -1.2269882586766543, "z": 4.672151810304916}, "orientation": {"y": 0.13423589058940222, "x": -0.05180767136167598, "z": -0.09390042232386642, "w": -0.9851291293800779}, "linear_acceleration": {"y": 85.0, "x": 69.0, "z": 4082.0}}, {"stamp": {"secs": 1526564644, "nsecs": 503042936}, "angular_velocity": {"y": -0.2502686531581288, "x": -1.2444415511965976, "z": 4.5674320551852565}, "orientation": {"y": 0.14130629117008103, "x": -0.04361422068008333, "z": -0.11765949587346512, "w": -0.9819809442453695}, "linear_acceleration": {"y": 56.0, "x": -106.0, "z": 4075.0}}, {"stamp": {"secs": 1526564644, "nsecs": 513036012}, "angular_velocity": {"y": -0.442254870877505, "x": -0.8953757007977318, "z": 3.10135548351002}, "orientation": {"y": 0.1486196868493202, "x": -0.038287579644131535, "z": -0.13452498916736852, "w": -0.9789531537388925}, "linear_acceleration": {"y": -2.0, "x": -182.0, "z": 4071.0}}], "image_final": {"secs": 1526564644, "nsecs": 479369111, "filename": "1526564644.486330025_f.png"}}