{"image_initial": {"secs": 1526564636, "nsecs": 519890361, "filename": "1526564636.519890361_i.png"}, "imu": [{"stamp": {"secs": 1526564636, "nsecs": 534740924}, "angular_velocity": {"y": -0.5469746259971648, "x": -0.2321505850398866, "z": -0.12750363267948966}, "orientation": {"y": 0.16385003808270324, "x": -0.015983298731347333, "z": -0.13185443788223608, "w": -0.9775029955927095}, "linear_acceleration": {"y": -71.0, "x": -117.0, "z": 4038.0}}, {"stamp": {"secs": 1526564636, "nsecs": 541347980}, "angular_velocity": {"y": -0.12809560551852572, "x": 0.43107453071795865, "z": -1.7157532519943295}, "orientation": {"y": 0.16651876071082156, "x": -0.019311006525800388, "z": -0.12808737545663618, "w": -0.9774928192099025}, "linear_acceleration": {"y": -71.0, "x": 17.0, "z": 4042.0}}, {"stamp": {"secs": 1526564636, "nsecs": 551338911}, "angular_velocity": {"y": 0.2035169523603969, "x": 0.745233796076938, "z": -2.448791537831948}, "orientation": {"y": 0.16868787082513773, "x": -0.026342088838760293, "z": -0.1189680813324441, "w": -0.9781089367837149}, "linear_acceleration": {"y": -11.0, "x": 133.0, "z": 4050.0}}], "image_final": {"secs": 1526564636, "nsecs": 486130364, "filename": "1526564636.519890361_f.png"}}