{"image_initial": {"secs": 1526564638, "nsecs": 298997762, "filename": "1526564638.298997762_i.png"}, "imu": [{"stamp": {"secs": 1526564638, "nsecs": 271893024}, "angular_velocity": {"y": 0.22097024488034023, "x": -0.05761765984045364, "z": 23.643880779483275}, "orientation": {"y": 0.22749361686312702, "x": 0.1563552337787969, "z": -0.95251461521392, "w": -0.1285130458762388}, "linear_acceleration": {"y": 87.0, "x": 35.0, "z": 4025.0}}, {"stamp": {"secs": 1526564638, "nsecs": 281785964}, "angular_velocity": {"y": 0.11625048976068045, "x": -0.5288565578789226, "z": 22.195257500327983}, "orientation": {"y": 0.20833668819360132, "x": 0.17913290180664188, "z": -0.9611959646598163, "w": -0.0246889725290308}, "linear_acceleration": {"y": 22.0, "x": 191.0, "z": 4141.0}}, {"stamp": {"secs": 1526564638, "nsecs": 291780948}, "angular_velocity": {"y": -0.1106423129985824, "x": -0.45904338779914944, "z": 23.102828711365035}, "orientation": {"y": 0.18584723030434327, "x": 0.19977326970915021, "z": -0.9583561450653592, "w": 0.08429084715070527}, "linear_acceleration": {"y": 62.0, "x": 20.0, "z": 4034.0}}], "image_final": {"secs": 1526564638, "nsecs": 219836078, "filename": "1526564638.298997762_f.png"}}