{"image_initial": {"secs": 1526564640, "nsecs": 301234826, "filename": "1526564640.301234826_i.png"}, "imu": [{"stamp": {"secs": 1526564640, "nsecs": 282146930}, "angular_velocity": {"y": -0.6167877960769379, "x": -0.005257782280623763, "z": -23.84652816728243}, "orientation": {"y": 0.04934082966754336, "x": 0.0045489376617815465, "z": -0.4345246643224892, "w": -0.8992958944581565}, "linear_acceleration": {"y": -26.0, "x": 2.0, "z": 4075.0}}, {"stamp": {"secs": 1526564640, "nsecs": 292154073}, "angular_velocity": {"y": -0.6691476736367679, "x": -0.2321505850398866, "z": -22.729517446006057}, "orientation": {"y": 0.055733108327480234, "x": -0.002429820635136839, "z": -0.3337495494002744, "w": -0.9410096465408588}, "linear_acceleration": {"y": 64.0, "x": 74.0, "z": 3999.0}}, {"stamp": {"secs": 1526564640, "nsecs": 302694082}, "angular_velocity": {"y": -0.5469746259971648, "x": -0.2321505850398866, "z": -24.789005963359365}, "orientation": {"y": 0.061211804416112944, "x": -0.010246812903628093, "z": -0.2128282350586038, "w": -0.9751165367212686}, "linear_acceleration": {"y": -80.0, "x": -110.0, "z": 4064.0}}], "image_final": {"secs": 1526564640, "nsecs": 220092499, "filename": "1526564640.301234826_f.png"}}