{"image_initial": {"secs": 1526564629, "nsecs": 976813933, "filename": "1526564629.976813933_i.png"}, "imu": [{"stamp": {"secs": 1526564629, "nsecs": 950016021}, "angular_velocity": {"y": 0.46531634015954637, "x": -0.2670571700797732, "z": 23.08537541884509}, "orientation": {"y": -0.35893680949415774, "x": 0.03186130325705732, "z": 0.47167762548842446, "w": 0.8047791260703264}, "linear_acceleration": {"y": 17.0, "x": 372.0, "z": 4022.0}}, {"stamp": {"secs": 1526564629, "nsecs": 960017919}, "angular_velocity": {"y": 0.9540085307179587, "x": -0.7208427755982988, "z": 24.481638820440555}, "orientation": {"y": -0.3568229295817211, "x": -0.013721333358842699, "z": 0.567847805479362, "w": 0.7416454622984261}, "linear_acceleration": {"y": 11.0, "x": 165.0, "z": 4108.0}}, {"stamp": {"secs": 1526564629, "nsecs": 970118045}, "angular_velocity": {"y": 0.919101945678072, "x": -0.912828993317675, "z": 24.6212651606001}, "orientation": {"y": -0.3500824160713732, "x": -0.060222020476364185, "z": 0.6561724496970829, "w": 0.6657727288391314}, "linear_acceleration": {"y": 132.0, "x": 209.0, "z": 4054.0}}], "image_final": {"secs": 1526564629, "nsecs": 885975231, "filename": "1526564629.976813933_f.png"}}