{"image_initial": {"secs": 1526564637, "nsecs": 720007285, "filename": "1526564637.720007285_i.png"}, "imu": [{"stamp": {"secs": 1526564637, "nsecs": 713407993}, "angular_velocity": {"y": 0.5525828027592629, "x": -1.087361918517108, "z": 32.89412581505322}, "orientation": {"y": 0.31941739488167653, "x": -0.023699188783385974, "z": -0.8479779550221189, "w": -0.4223082571943365}, "linear_acceleration": {"y": -34.0, "x": 300.0, "z": 4122.0}}, {"stamp": {"secs": 1526564637, "nsecs": 721678018}, "angular_velocity": {"y": 0.622395972839036, "x": -3.408649823669566, "z": 34.63945506704756}, "orientation": {"y": 0.32693256827528383, "x": 0.029603669709958366, "z": -0.8963625972935267, "w": -0.2979476677435712}, "linear_acceleration": {"y": 23.0, "x": -49.0, "z": 3975.0}}, {"stamp": {"secs": 1526564637, "nsecs": 731713056}, "angular_velocity": {"y": 0.6573025578789226, "x": -4.543113837465881, "z": 31.23606302565861}, "orientation": {"y": 0.33358157009170963, "x": 0.08986388401993524, "z": -0.9254754992843317, "w": -0.15537991719787542}, "linear_acceleration": {"y": -21.0, "x": -522.0, "z": 4186.0}}], "image_final": {"secs": 1526564637, "nsecs": 686086873, "filename": "1526564637.720007285_f.png"}}