{"image_initial": {"secs": 1526564632, "nsecs": 187173576, "filename": "1526564632.187173576_i.png"}, "imu": [{"stamp": {"secs": 1526564632, "nsecs": 190433979}, "angular_velocity": {"y": 0.44786304763960305, "x": 0.44852782323790197, "z": -26.237629242514657}, "orientation": {"y": 0.00747362813390609, "x": 0.05689101309986852, "z": -0.9983119809243971, "w": 0.00898589193085664}, "linear_acceleration": {"y": 123.0, "x": 35.0, "z": 4030.0}}, {"stamp": {"secs": 1526564632, "nsecs": 200412988}, "angular_velocity": {"y": 0.18606365984045362, "x": 0.20418172795869574, "z": -26.51688192283375}, "orientation": {"y": 0.01205572070896506, "x": 0.05445956067230358, "z": -0.9904377965005702, "w": -0.126181564075987}, "linear_acceleration": {"y": 69.0, "x": 227.0, "z": 4118.0}}, {"stamp": {"secs": 1526564632, "nsecs": 210418939}, "angular_velocity": {"y": 0.15115707480056703, "x": 0.44852782323790197, "z": -26.132909487394997}, "orientation": {"y": 0.014416748964205655, "x": 0.04946186362804605, "z": -0.9652234669952834, "w": -0.2562993175124515}, "linear_acceleration": {"y": 115.0, "x": 76.0, "z": 4027.0}}], "image_final": {"secs": 1526564632, "nsecs": 153423913, "filename": "1526564632.187173576_f.png"}}