{"image_initial": {"secs": 1526564624, "nsecs": 686044078, "filename": "1526564624.686044078_i.png"}, "imu": [{"stamp": {"secs": 1526564624, "nsecs": 658821105}, "angular_velocity": {"y": 0.06389061220085057, "x": -0.022711074800567055, "z": -1.1048880137963142}, "orientation": {"y": 0.21875819300378405, "x": -0.06730710081598064, "z": 0.02502436757492084, "w": -0.9731332838830156}, "linear_acceleration": {"y": -5.0, "x": 66.0, "z": 4052.0}}, {"stamp": {"secs": 1526564624, "nsecs": 668828010}, "angular_velocity": {"y": 0.18606365984045362, "x": 0.08200868031909272, "z": -1.331780816555577}, "orientation": {"y": 0.2219066812714916, "x": -0.06987963998881602, "z": 0.030000109724564305, "w": -0.9720978624287887}, "linear_acceleration": {"y": 24.0, "x": 84.0, "z": 4048.0}}, {"stamp": {"secs": 1526564624, "nsecs": 678838014}, "angular_velocity": {"y": 0.18606365984045362, "x": 0.20418172795869574, "z": -1.1048880137963142}, "orientation": {"y": 0.22515935121013783, "x": -0.0727637344496715, "z": 0.03379618747677267, "w": -0.9710131426626533}, "linear_acceleration": {"y": 49.0, "x": 135.0, "z": 4060.0}}], "image_final": {"secs": 1526564624, "nsecs": 653663898, "filename": "1526564624.686044078_f.png"}}