{"image_initial": {"secs": 1526564640, "nsecs": 320067509, "filename": "1526564640.320067509_i.png"}, "imu": [{"stamp": {"secs": 1526564640, "nsecs": 322168111}, "angular_velocity": {"y": -0.2502686531581288, "x": 0.1692751429188092, "z": -26.412162167714094}, "orientation": {"y": 0.06802253595865067, "x": -0.027703066547087353, "z": 0.027083162719387554, "w": -0.9969312799800983}, "linear_acceleration": {"y": 0.0, "x": 297.0, "z": 4084.0}}, {"stamp": {"secs": 1526564640, "nsecs": 332161903}, "angular_velocity": {"y": 0.6398492653589793, "x": 1.7924313472735356, "z": -21.245987581810876}, "orientation": {"y": 0.06649677719878769, "x": -0.04454097194861447, "z": 0.13019612730796326, "w": -0.9882526240157705}, "linear_acceleration": {"y": 200.0, "x": 639.0, "z": 4046.0}}, {"stamp": {"secs": 1526564640, "nsecs": 342160940}, "angular_velocity": {"y": 1.3030743811168246, "x": 3.6599336469074686, "z": -10.808918654884787}, "orientation": {"y": 0.06486306243134052, "x": -0.06745390385535785, "z": 0.18128795818520294, "w": -0.9789675327628289}, "linear_acceleration": {"y": 315.0, "x": 1134.0, "z": 4110.0}}], "image_final": {"secs": 1526564640, "nsecs": 301234826, "filename": "1526564640.320067509_f.png"}}