{"image_initial": {"secs": 1526564647, "nsecs": 886404100, "filename": "1526564647.886404100_i.png"}, "imu": [{"stamp": {"secs": 1526564647, "nsecs": 873918056}, "angular_velocity": {"y": -0.32008182323790196, "x": 0.1692751429188092, "z": -20.216243323134222}, "orientation": {"y": 0.07062057042574724, "x": -0.04818395877296131, "z": 0.7257980539454431, "w": -0.6825747036322951}, "linear_acceleration": {"y": -56.0, "x": 289.0, "z": 4038.0}}, {"stamp": {"secs": 1526564647, "nsecs": 883923053}, "angular_velocity": {"y": -0.005922557878922596, "x": -0.3019637551196598, "z": -19.44829845225672}, "orientation": {"y": 0.06743397949481365, "x": -0.05352001714671486, "z": 0.7908928719873664, "w": -0.6058685758592236}, "linear_acceleration": {"y": 72.0, "x": -13.0, "z": 4078.0}}, {"stamp": {"secs": 1526564647, "nsecs": 893853902}, "angular_velocity": {"y": -0.2851752381980153, "x": -0.8779224082777884, "z": -21.507786969610027}, "orientation": {"y": 0.061343896670172066, "x": -0.056295670755613446, "z": 0.8531670698916977, "w": -0.5149501671500942}, "linear_acceleration": {"y": 93.0, "x": -16.0, "z": 4116.0}}], "image_final": {"secs": 1526564647, "nsecs": 853928918, "filename": "1526564647.886404100_f.png"}}