{"image_initial": {"secs": 1526564648, "nsecs": 152584224, "filename": "1526564648.152584224_i.png"}, "imu": [{"stamp": {"secs": 1526564648, "nsecs": 163979053}, "angular_velocity": {"y": -0.4597081633974483, "x": 0.1692751429188092, "z": -24.40503352792061}, "orientation": {"y": -0.06475859442564316, "x": 0.048664653538840835, "z": -0.8975778669425838, "w": 0.4333497994908514}, "linear_acceleration": {"y": -64.0, "x": -54.0, "z": 4023.0}}, {"stamp": {"secs": 1526564648, "nsecs": 173933029}, "angular_velocity": {"y": -0.005922557878922596, "x": 0.2565416055185257, "z": -25.17297839879812}, "orientation": {"y": -0.061179319883037556, "x": 0.05610794224286931, "z": -0.9457655071641193, "w": 0.3140646352178422}, "linear_acceleration": {"y": -48.0, "x": 141.0, "z": 4039.0}}, {"stamp": {"secs": 1526564648, "nsecs": 183921098}, "angular_velocity": {"y": 0.39550317007977315, "x": 0.3787146531581288, "z": -25.522044249196984}, "orientation": {"y": -0.05635155128300351, "x": 0.06508997880303752, "z": -0.9784907660654341, "w": 0.18746631177920745}, "linear_acceleration": {"y": 75.0, "x": 16.0, "z": 4075.0}}], "image_final": {"secs": 1526564648, "nsecs": 120748701, "filename": "1526564648.152584224_f.png"}}