{"image_initial": {"secs": 1526564644, "nsecs": 306020008, "filename": "1526564644.306020008_i.png"}, "imu": [{"stamp": {"secs": 1526564644, "nsecs": 282968044}, "angular_velocity": {"y": -0.4597081633974483, "x": -0.09252424488034024, "z": -22.53753122828668}, "orientation": {"y": 0.04907439966211814, "x": -0.004091256076933639, "z": -0.44629043890545167, "w": -0.8935322093036685}, "linear_acceleration": {"y": 11.0, "x": -9.0, "z": 4092.0}}, {"stamp": {"secs": 1526564644, "nsecs": 292969942}, "angular_velocity": {"y": -0.6342410885968812, "x": -0.4939499728390361, "z": -24.439940112960503}, "orientation": {"y": 0.054836946528933214, "x": -0.010066281129368996, "z": -0.33813563693661436, "w": -0.9394444476993183}, "linear_acceleration": {"y": 23.0, "x": 86.0, "z": 4079.0}}, {"stamp": {"secs": 1526564644, "nsecs": 302973031}, "angular_velocity": {"y": -0.42480157835756166, "x": -0.3019637551196598, "z": -24.509753283040272}, "orientation": {"y": 0.0587160226440672, "x": -0.016708263368487377, "z": -0.22485841224985895, "w": -0.972477227013848}, "linear_acceleration": {"y": -37.0, "x": -120.0, "z": 4099.0}}], "image_final": {"secs": 1526564644, "nsecs": 220536067, "filename": "1526564644.306020008_f.png"}}