{"image_initial": {"secs": 1526564633, "nsecs": 853507509, "filename": "1526564633.853507509_i.png"}, "imu": [{"stamp": {"secs": 1526564633, "nsecs": 850940942}, "angular_velocity": {"y": 0.6922091429188092, "x": -0.5812164354387525, "z": 27.64068476655029}, "orientation": {"y": -0.06345853580812374, "x": 0.33915701439320883, "z": -0.3495888420210606, "w": 0.8710529119148547}, "linear_acceleration": {"y": -21.0, "x": 44.0, "z": 4018.0}}, {"stamp": {"secs": 1526564633, "nsecs": 860779047}, "angular_velocity": {"y": 0.9540085307179587, "x": -0.47649668031909276, "z": 28.792602072866547}, "orientation": {"y": -0.10884135801967557, "x": 0.32367792754080266, "z": -0.22379117208476, "w": 0.9128546813728092}, "linear_acceleration": {"y": -37.0, "x": -2.0, "z": 4046.0}}, {"stamp": {"secs": 1526564633, "nsecs": 870723009}, "angular_velocity": {"y": 1.268167796076938, "x": -0.42413680275926285, "z": 26.89019318819273}, "orientation": {"y": -0.14827038923100916, "x": 0.30285058164109774, "z": -0.09908598395904694, "w": 0.9362047770972978}, "linear_acceleration": {"y": 17.0, "x": -57.0, "z": 4065.0}}], "image_final": {"secs": 1526564633, "nsecs": 819674263, "filename": "1526564633.853507509_f.png"}}