{"image_initial": {"secs": 1526564640, "nsecs": 486382946, "filename": "1526564640.486382946_i.png"}, "imu": [{"stamp": {"secs": 1526564640, "nsecs": 492208003}, "angular_velocity": {"y": 0.18606365984045362, "x": -0.7732026531581287, "z": 3.3457015787892264}, "orientation": {"y": 0.13986296055912834, "x": -0.05847324799998092, "z": 0.03260666424152462, "w": -0.9879048724340865}, "linear_acceleration": {"y": 88.0, "x": 142.0, "z": 4093.0}}, {"stamp": {"secs": 1526564640, "nsecs": 502207040}, "angular_velocity": {"y": -0.145548898038469, "x": -0.9826421633974483, "z": 4.654698517784973}, "orientation": {"y": 0.1463770483325553, "x": -0.05091174931318181, "z": 0.009008811323954487, "w": -0.9878768115619729}, "linear_acceleration": {"y": 35.0, "x": -53.0, "z": 4104.0}}, {"stamp": {"secs": 1526564640, "nsecs": 512197971}, "angular_velocity": {"y": -0.42480157835756166, "x": -1.1746283811168245, "z": 4.3056326673861065}, "orientation": {"y": 0.1539996930815872, "x": -0.04263731773775867, "z": -0.012819176226935788, "w": -0.9870672836173676}, "linear_acceleration": {"y": -36.0, "x": -161.0, "z": 4079.0}}], "image_final": {"secs": 1526564640, "nsecs": 475372499, "filename": "1526564640.486382946_f.png"}}