{"image_initial": {"secs": 1526564628, "nsecs": 153457405, "filename": "1526564628.153457405_i.png"}, "imu": [{"stamp": {"secs": 1526564628, "nsecs": 149624109}, "angular_velocity": {"y": -0.2502686531581288, "x": 0.02964880275926285, "z": -23.706901827122884}, "orientation": {"y": -0.007225228168087757, "x": 0.05504886842222572, "z": -0.8841955925379547, "w": 0.4638055328473419}, "linear_acceleration": {"y": -20.0, "x": -43.0, "z": 4019.0}}, {"stamp": {"secs": 1526564628, "nsecs": 159622907}, "angular_velocity": {"y": -0.1106423129985824, "x": -0.09252424488034024, "z": -25.818750222036023}, "orientation": {"y": -0.0019901192860982456, "x": 0.05439121078542536, "z": -0.9378685734096315, "w": 0.3426954546315213}, "linear_acceleration": {"y": -29.0, "x": 86.0, "z": 4095.0}}, {"stamp": {"secs": 1526564628, "nsecs": 169686079}, "angular_velocity": {"y": 0.2558768299202268, "x": 0.30890148307835563, "z": -24.928632303518917}, "orientation": {"y": 0.0018750459526704847, "x": 0.05554683431786663, "z": -0.9741743215077114, "w": 0.21885023352724392}, "linear_acceleration": {"y": 44.0, "x": 18.0, "z": 4025.0}}], "image_final": {"secs": 1526564628, "nsecs": 128614965, "filename": "1526564628.153457405_f.png"}}