{"image_initial": {"secs": 1526564624, "nsecs": 319827316, "filename": "1526564624.319827316_i.png"}, "imu": [{"stamp": {"secs": 1526564624, "nsecs": 318780899}, "angular_velocity": {"y": 0.15115707480056703, "x": 0.23908831299858238, "z": -26.499428630313812}, "orientation": {"y": 0.0606644996278334, "x": -0.05144139387135982, "z": 0.0800923771178839, "w": -0.9936089837602531}, "linear_acceleration": {"y": -34.0, "x": 220.0, "z": 4034.0}}, {"stamp": {"secs": 1526564624, "nsecs": 328738927}, "angular_velocity": {"y": 0.8841953606381854, "x": 1.687711592153876, "z": -20.82710856133224}, "orientation": {"y": 0.05619094644494794, "x": -0.06654809333272262, "z": 0.18049270479218427, "w": -0.9797123620370427}, "linear_acceleration": {"y": 200.0, "x": 506.0, "z": 4087.0}}, {"stamp": {"secs": 1526564624, "nsecs": 338732957}, "angular_velocity": {"y": 1.4252474287564276, "x": 3.5552138917878082, "z": -10.163146831646884}, "orientation": {"y": 0.05394086320516434, "x": -0.08821053687002825, "z": 0.22831124106182657, "w": -0.968082259762357}, "linear_acceleration": {"y": 384.0, "x": 875.0, "z": 4122.0}}], "image_final": {"secs": 1526564624, "nsecs": 301197132, "filename": "1526564624.319827316_f.png"}}