{"image_initial": {"secs": 1526564628, "nsecs": 353487162, "filename": "1526564628.353487162_i.png"}, "imu": [{"stamp": {"secs": 1526564628, "nsecs": 359762907}, "angular_velocity": {"y": 0.5874893877991494, "x": 2.3334834153917776, "z": 6.2254948445798695}, "orientation": {"y": 0.07040581421626955, "x": -0.1053924500950169, "z": 0.19992654437267307, "w": -0.9715785246920163}, "linear_acceleration": {"y": 232.0, "x": 1082.0, "z": 3999.0}}, {"stamp": {"secs": 1526564628, "nsecs": 369715929}, "angular_velocity": {"y": 0.06389061220085057, "x": -1.2095349661567112, "z": 10.868070654884788}, "orientation": {"y": 0.07940945385385974, "x": -0.09504563986365944, "z": 0.14753270346881547, "w": -0.981271912564872}, "linear_acceleration": {"y": 76.0, "x": 550.0, "z": 4033.0}}, {"stamp": {"secs": 1526564628, "nsecs": 379667997}, "angular_velocity": {"y": -0.42480157835756166, "x": -4.2813144496667315, "z": 11.496389185602746}, "orientation": {"y": 0.08853428799252405, "x": -0.06869155314842443, "z": 0.09268950353818142, "w": -0.9893693983086193}, "linear_acceleration": {"y": -40.0, "x": -133.0, "z": 4072.0}}], "image_final": {"secs": 1526564628, "nsecs": 319849748, "filename": "1526564628.353487162_f.png"}}