{"image_initial": {"secs": 1526564640, "nsecs": 120086907, "filename": "1526564640.120086907_i.png"}, "imu": [{"stamp": {"secs": 1526564640, "nsecs": 132375955}, "angular_velocity": {"y": -0.8960404763960306, "x": 0.11691526535897931, "z": -22.746970738526002}, "orientation": {"y": -0.02799602044428634, "x": 0.04764272222517924, "z": -0.7422087628260252, "w": 0.6678866267881987}, "linear_acceleration": {"y": 6.0, "x": 143.0, "z": 4031.0}}, {"stamp": {"secs": 1526564640, "nsecs": 142122983}, "angular_velocity": {"y": -0.6342410885968812, "x": -0.09252424488034024, "z": -24.073420970041692}, "orientation": {"y": -0.026432988058360696, "x": 0.04782574818414129, "z": -0.8174335920076332, "w": 0.5734250758472564}, "linear_acceleration": {"y": -119.0, "x": -101.0, "z": 4080.0}}, {"stamp": {"secs": 1526564640, "nsecs": 152149915}, "angular_velocity": {"y": -0.33753511575784517, "x": -0.005257782280623763, "z": -23.654541949563054}, "orientation": {"y": -0.023973859709618774, "x": 0.048903034057579994, "z": -0.8813265788934991, "w": 0.46935829453251143}, "linear_acceleration": {"y": -4.0, "x": 86.0, "z": 4018.0}}], "image_final": {"secs": 1526564640, "nsecs": 119383832, "filename": "1526564640.120086907_f.png"}}