{"image_initial": {"secs": 1526564636, "nsecs": 186106592, "filename": "1526564636.186106592_i.png"}, "imu": [{"stamp": {"secs": 1526564636, "nsecs": 181241035}, "angular_velocity": {"y": 0.6398492653589793, "x": 0.692873918517108, "z": -26.44706875275398}, "orientation": {"y": -0.04055710837860517, "x": 0.06122780120451191, "z": -0.9858565416059886, "w": 0.15064247970710867}, "linear_acceleration": {"y": 35.0, "x": 81.0, "z": 4143.0}}, {"stamp": {"secs": 1526564636, "nsecs": 191267967}, "angular_velocity": {"y": 0.3780498775598299, "x": 0.43107453071795865, "z": -26.7786813106329}, "orientation": {"y": -0.03541701962434866, "x": 0.06689368708592197, "z": -0.9970385677585621, "w": 0.013600137901295793}, "linear_acceleration": {"y": 162.0, "x": 181.0, "z": 4040.0}}, {"stamp": {"secs": 1526564636, "nsecs": 201447963}, "angular_velocity": {"y": 0.2384235374002835, "x": 0.6230607484373349, "z": -26.656508262993302}, "orientation": {"y": -0.030207131837352505, "x": 0.06987064160708617, "z": -0.9892357738359041, "w": -0.12497282260897832}, "linear_acceleration": {"y": 113.0, "x": 181.0, "z": 4133.0}}], "image_final": {"secs": 1526564636, "nsecs": 153706244, "filename": "1526564636.186106592_f.png"}}