{"image_initial": {"secs": 1526564642, "nsecs": 186746607, "filename": "1526564642.186746607_i.png"}, "imu": [{"stamp": {"secs": 1526564642, "nsecs": 192770957}, "angular_velocity": {"y": -0.2502686531581288, "x": -0.2146972925199433, "z": 22.96320237120549}, "orientation": {"y": 0.3029330355827492, "x": -0.08908052428580138, "z": -0.36406067398835074, "w": -0.8762169033982026}, "linear_acceleration": {"y": -16.0, "x": 23.0, "z": 4000.0}}, {"stamp": {"secs": 1526564642, "nsecs": 202630996}, "angular_velocity": {"y": 0.13370378228062374, "x": -0.40668351023931953, "z": 23.050468833805205}, "orientation": {"y": 0.31222686043351155, "x": -0.054678906171737665, "z": -0.46327313090220673, "w": -0.8275884309412269}, "linear_acceleration": {"y": -4.0, "x": 208.0, "z": 4079.0}}, {"stamp": {"secs": 1526564642, "nsecs": 212618112}, "angular_velocity": {"y": 0.13370378228062374, "x": -0.197244, "z": 23.43444126924396}, "orientation": {"y": 0.31602552428130315, "x": -0.0195627280748558, "z": -0.5593263792524846, "w": -0.7660934467447835}, "linear_acceleration": {"y": -41.0, "x": -3.0, "z": 4000.0}}], "image_final": {"secs": 1526564642, "nsecs": 154755170, "filename": "1526564642.186746607_f.png"}}