{"image_initial": {"secs": 1526564635, "nsecs": 886112320, "filename": "1526564635.886112320_i.png"}, "imu": [{"stamp": {"secs": 1526564635, "nsecs": 871226072}, "angular_velocity": {"y": -0.07573572795869576, "x": -0.10997753740028353, "z": -21.176174411731104}, "orientation": {"y": 0.060236561701949125, "x": -0.049755505794270495, "z": 0.734152222932825, "w": -0.6744749512326423}, "linear_acceleration": {"y": 28.0, "x": 232.0, "z": 4083.0}}, {"stamp": {"secs": 1526564635, "nsecs": 881169080}, "angular_velocity": {"y": 0.028984027160963932, "x": -0.14488412244017013, "z": -20.4082295408536}, "orientation": {"y": 0.05715892869515407, "x": -0.054970789926153445, "z": 0.8007654140051241, "w": -0.5937051632405762}, "linear_acceleration": {"y": 127.0, "x": 58.0, "z": 4150.0}}, {"stamp": {"secs": 1526564635, "nsecs": 891200065}, "angular_velocity": {"y": -0.40734828583761845, "x": -0.37177692519943295, "z": -21.15872111921116}, "orientation": {"y": 0.05330495632387322, "x": -0.05760415420429512, "z": 0.8611964193312777, "w": -0.5021763339512368}, "linear_acceleration": {"y": 131.0, "x": 40.0, "z": 4118.0}}], "image_final": {"secs": 1526564635, "nsecs": 853614724, "filename": "1526564635.886112320_f.png"}}