{"image_initial": {"secs": 1526564628, "nsecs": 219821161, "filename": "1526564628.219821161_i.png"}, "imu": [{"stamp": {"secs": 1526564628, "nsecs": 229703903}, "angular_velocity": {"y": -0.40734828583761845, "x": -0.022711074800567055, "z": -25.050805351158516}, "orientation": {"y": 0.030543273455479147, "x": 0.03262406093782743, "z": -0.848150624225203, "w": -0.5278667423895421}, "linear_acceleration": {"y": 96.0, "x": 0.0, "z": 3962.0}}, {"stamp": {"secs": 1526564628, "nsecs": 239682912}, "angular_velocity": {"y": -0.49461474843733494, "x": -0.07507095236039693, "z": -25.801296929516077}, "orientation": {"y": 0.037460125506845146, "x": 0.025398263013962214, "z": -0.7766704875838543, "w": -0.6282790947892051}, "linear_acceleration": {"y": 40.0, "x": 126.0, "z": 4155.0}}, {"stamp": {"secs": 1526564628, "nsecs": 249706983}, "angular_velocity": {"y": -0.442254870877505, "x": 0.6056074559173915, "z": -23.44510243932373}, "orientation": {"y": 0.04072931010970548, "x": 0.016238280701701198, "z": -0.7013699900944732, "w": -0.7114475233864538}, "linear_acceleration": {"y": 77.0, "x": 70.0, "z": 3981.0}}], "image_final": {"secs": 1526564628, "nsecs": 187213068, "filename": "1526564628.219821161_f.png"}}