{"image_initial": {"secs": 1526564625, "nsecs": 987742332, "filename": "1526564625.987742332_i.png"}, "imu": [{"stamp": {"secs": 1526564625, "nsecs": 979089975}, "angular_velocity": {"y": 0.7794756055185257, "x": -0.9826421633974483, "z": 25.720822589356526}, "orientation": {"y": -0.3482533929930625, "x": -0.07235073244014999, "z": 0.6980984131207846, "w": 0.621404499004019}, "linear_acceleration": {"y": 46.0, "x": -96.0, "z": 4140.0}}, {"stamp": {"secs": 1526564625, "nsecs": 989119052}, "angular_velocity": {"y": 0.6398492653589793, "x": -0.6161230204786391, "z": 25.773182466916357}, "orientation": {"y": -0.3339718839169766, "x": -0.11769473323238644, "z": 0.7734411452494373, "w": 0.5257371257173509}, "linear_acceleration": {"y": 67.0, "x": 29.0, "z": 4050.0}}, {"stamp": {"secs": 1526564625, "nsecs": 999412059}, "angular_velocity": {"y": 0.39550317007977315, "x": -0.24960387755982988, "z": 25.616102834236866}, "orientation": {"y": -0.3128337749369308, "x": -0.15999046311332893, "z": 0.8374318911198787, "w": 0.41862382720871943}, "linear_acceleration": {"y": -19.0, "x": -84.0, "z": 4056.0}}], "image_final": {"secs": 1526564625, "nsecs": 984879451, "filename": "1526564625.987742332_f.png"}}