{"image_initial": {"secs": 1526564641, "nsecs": 986310258, "filename": "1526564641.986310258_i.png"}, "imu": [{"stamp": {"secs": 1526564641, "nsecs": 982894897}, "angular_velocity": {"y": 0.8143821905584123, "x": -0.8779224082777884, "z": 25.371756738957664}, "orientation": {"y": -0.3223966773712596, "x": -0.10709714987124909, "z": 0.8293108227190454, "w": 0.4436599398531349}, "linear_acceleration": {"y": 138.0, "x": 120.0, "z": 4070.0}}, {"stamp": {"secs": 1526564641, "nsecs": 992563962}, "angular_velocity": {"y": 0.46531634015954637, "x": -0.40668351023931953, "z": 25.52883637163715}, "orientation": {"y": -0.3042215346672773, "x": -0.14660930631409583, "z": 0.8786380315759911, "w": 0.33756507315635315}, "linear_acceleration": {"y": 57.0, "x": -198.0, "z": 4023.0}}, {"stamp": {"secs": 1526564642, "nsecs": 2547979}, "angular_velocity": {"y": 0.2733301224401701, "x": -0.14488412244017013, "z": 24.15002626256163}, "orientation": {"y": -0.2813546484228902, "x": -0.18104598971962518, "z": 0.9140271424709968, "w": 0.22938241921206004}, "linear_acceleration": {"y": 105.0, "x": 177.0, "z": 4090.0}}], "image_final": {"secs": 1526564641, "nsecs": 964235532, "filename": "1526564641.986310258_f.png"}}