{"image_initial": {"secs": 1526564635, "nsecs": 786108646, "filename": "1526564635.786108646_i.png"}, "imu": [{"stamp": {"secs": 1526564635, "nsecs": 781147956}, "angular_velocity": {"y": 1.8266731567151233, "x": -0.5114032653589793, "z": -21.176174411731104}, "orientation": {"y": 0.013118457704135649, "x": -0.021119450606179736, "z": -0.17316999571827923, "w": -0.9845780961693639}, "linear_acceleration": {"y": 113.0, "x": 56.0, "z": 4092.0}}, {"stamp": {"secs": 1526564635, "nsecs": 791241884}, "angular_velocity": {"y": 1.390340843716541, "x": -0.3019637551196598, "z": -21.437973799530255}, "orientation": {"y": 0.007970538937209016, "x": -0.020682124349519954, "z": -0.06948292600799921, "w": -0.9973368755013565}, "linear_acceleration": {"y": 305.0, "x": 34.0, "z": 4183.0}}, {"stamp": {"secs": 1526564635, "nsecs": 801170110}, "angular_velocity": {"y": 0.2384235374002835, "x": 0.18672843543875248, "z": -21.019094779051617}, "orientation": {"y": 0.008648201846167604, "x": -0.023335898871560283, "z": 0.03185388317168563, "w": -0.9991826532499296}, "linear_acceleration": {"y": 363.0, "x": -74.0, "z": 4203.0}}], "image_final": {"secs": 1526564635, "nsecs": 754782202, "filename": "1526564635.786108646_f.png"}}