{"image_initial": {"secs": 1526564637, "nsecs": 979123483, "filename": "1526564637.979123483_i.png"}, "imu": [{"stamp": {"secs": 1526564637, "nsecs": 951778888}, "angular_velocity": {"y": 0.5351295102393195, "x": -0.005257782280623763, "z": 22.090537745208323}, "orientation": {"y": -0.3138766611825517, "x": 0.07235624534222433, "z": 0.6704585189096509, "w": 0.6683796748453281}, "linear_acceleration": {"y": 8.0, "x": 180.0, "z": 4023.0}}, {"stamp": {"secs": 1526564637, "nsecs": 961792945}, "angular_velocity": {"y": 0.6573025578789226, "x": -0.47649668031909276, "z": 24.18493284760152}, "orientation": {"y": -0.3172163182576569, "x": 0.032468238344910076, "z": 0.748264823869717, "w": 0.5817382351960856}, "linear_acceleration": {"y": 141.0, "x": 271.0, "z": 4070.0}}, {"stamp": {"secs": 1526564637, "nsecs": 971750020}, "angular_velocity": {"y": 0.7271157279586957, "x": -0.7382960681182421, "z": 24.010399922402087}, "orientation": {"y": -0.3162687578631254, "x": -0.008686858740941128, "z": 0.8135897815708535, "w": 0.4878219742984338}, "linear_acceleration": {"y": 21.0, "x": 23.0, "z": 4064.0}}], "image_final": {"secs": 1526564637, "nsecs": 886169471, "filename": "1526564637.979123483_f.png"}}