{"image_initial": {"secs": 1526564624, "nsecs": 387348973, "filename": "1526564624.387348973_i.png"}, "imu": [{"stamp": {"secs": 1526564624, "nsecs": 398791074}, "angular_velocity": {"y": -0.49461474843733494, "x": -2.989770803190927, "z": 5.946242164260776}, "orientation": {"y": 0.1058123746833149, "x": -0.017387851149249654, "z": -0.00400265406709805, "w": -0.9942260219671927}, "linear_acceleration": {"y": -144.0, "x": -856.0, "z": 4110.0}}, {"stamp": {"secs": 1526564624, "nsecs": 408773899}, "angular_velocity": {"y": -0.3549884082777885, "x": -0.2321505850398866, "z": 2.0192513472735354}, "orientation": {"y": 0.11207673910462548, "x": -0.01629465098194799, "z": -0.015885184408964647, "w": -0.9934389512281786}, "linear_acceleration": {"y": -120.0, "x": -650.0, "z": 4065.0}}, {"stamp": {"secs": 1526564624, "nsecs": 418757915}, "angular_velocity": {"y": -0.0582824354387525, "x": 1.9495109799530255, "z": -2.0124592248333655}, "orientation": {"y": 0.11638931156557121, "x": -0.028238612798785666, "z": -0.008913902241090474, "w": -0.9927621322589459}, "linear_acceleration": {"y": -56.0, "x": -214.0, "z": 4057.0}}], "image_final": {"secs": 1526564624, "nsecs": 353780476, "filename": "1526564624.387348973_f.png"}}