{"image_initial": {"secs": 1526564649, "nsecs": 786345270, "filename": "1526564649.786345270_i.png"}, "imu": [{"stamp": {"secs": 1526564649, "nsecs": 784498929}, "angular_velocity": {"y": -0.23281536063818548, "x": 0.0645553877991494, "z": -3.5483489665883754}, "orientation": {"y": 0.20469826091445387, "x": 0.2046910690678969, "z": -0.9368446669777695, "w": 0.19627087959692788}, "linear_acceleration": {"y": 0.0, "x": 51.0, "z": 4052.0}}, {"stamp": {"secs": 1526564649, "nsecs": 794466972}, "angular_velocity": {"y": -0.21536206811824216, "x": 0.2565416055185257, "z": -3.530895674068432}, "orientation": {"y": 0.20497092769610303, "x": 0.19897561811957057, "z": -0.9419234061429308, "w": 0.1765670386947494}, "linear_acceleration": {"y": 18.0, "x": 79.0, "z": 4075.0}}, {"stamp": {"secs": 1526564649, "nsecs": 804758071}, "angular_velocity": {"y": -0.09318902047863908, "x": 0.5357942858376185, "z": -3.04220348351002}, "orientation": {"y": 0.2033244469996895, "x": 0.19437113098998823, "z": -0.9465015403422895, "w": 0.1581577276632928}, "linear_acceleration": {"y": 30.0, "x": 135.0, "z": 4062.0}}], "image_final": {"secs": 1526564649, "nsecs": 752610437, "filename": "1526564649.786345270_f.png"}}