{"image_initial": {"secs": 1526564631, "nsecs": 919713572, "filename": "1526564631.919713572_i.png"}, "imu": [{"stamp": {"secs": 1526564631, "nsecs": 931210041}, "angular_velocity": {"y": -1.5243590071139892, "x": 0.8848601362364843, "z": -23.148396466484698}, "orientation": {"y": -0.003720395802649458, "x": -0.04820754889026447, "z": 0.9987235273677848, "w": -0.014611870760235412}, "linear_acceleration": {"y": 27.0, "x": 59.0, "z": 4019.0}}, {"stamp": {"secs": 1526564631, "nsecs": 940406084}, "angular_velocity": {"y": -1.7163452248333655, "x": 1.216472694115407, "z": -23.235662929084416}, "orientation": {"y": -0.0017633713618253396, "x": -0.038193440810948845, "z": 0.9946715477580105, "w": 0.09574269518425112}, "linear_acceleration": {"y": -53.0, "x": 248.0, "z": 4061.0}}, {"stamp": {"secs": 1526564631, "nsecs": 950386047}, "angular_velocity": {"y": -1.4719991295541592, "x": 1.0593930614359173, "z": -22.659704275926284}, "orientation": {"y": -0.0003337289824758968, "x": -0.027126375776346905, "z": 0.9771469826623624, "w": 0.21082652261052834}, "linear_acceleration": {"y": -35.0, "x": 194.0, "z": 4020.0}}], "image_final": {"secs": 1526564631, "nsecs": 885930826, "filename": "1526564631.919713572_f.png"}}