{"image_initial": {"secs": 1526564642, "nsecs": 484022505, "filename": "1526564642.484022505_i.png"}, "imu": [{"stamp": {"secs": 1526564642, "nsecs": 462671995}, "angular_velocity": {"y": 0.8492887755982987, "x": 0.1518218503988659, "z": 2.6650231705114376}, "orientation": {"y": 0.08342813627375167, "x": 0.2606457301265831, "z": -0.9129916895439872, "w": 0.3025718497618115}, "linear_acceleration": {"y": 247.0, "x": -34.0, "z": 4181.0}}, {"stamp": {"secs": 1526564642, "nsecs": 472657918}, "angular_velocity": {"y": -0.5644279185171079, "x": 0.08200868031909272, "z": 0.972053796076938}, "orientation": {"y": 0.07961921948024553, "x": 0.2567470426163917, "z": -0.9139826800495555, "w": 0.3039365008789254}, "linear_acceleration": {"y": 128.0, "x": -15.0, "z": 4114.0}}, {"stamp": {"secs": 1526564642, "nsecs": 482665061}, "angular_velocity": {"y": -1.4021859594743864, "x": -0.05761765984045364, "z": -1.1921544763960306}, "orientation": {"y": 0.07810529759762433, "x": 0.24784732566847165, "z": -0.919220782585178, "w": 0.2958114577051843}, "linear_acceleration": {"y": -10.0, "x": -13.0, "z": 4058.0}}], "image_final": {"secs": 1526564642, "nsecs": 386320299, "filename": "1526564642.484022505_f.png"}}