{"image_initial": {"secs": 1526564649, "nsecs": 631532018, "filename": "1526564649.631532018_i.png"}, "imu": [{"stamp": {"secs": 1526564649, "nsecs": 604324102}, "angular_velocity": {"y": -0.023375850398865916, "x": -0.5463098503988659, "z": 12.997372342317869}, "orientation": {"y": 0.32526278975640094, "x": -0.06657209880075413, "z": -0.7292132450446368, "w": -0.5983479894782106}, "linear_acceleration": {"y": 0.0, "x": 64.0, "z": 4075.0}}, {"stamp": {"secs": 1526564649, "nsecs": 614301919}, "angular_velocity": {"y": 0.15115707480056703, "x": 0.32635477559829884, "z": 15.161580614790838}, "orientation": {"y": 0.32451850009495026, "x": -0.043845528085211985, "z": -0.7755734512743188, "w": -0.5396768796617976}, "linear_acceleration": {"y": 11.0, "x": 260.0, "z": 4028.0}}, {"stamp": {"secs": 1526564649, "nsecs": 624305009}, "angular_velocity": {"y": 0.43040975511965973, "x": 0.9895798913561442, "z": 17.168709254584314}, "orientation": {"y": 0.31857872546318095, "x": -0.018613844790402637, "z": -0.8229888981765525, "w": -0.46994722463540295}, "linear_acceleration": {"y": 17.0, "x": 345.0, "z": 4046.0}}], "image_final": {"secs": 1526564649, "nsecs": 552604910, "filename": "1526564649.631532018_f.png"}}