{"image_initial": {"secs": 1526564632, "nsecs": 632213371, "filename": "1526564632.632213371_i.png"}, "imu": [{"stamp": {"secs": 1526564632, "nsecs": 610410928}, "angular_velocity": {"y": -0.2677219456780721, "x": -0.5637631429188092, "z": 1.914531592153876}, "orientation": {"y": 0.18599072071495595, "x": -0.06304054403548233, "z": -0.1093835615417297, "w": -0.9744067826529578}, "linear_acceleration": {"y": -3.0, "x": 76.0, "z": 4068.0}}, {"stamp": {"secs": 1526564632, "nsecs": 620398044}, "angular_velocity": {"y": -0.2502686531581288, "x": -0.35432363267948963, "z": 2.0192513472735354}, "orientation": {"y": 0.19206724924233717, "x": -0.0604402635979544, "z": -0.12095129059862558, "w": -0.9720225983006868}, "linear_acceleration": {"y": -20.0, "x": 34.0, "z": 4060.0}}, {"stamp": {"secs": 1526564632, "nsecs": 630412101}, "angular_velocity": {"y": -0.09318902047863908, "x": -0.1797907074800567, "z": 1.5131058641951802}, "orientation": {"y": 0.19705088152577505, "x": -0.05913165944185492, "z": -0.13034261264471161, "w": -0.9698892721700338}, "linear_acceleration": {"y": -26.0, "x": 30.0, "z": 4062.0}}], "image_final": {"secs": 1526564632, "nsecs": 553422435, "filename": "1526564632.632213371_f.png"}}