{"image_initial": {"secs": 1526564635, "nsecs": 853614724, "filename": "1526564635.853614724_i.png"}, "imu": [{"stamp": {"secs": 1526564635, "nsecs": 833081007}, "angular_velocity": {"y": -2.501743388230814, "x": 0.2914481905584123, "z": -24.00360779996192}, "orientation": {"y": 0.04645288002669111, "x": -0.031829159527094225, "z": 0.38937201204480365, "w": -0.9193576402995768}, "linear_acceleration": {"y": -84.0, "x": 244.0, "z": 4029.0}}, {"stamp": {"secs": 1526564635, "nsecs": 841226100}, "angular_velocity": {"y": -1.9257847350726849, "x": 0.32635477559829884, "z": -22.904050371205493}, "orientation": {"y": 0.054635380585956135, "x": -0.034258089419319536, "z": 0.47463403336472587, "w": -0.877817687717386}, "linear_acceleration": {"y": -137.0, "x": 121.0, "z": 4007.0}}, {"stamp": {"secs": 1526564635, "nsecs": 851202011}, "angular_velocity": {"y": -1.1927464492350666, "x": 0.34380806811824216, "z": -22.223371962927704}, "orientation": {"y": 0.06066801993990909, "x": -0.038655066246500655, "z": 0.5706040614485559, "w": -0.818068568194905}, "linear_acceleration": {"y": -107.0, "x": 252.0, "z": 3996.0}}], "image_final": {"secs": 1526564635, "nsecs": 819875977, "filename": "1526564635.853614724_f.png"}}