{"image_initial": {"secs": 1526564649, "nsecs": 552604910, "filename": "1526564649.552604910_i.png"}, "imu": [{"stamp": {"secs": 1526564649, "nsecs": 534264087}, "angular_velocity": {"y": -0.1106423129985824, "x": 0.13436855787892257, "z": -0.8256353334772214}, "orientation": {"y": 0.304337102717562, "x": -0.1558317538287507, "z": -0.49645472351059095, "w": -0.7978897793004737}, "linear_acceleration": {"y": 26.0, "x": 215.0, "z": 4054.0}}, {"stamp": {"secs": 1526564649, "nsecs": 544497966}, "angular_velocity": {"y": 0.2558768299202268, "x": 0.9372200137963143, "z": 2.4904902453120044}, "orientation": {"y": 0.3022419926223359, "x": -0.1559985242002539, "z": -0.5124668095982373, "w": -0.7884744811363438}, "linear_acceleration": {"y": 58.0, "x": 377.0, "z": 4062.0}}, {"stamp": {"secs": 1526564649, "nsecs": 554286956}, "angular_velocity": {"y": 0.46531634015954637, "x": 1.2862858641951802, "z": 5.824069116621174}, "orientation": {"y": 0.30098184731368405, "x": -0.15215270435865003, "z": -0.5408484375825954, "w": -0.7705468510794506}, "linear_acceleration": {"y": 92.0, "x": 452.0, "z": 4048.0}}], "image_final": {"secs": 1526564649, "nsecs": 520100312, "filename": "1526564649.552604910_f.png"}}