{"image_initial": {"secs": 1526564626, "nsecs": 19767682, "filename": "1526564626.19767682_i.png"}, "imu": [{"stamp": {"secs": 1526564626, "nsecs": 9126901}, "angular_velocity": {"y": 0.43040975511965973, "x": -0.14488412244017013, "z": 23.678787364523163}, "orientation": {"y": -0.289437372402825, "x": -0.1940464721448218, "z": 0.8812389325007239, "w": 0.31935860400133576}, "linear_acceleration": {"y": 109.0, "x": 207.0, "z": 4022.0}}, {"stamp": {"secs": 1526564626, "nsecs": 22619009}, "angular_velocity": {"y": 0.3431432925199433, "x": -0.005257782280623763, "z": 23.102828711365035}, "orientation": {"y": -0.25133999530092943, "x": -0.2347703264621423, "z": 0.9217513991301403, "w": 0.179124143477692}, "linear_acceleration": {"y": -7.0, "x": 137.0, "z": 4065.0}}, {"stamp": {"secs": 1526564626, "nsecs": 29107093}, "angular_velocity": {"y": 0.2907834149601134, "x": -0.07507095236039693, "z": 23.207548466484695}, "orientation": {"y": -0.23133585859026762, "x": -0.25215515419912043, "z": 0.9331875369518253, "w": 0.10982950249776734}, "linear_acceleration": {"y": 44.0, "x": 242.0, "z": 4016.0}}], "image_final": {"secs": 1526564625, "nsecs": 987742332, "filename": "1526564626.19767682_f.png"}}