{"image_initial": {"secs": 1526564629, "nsecs": 808994940, "filename": "1526564629.808994940_i.png"}, "imu": [{"stamp": {"secs": 1526564629, "nsecs": 779994010}, "angular_velocity": {"y": 0.11625048976068045, "x": 2.158950490192345, "z": 18.09373375814131}, "orientation": {"y": 0.1841960606657724, "x": 0.34666957808885085, "z": -0.9083049581445961, "w": 0.1444787800088738}, "linear_acceleration": {"y": 24.0, "x": -7.0, "z": 4014.0}}, {"stamp": {"secs": 1526564629, "nsecs": 789989948}, "angular_velocity": {"y": 0.18606365984045362, "x": 2.228763660272118, "z": 16.71492364906579}, "orientation": {"y": 0.1435043403360695, "x": 0.36099995453986017, "z": -0.8963386463127321, "w": 0.2136880161665306}, "linear_acceleration": {"y": 21.0, "x": 367.0, "z": 4049.0}}, {"stamp": {"secs": 1526564629, "nsecs": 799982070}, "angular_velocity": {"y": 0.22097024488034023, "x": 1.0070331838760873, "z": 17.41305534986352}, "orientation": {"y": 0.10645547041835562, "x": 0.37189495684559293, "z": -0.8764635513470649, "w": 0.2866583629530317}, "linear_acceleration": {"y": 10.0, "x": 497.0, "z": 4027.0}}], "image_final": {"secs": 1526564629, "nsecs": 720612208, "filename": "1526564629.808994940_f.png"}}