{"image_initial": {"secs": 1526564630, "nsecs": 219724157, "filename": "1526564630.219724157_i.png"}, "imu": [{"stamp": {"secs": 1526564630, "nsecs": 230123996}, "angular_velocity": {"y": 0.5525828027592629, "x": -0.2321505850398866, "z": 23.923133459802372}, "orientation": {"y": 0.3254149889998761, "x": 0.045677004323477044, "z": -0.6149628253831647, "w": -0.7168259339665375}, "linear_acceleration": {"y": -2.0, "x": 169.0, "z": 3975.0}}, {"stamp": {"secs": 1526564630, "nsecs": 240103006}, "angular_velocity": {"y": 1.1110881633974483, "x": -0.4939499728390361, "z": 24.97033101099897}, "orientation": {"y": 0.3134499882914081, "x": 0.08771823307320262, "z": -0.7007702538337947, "w": -0.6348036450496722}, "linear_acceleration": {"y": -21.0, "x": -16.0, "z": 4101.0}}, {"stamp": {"secs": 1526564630, "nsecs": 250089883}, "angular_velocity": {"y": 0.919101945678072, "x": -0.38923021771937627, "z": 23.416987976724013}, "orientation": {"y": 0.29780829124859576, "x": 0.12486965214218483, "z": -0.7714541956334852, "w": -0.548248315708287}, "linear_acceleration": {"y": 156.0, "x": 118.0, "z": 4036.0}}], "image_final": {"secs": 1526564630, "nsecs": 187197729, "filename": "1526564630.219724157_f.png"}}