{"image_initial": {"secs": 1526564627, "nsecs": 787243388, "filename": "1526564627.787243388_i.png"}, "imu": [{"stamp": {"secs": 1526564627, "nsecs": 769551992}, "angular_velocity": {"y": 0.6049426803190927, "x": -0.5114032653589793, "z": -21.472880384570143}, "orientation": {"y": 0.03118125293433366, "x": -0.07737974328409274, "z": -0.20822311443059185, "w": -0.9745169261801242}, "linear_acceleration": {"y": -228.0, "x": 56.0, "z": 4014.0}}, {"stamp": {"secs": 1526564627, "nsecs": 779545068}, "angular_velocity": {"y": 1.7045001090755203, "x": -0.6510296055185257, "z": -22.36299830308725}, "orientation": {"y": 0.018715287353549805, "x": -0.07566418917452039, "z": -0.102304018651414, "w": -0.9916947898741869}, "linear_acceleration": {"y": 132.0, "x": 122.0, "z": 4080.0}}, {"stamp": {"secs": 1526564627, "nsecs": 789544105}, "angular_velocity": {"y": 1.9662994968746699, "x": -0.38923021771937627, "z": -20.82710856133224}, "orientation": {"y": 0.00552097350732237, "x": -0.07456634553371949, "z": -0.002330966903164118, "w": -0.9971980473098481}, "linear_acceleration": {"y": 241.0, "x": 9.0, "z": 4144.0}}], "image_final": {"secs": 1526564627, "nsecs": 753512475, "filename": "1526564627.787243388_f.png"}}