{"image_initial": {"secs": 1526564638, "nsecs": 53684641, "filename": "1526564638.53684641_i.png"}, "imu": [{"stamp": {"secs": 1526564638, "nsecs": 61801910}, "angular_velocity": {"y": 0.2558768299202268, "x": 0.08200868031909272, "z": 22.736309568446227}, "orientation": {"y": -0.1236150931519014, "x": -0.28141095980756514, "z": 0.8320083950183249, "w": -0.4618324491244228}, "linear_acceleration": {"y": 70.0, "x": 352.0, "z": 4076.0}}, {"stamp": {"secs": 1526564638, "nsecs": 71793079}, "angular_velocity": {"y": 0.36059658503988656, "x": -0.1274308299202268, "z": 23.067922126325147}, "orientation": {"y": -0.0907432322424048, "x": -0.29343869441520976, "z": 0.7754619324874533, "w": -0.5516504234430736}, "linear_acceleration": {"y": -8.0, "x": 74.0, "z": 4023.0}}, {"stamp": {"secs": 1526564638, "nsecs": 81847906}, "angular_velocity": {"y": 0.5002229251994329, "x": -0.42413680275926285, "z": 25.267036983838004}, "orientation": {"y": -0.05471306777232278, "x": -0.30174231262560236, "z": 0.7014795364552973, "w": -0.6433385709879019}, "linear_acceleration": {"y": 64.0, "x": 84.0, "z": 4107.0}}], "image_final": {"secs": 1526564638, "nsecs": 19884727, "filename": "1526564638.53684641_f.png"}}