{"image_initial": {"secs": 1526564639, "nsecs": 720787029, "filename": "1526564639.720787029_i.png"}, "imu": [{"stamp": {"secs": 1526564639, "nsecs": 732057094}, "angular_velocity": {"y": -3.6187541095071847, "x": 2.508016340591211, "z": -25.452231079117215}, "orientation": {"y": 0.027268008008167945, "x": -0.032108884682443155, "z": -0.609612517507058, "w": -0.7915794677493998}, "linear_acceleration": {"y": -130.0, "x": 620.0, "z": 3949.0}}, {"stamp": {"secs": 1526564639, "nsecs": 744381904}, "angular_velocity": {"y": -2.95552899374934, "x": 1.39100561931484, "z": -24.422486820440557}, "orientation": {"y": 0.0346374864788876, "x": -0.05382077698935126, "z": -0.4888399341773347, "w": -0.8700224636457304}, "linear_acceleration": {"y": -279.0, "x": 294.0, "z": 3932.0}}, {"stamp": {"secs": 1526564639, "nsecs": 752039909}, "angular_velocity": {"y": -1.506905714594046, "x": 0.09946197283903604, "z": -23.043676711365038}, "orientation": {"y": 0.03691000189394725, "x": -0.059927428703180304, "z": -0.41281818484712324, "w": -0.9080900292970628}, "linear_acceleration": {"y": -178.0, "x": 232.0, "z": 3980.0}}], "image_final": {"secs": 1526564639, "nsecs": 687416526, "filename": "1526564639.720787029_f.png"}}