{"image_initial": {"secs": 1526564631, "nsecs": 719798977, "filename": "1526564631.719798977_i.png"}, "imu": [{"stamp": {"secs": 1526564631, "nsecs": 710413932}, "angular_velocity": {"y": -0.49461474843733494, "x": -0.24960387755982988, "z": -28.62873031774689}, "orientation": {"y": 0.030679113639457536, "x": 0.012704748218450742, "z": -0.830410347710326, "w": -0.5561618791095077}, "linear_acceleration": {"y": 416.0, "x": -301.0, "z": 4193.0}}, {"stamp": {"secs": 1526564631, "nsecs": 720694065}, "angular_velocity": {"y": -1.978144612632515, "x": 1.3211924492350666, "z": -29.6410212839036}, "orientation": {"y": 0.03370887862774744, "x": -0.005499601334194216, "z": -0.740466598596353, "w": -0.6712247628402667}, "linear_acceleration": {"y": 242.0, "x": 261.0, "z": 4072.0}}, {"stamp": {"secs": 1526564631, "nsecs": 730405092}, "angular_velocity": {"y": -3.2522349665883756, "x": 2.6127360957108703, "z": -27.02302740591211}, "orientation": {"y": 0.03608369593424776, "x": -0.03061319298620875, "z": -0.6501002389863711, "w": -0.7583735745480435}, "linear_acceleration": {"y": -137.0, "x": 375.0, "z": 4008.0}}], "image_final": {"secs": 1526564631, "nsecs": 685976732, "filename": "1526564631.719798977_f.png"}}