{"image_initial": {"secs": 1526564631, "nsecs": 753418809, "filename": "1526564631.753418809_i.png"}, "imu": [{"stamp": {"secs": 1526564631, "nsecs": 730405092}, "angular_velocity": {"y": -3.2522349665883756, "x": 2.6127360957108703, "z": -27.02302740591211}, "orientation": {"y": 0.03608369593424776, "x": -0.03061319298620875, "z": -0.6501002389863711, "w": -0.7583735745480435}, "linear_acceleration": {"y": -137.0, "x": 375.0, "z": 4008.0}}, {"stamp": {"secs": 1526564631, "nsecs": 740401029}, "angular_velocity": {"y": -3.322048136668149, "x": 2.3160301228718345, "z": -25.64421729683659}, "orientation": {"y": 0.039474735025036616, "x": -0.05496444373530649, "z": -0.5515377653058379, "w": -0.8314004742968422}, "linear_acceleration": {"y": -92.0, "x": 428.0, "z": 3943.0}}, {"stamp": {"secs": 1526564631, "nsecs": 750412940}, "angular_velocity": {"y": -2.4319302181510407, "x": 1.094299646475804, "z": -23.776714997202653}, "orientation": {"y": 0.04262012075209113, "x": -0.07048343953081727, "z": -0.45239334914614215, "w": -0.8880066822424929}, "linear_acceleration": {"y": -285.0, "x": 201.0, "z": 4025.0}}], "image_final": {"secs": 1526564631, "nsecs": 719798977, "filename": "1526564631.753418809_f.png"}}