{"image_initial": {"secs": 1526564625, "nsecs": 853521090, "filename": "1526564625.853521090_i.png"}, "imu": [{"stamp": {"secs": 1526564625, "nsecs": 869077920}, "angular_velocity": {"y": 1.2507145035569947, "x": -0.42413680275926285, "z": 27.57087159647052}, "orientation": {"y": -0.16722875828441292, "x": 0.33355299114301706, "z": -0.40261289364312036, "w": 0.8358706851986814}, "linear_acceleration": {"y": 69.0, "x": 28.0, "z": 4061.0}}, {"stamp": {"secs": 1526564625, "nsecs": 879076004}, "angular_velocity": {"y": 1.390340843716541, "x": -0.42413680275926285, "z": 26.226968072434886}, "orientation": {"y": -0.20568566289796927, "x": 0.30667157705134723, "z": -0.2899564147809188, "w": 0.8829333097320874}, "linear_acceleration": {"y": 63.0, "x": -124.0, "z": 4105.0}}, {"stamp": {"secs": 1526564625, "nsecs": 889089107}, "angular_velocity": {"y": 1.1285414559173914, "x": -0.5812164354387525, "z": 23.050468833805205}, "orientation": {"y": -0.23716427136127366, "x": 0.2766845249265134, "z": -0.18594243831719076, "w": 0.9124824336328474}, "linear_acceleration": {"y": 179.0, "x": 76.0, "z": 4087.0}}], "image_final": {"secs": 1526564625, "nsecs": 821562822, "filename": "1526564625.853521090_f.png"}}