{"image_initial": {"secs": 1526564624, "nsecs": 474519135, "filename": "1526564624.474519135_i.png"}, "imu": [{"stamp": {"secs": 1526564624, "nsecs": 448784112}, "angular_velocity": {"y": 0.30823670748005666, "x": 1.6178984220741028, "z": -6.340875769779304}, "orientation": {"y": 0.12244119273003361, "x": -0.07406353385909979, "z": 0.0701730211627334, "w": -0.9872175516956956}, "linear_acceleration": {"y": 65.0, "x": 400.0, "z": 4046.0}}, {"stamp": {"secs": 1526564624, "nsecs": 458767890}, "angular_velocity": {"y": 0.36059658503988656, "x": 0.7975936736367678, "z": -4.7700794429844064}, "orientation": {"y": 0.12393574123551702, "x": -0.08121888310782707, "z": 0.09202351537151561, "w": -0.9846700450860626}, "linear_acceleration": {"y": 110.0, "x": 475.0, "z": 4057.0}}, {"stamp": {"secs": 1526564624, "nsecs": 468763113}, "angular_velocity": {"y": 0.3431432925199433, "x": 0.18672843543875248, "z": -2.0299125173533086}, "orientation": {"y": 0.1263375939160286, "x": -0.08358756379811311, "z": 0.10090288427526606, "w": -0.983295753823201}, "linear_acceleration": {"y": 108.0, "x": 474.0, "z": 4044.0}}], "image_final": {"secs": 1526564624, "nsecs": 387348973, "filename": "1526564624.474519135_f.png"}}