{"image_initial": {"secs": 1526564648, "nsecs": 297887427, "filename": "1526564648.297887427_i.png"}, "imu": [{"stamp": {"secs": 1526564648, "nsecs": 273932933}, "angular_velocity": {"y": -0.40734828583761845, "x": -0.10997753740028353, "z": -23.986154507441974}, "orientation": {"y": 0.03479622089949443, "x": 0.049112177394178995, "z": -0.6166982207722971, "w": -0.784895229657436}, "linear_acceleration": {"y": -83.0, "x": 158.0, "z": 4032.0}}, {"stamp": {"secs": 1526564648, "nsecs": 283936977}, "angular_velocity": {"y": 0.06389061220085057, "x": 0.02964880275926285, "z": -23.968701214922028}, "orientation": {"y": 0.041891972394471226, "x": 0.04379723490124961, "z": -0.5226143630693433, "w": -0.8504123072824911}, "linear_acceleration": {"y": -44.0, "x": -122.0, "z": 4038.0}}, {"stamp": {"secs": 1526564648, "nsecs": 293941974}, "angular_velocity": {"y": 0.13370378228062374, "x": -0.022711074800567055, "z": -25.53949754171693}, "orientation": {"y": 0.04869033029251042, "x": 0.037474916906362024, "z": -0.4144550803986622, "w": -0.9079933197279627}, "linear_acceleration": {"y": 62.0, "x": -65.0, "z": 4076.0}}], "image_final": {"secs": 1526564648, "nsecs": 220146305, "filename": "1526564648.297887427_f.png"}}