{"image_initial": {"secs": 1526564642, "nsecs": 386320299, "filename": "1526564642.386320299_i.png"}, "imu": [{"stamp": {"secs": 1526564642, "nsecs": 392682075}, "angular_velocity": {"y": -3.479127769347638, "x": 2.542922925631097, "z": -4.229027374866164}, "orientation": {"y": 0.08496986140795676, "x": 0.25357054133228757, "z": -0.918801261346066, "w": 0.29032110734433547}, "linear_acceleration": {"y": -181.0, "x": 495.0, "z": 3976.0}}, {"stamp": {"secs": 1526564642, "nsecs": 402676105}, "angular_velocity": {"y": -2.9904355787892265, "x": 1.4433654968746699, "z": -2.9025771433504737}, "orientation": {"y": 0.07673859450611584, "x": 0.23834878119622158, "z": -0.9287822047102349, "w": 0.2732483537536814}, "linear_acceleration": {"y": -349.0, "x": 544.0, "z": 3894.0}}, {"stamp": {"secs": 1526564642, "nsecs": 412703037}, "angular_velocity": {"y": -1.2276530342749534, "x": -0.005257782280623763, "z": -1.4190472791552935}, "orientation": {"y": 0.07579936103085148, "x": 0.2298121977778142, "z": -0.933709723737146, "w": 0.2638692146093364}, "linear_acceleration": {"y": -326.0, "x": 439.0, "z": 3912.0}}], "image_final": {"secs": 1526564642, "nsecs": 352535468, "filename": "1526564642.386320299_f.png"}}