{"image_initial": {"secs": 1526564637, "nsecs": 819832962, "filename": "1526564637.819832962_i.png"}, "imu": [{"stamp": {"secs": 1526564637, "nsecs": 811724901}, "angular_velocity": {"y": 0.3431432925199433, "x": 0.5008877007977318, "z": 17.18616254710426}, "orientation": {"y": 0.11611777912169943, "x": 0.33929745536901706, "z": -0.7391496791632428, "w": 0.5701330107482193}, "linear_acceleration": {"y": 43.0, "x": 405.0, "z": 4027.0}}, {"stamp": {"secs": 1526564637, "nsecs": 821702003}, "angular_velocity": {"y": 0.48276963267948964, "x": -0.5288565578789226, "z": 21.2353264117311}, "orientation": {"y": 0.08173660412112833, "x": 0.34825802210237466, "z": -0.6764266140276608, "w": 0.6438031635703274}, "linear_acceleration": {"y": 196.0, "x": 392.0, "z": 4088.0}}, {"stamp": {"secs": 1526564637, "nsecs": 831686973}, "angular_velocity": {"y": 0.44786304763960305, "x": -1.0000954559173916, "z": 23.120282003884977}, "orientation": {"y": 0.044723521133828076, "x": 0.35186355050414, "z": -0.5997555309230692, "w": 0.7172762031541264}, "linear_acceleration": {"y": 22.0, "x": 55.0, "z": 4069.0}}], "image_final": {"secs": 1526564637, "nsecs": 787326782, "filename": "1526564637.819832962_f.png"}}