{"image_initial": {"secs": 1526564640, "nsecs": 475372499, "filename": "1526564640.475372499_i.png"}, "imu": [{"stamp": {"secs": 1526564640, "nsecs": 452184915}, "angular_velocity": {"y": 0.39550317007977315, "x": 1.408458911834783, "z": -6.358329062299246}, "orientation": {"y": 0.13036347651502633, "x": -0.055458800285055204, "z": 0.022378922052802296, "w": -0.9896609870605252}, "linear_acceleration": {"y": 69.0, "x": 403.0, "z": 4034.0}}, {"stamp": {"secs": 1526564640, "nsecs": 462191104}, "angular_velocity": {"y": 0.5525828027592629, "x": 0.6754206259971648, "z": -4.892252490624009}, "orientation": {"y": 0.1309739134063886, "x": -0.0626230101298168, "z": 0.04470596590260222, "w": -0.9883954518420309}, "linear_acceleration": {"y": 99.0, "x": 443.0, "z": 4047.0}}, {"stamp": {"secs": 1526564640, "nsecs": 472182989}, "angular_velocity": {"y": 0.5176762177193762, "x": 0.1692751429188092, "z": -2.274258612632515}, "orientation": {"y": 0.1324490885582512, "x": -0.0655440575777265, "z": 0.054518077432673256, "w": -0.9875165794503814}, "linear_acceleration": {"y": 134.0, "x": 416.0, "z": 4080.0}}], "image_final": {"secs": 1526564640, "nsecs": 386329520, "filename": "1526564640.475372499_f.png"}}