{"image_initial": {"secs": 1526564630, "nsecs": 553433001, "filename": "1526564630.553433001_i.png"}, "imu": [{"stamp": {"secs": 1526564630, "nsecs": 540163993}, "angular_velocity": {"y": 0.6573025578789226, "x": -0.14488412244017013, "z": 1.0244136736367677}, "orientation": {"y": 0.07614552339626668, "x": 0.2324188864783485, "z": -0.959539899688028, "w": 0.1395224045863693}, "linear_acceleration": {"y": 21.0, "x": 167.0, "z": 4050.0}}, {"stamp": {"secs": 1526564630, "nsecs": 550147056}, "angular_velocity": {"y": 0.8318354830783556, "x": -0.38923021771937627, "z": 1.6701854968746699}, "orientation": {"y": 0.07527062642063044, "x": 0.2344438456644219, "z": -0.9583769034207484, "w": 0.14451341466445264}, "linear_acceleration": {"y": 56.0, "x": 98.0, "z": 4054.0}}, {"stamp": {"secs": 1526564630, "nsecs": 560156106}, "angular_velocity": {"y": 0.6922091429188092, "x": -0.45904338779914944, "z": 1.6527322043547263}, "orientation": {"y": 0.0746160105405117, "x": 0.23583972427503627, "z": -0.9573206080272069, "w": 0.14949691927030528}, "linear_acceleration": {"y": 71.0, "x": -31.0, "z": 4095.0}}], "image_final": {"secs": 1526564630, "nsecs": 519857752, "filename": "1526564630.553433001_f.png"}}