{"image_initial": {"secs": 1526564629, "nsecs": 685972806, "filename": "1526564629.685972806_i.png"}, "imu": [{"stamp": {"secs": 1526564629, "nsecs": 679928064}, "angular_velocity": {"y": 0.7794756055185257, "x": 2.6650959732707, "z": 16.069151825827888}, "orientation": {"y": 0.3520920457379532, "x": -0.12233607093038616, "z": -0.3518268361392259, "w": -0.8586518237619023}, "linear_acceleration": {"y": 218.0, "x": 795.0, "z": 4051.0}}, {"stamp": {"secs": 1526564629, "nsecs": 690327882}, "angular_velocity": {"y": 0.7271157279586957, "x": 2.3160301228718345, "z": 24.883064548399254}, "orientation": {"y": 0.35849159156174604, "x": -0.08870792803702769, "z": -0.4659976810203342, "w": -0.8040278873065131}, "linear_acceleration": {"y": 230.0, "x": 1149.0, "z": 3995.0}}, {"stamp": {"secs": 1526564629, "nsecs": 700962066}, "angular_velocity": {"y": 0.796928898038469, "x": 0.18672843543875248, "z": 31.829474971336683}, "orientation": {"y": 0.3635703658950217, "x": -0.030327914660046345, "z": -0.5970790900898514, "w": -0.7144182016247964}, "linear_acceleration": {"y": 121.0, "x": 766.0, "z": 4039.0}}], "image_final": {"secs": 1526564629, "nsecs": 653481211, "filename": "1526564629.685972806_f.png"}}