{"image_initial": {"secs": 1526564630, "nsecs": 19689398, "filename": "1526564630.19689398_i.png"}, "imu": [{"stamp": {"secs": 1526564630, "nsecs": 42915}, "angular_velocity": {"y": 0.43040975511965973, "x": -0.1797907074800567, "z": 24.760891500759648}, "orientation": {"y": -0.29513814525605114, "x": -0.18643192980067946, "z": 0.8600901518238646, "w": 0.371996695551471}, "linear_acceleration": {"y": -38.0, "x": -60.0, "z": 4105.0}}, {"stamp": {"secs": 1526564630, "nsecs": 10036945}, "angular_velocity": {"y": 0.2558768299202268, "x": -0.022711074800567055, "z": 22.59668322828668}, "orientation": {"y": -0.26910183643560837, "x": -0.21674506350663136, "z": 0.8980442027618709, "w": 0.27225427261713503}, "linear_acceleration": {"y": 130.0, "x": 175.0, "z": 4097.0}}, {"stamp": {"secs": 1526564630, "nsecs": 20051002}, "angular_velocity": {"y": 0.22097024488034023, "x": -0.14488412244017013, "z": 23.643880779483275}, "orientation": {"y": -0.2391691702409652, "x": -0.24536499404313591, "z": 0.9249831803982582, "w": 0.16431750875905812}, "linear_acceleration": {"y": 12.0, "x": 108.0, "z": 4145.0}}], "image_final": {"secs": 1526564629, "nsecs": 987188220, "filename": "1526564630.19689398_f.png"}}