{"image_initial": {"secs": 1526564632, "nsecs": 153423913, "filename": "1526564632.153423913_i.png"}, "imu": [{"stamp": {"secs": 1526564632, "nsecs": 150423049}, "angular_velocity": {"y": -0.42480157835756166, "x": -0.05761765984045364, "z": -24.090874262561634}, "orientation": {"y": -0.008497116301085733, "x": 0.053674705760398865, "z": -0.8590919810359848, "w": 0.5089280824397172}, "linear_acceleration": {"y": -37.0, "x": -46.0, "z": 4025.0}}, {"stamp": {"secs": 1526564632, "nsecs": 160439014}, "angular_velocity": {"y": -0.1630021905584123, "x": -0.005257782280623763, "z": -24.823912548399257}, "orientation": {"y": -0.004354816195366608, "x": 0.05317895843584425, "z": -0.9171052202429806, "w": 0.3950582855208295}, "linear_acceleration": {"y": -43.0, "x": 108.0, "z": 4073.0}}, {"stamp": {"secs": 1526564632, "nsecs": 170437097}, "angular_velocity": {"y": 0.32569, "x": 0.30890148307835563, "z": -25.347511323997555}, "orientation": {"y": -0.0004068760638659309, "x": 0.055106533452221086, "z": -0.9606317075127824, "w": 0.27230465832193146}, "linear_acceleration": {"y": 61.0, "x": -13.0, "z": 4052.0}}], "image_final": {"secs": 1526564632, "nsecs": 130512615, "filename": "1526564632.153423913_f.png"}}