{"image_initial": {"secs": 1526564636, "nsecs": 386183439, "filename": "1526564636.386183439_i.png"}, "imu": [{"stamp": {"secs": 1526564636, "nsecs": 391330003}, "angular_velocity": {"y": -0.7913207212763709, "x": -4.85727310282486, "z": 8.668955797371932}, "orientation": {"y": 0.10388946438743883, "x": 0.013335338060338665, "z": -0.11784592996526731, "w": -0.9874925238900439}, "linear_acceleration": {"y": -86.0, "x": -804.0, "z": 4107.0}}, {"stamp": {"secs": 1526564636, "nsecs": 401326894}, "angular_velocity": {"y": -0.6516943811168245, "x": -2.501078612632515, "z": 5.335376926062761}, "orientation": {"y": 0.1115959172924427, "x": 0.02657415334263767, "z": -0.14591669054727952, "w": -0.9826232670955384}, "linear_acceleration": {"y": -148.0, "x": -824.0, "z": 4112.0}}, {"stamp": {"secs": 1526564636, "nsecs": 411310911}, "angular_velocity": {"y": -0.40734828583761845, "x": 0.20418172795869574, "z": 1.373479524035634}, "orientation": {"y": 0.1166174752837081, "x": 0.024336869096019075, "z": -0.15580312902323928, "w": -0.9805781285790667}, "linear_acceleration": {"y": -100.0, "x": -512.0, "z": 4077.0}}], "image_final": {"secs": 1526564636, "nsecs": 353785341, "filename": "1526564636.386183439_f.png"}}