{"image_initial": {"secs": 1526564629, "nsecs": 720612208, "filename": "1526564629.720612208_i.png"}, "imu": [{"stamp": {"secs": 1526564629, "nsecs": 711714982}, "angular_velocity": {"y": 0.5874893877991494, "x": -1.9600265445142728, "z": 34.09840299892931}, "orientation": {"y": 0.3650514912834448, "x": 0.04146571083360996, "z": -0.7152287776215402, "w": -0.5945298976492215}, "linear_acceleration": {"y": 59.0, "x": 519.0, "z": 3970.0}}, {"stamp": {"secs": 1526564629, "nsecs": 719965934}, "angular_velocity": {"y": 0.796928898038469, "x": -4.263861157146788, "z": 33.64461739341078}, "orientation": {"y": 0.36403251066650066, "x": 0.10210485630454098, "z": -0.7858296637845776, "w": -0.4894146187161669}, "linear_acceleration": {"y": -42.0, "x": -63.0, "z": 3989.0}}, {"stamp": {"secs": 1526564629, "nsecs": 729963064}, "angular_velocity": {"y": 1.0238217007977317, "x": -4.2813144496667315, "z": 30.7473708351002}, "orientation": {"y": 0.35519438788748775, "x": 0.1687325165260953, "z": -0.8450720951209012, "w": -0.3622422376366049}, "linear_acceleration": {"y": -6.0, "x": -307.0, "z": 4129.0}}], "image_final": {"secs": 1526564629, "nsecs": 685972806, "filename": "1526564629.720612208_f.png"}}