{"image_initial": {"secs": 1526564647, "nsecs": 987133770, "filename": "1526564647.987133770_i.png"}, "imu": [{"stamp": {"secs": 1526564647, "nsecs": 996879100}, "angular_velocity": {"y": -0.2502686531581288, "x": -0.10997753740028353, "z": -24.30031377280096}, "orientation": {"y": 0.011580674784219418, "x": -0.04492624475932293, "z": 0.7852341737683629, "w": 0.6174583490808784}, "linear_acceleration": {"y": 12.0, "x": 90.0, "z": 4088.0}}, {"stamp": {"secs": 1526564648, "nsecs": 3870010}, "angular_velocity": {"y": -0.145548898038469, "x": 0.3612613606381855, "z": -23.44510243932373}, "orientation": {"y": 0.007319820860744836, "x": -0.043998975562937755, "z": 0.7343366139667873, "w": 0.6773184241992627}, "linear_acceleration": {"y": 74.0, "x": -43.0, "z": 4086.0}}, {"stamp": {"secs": 1526564648, "nsecs": 13865947}, "angular_velocity": {"y": -0.3549884082777885, "x": 0.570700870877505, "z": -24.090874262561634}, "orientation": {"y": 0.0008876923594861347, "x": -0.040409403125031655, "z": 0.6515017881061875, "w": 0.7575696088385503}, "linear_acceleration": {"y": 44.0, "x": 174.0, "z": 4115.0}}], "image_final": {"secs": 1526564647, "nsecs": 953406354, "filename": "1526564647.987133770_f.png"}}