{"image_initial": {"secs": 1526564634, "nsecs": 147182023, "filename": "1526564634.147182023_i.png"}, "imu": [{"stamp": {"secs": 1526564634, "nsecs": 120769977}, "angular_velocity": {"y": 0.5176762177193762, "x": -0.28451046259971646, "z": 25.63355612675681}, "orientation": {"y": 0.0982600645920966, "x": -0.27879825701461325, "z": 0.30273513279557046, "w": -0.9060728066569588}, "linear_acceleration": {"y": 18.0, "x": 136.0, "z": 4110.0}}, {"stamp": {"secs": 1526564634, "nsecs": 130748033}, "angular_velocity": {"y": 0.43040975511965973, "x": -0.3194170476396031, "z": 24.18493284760152}, "orientation": {"y": 0.13251703643026172, "x": -0.2615050233814223, "z": 0.1922251682685196, "w": -0.9365382226509292}, "linear_acceleration": {"y": 15.0, "x": 81.0, "z": 4016.0}}, {"stamp": {"secs": 1526564634, "nsecs": 140785932}, "angular_velocity": {"y": 0.7620223129985824, "x": -0.38923021771937627, "z": 25.755729174396418}, "orientation": {"y": 0.1651260523400616, "x": -0.23849841919906895, "z": 0.06950056821037667, "w": -0.9544744951524724}, "linear_acceleration": {"y": -14.0, "x": 43.0, "z": 4110.0}}], "image_final": {"secs": 1526564634, "nsecs": 53398939, "filename": "1526564634.147182023_f.png"}}