{"image_initial": {"secs": 1526564632, "nsecs": 353501340, "filename": "1526564632.353501340_i.png"}, "imu": [{"stamp": {"secs": 1526564632, "nsecs": 360568046}, "angular_velocity": {"y": 0.13370378228062374, "x": 0.02964880275926285, "z": 9.890686273767962}, "orientation": {"y": 0.06854108231370007, "x": -0.09467826363301365, "z": 0.04189113594946678, "w": -0.9922616989280435}, "linear_acceleration": {"y": 208.0, "x": 1156.0, "z": 3976.0}}, {"stamp": {"secs": 1526564632, "nsecs": 370543003}, "angular_velocity": {"y": -0.2677219456780721, "x": -3.4261031161895095, "z": 11.828001743481668}, "orientation": {"y": 0.07938153275553149, "x": -0.07334938344639273, "z": -0.016519697677096372, "w": -0.9940047986775886}, "linear_acceleration": {"y": 122.0, "x": 590.0, "z": 4029.0}}, {"stamp": {"secs": 1526564632, "nsecs": 380522966}, "angular_velocity": {"y": -0.5644279185171079, "x": -5.4855916335428185, "z": 10.920430532444616}, "orientation": {"y": 0.09100346154600066, "x": -0.041853272543750916, "z": -0.07000598423428492, "w": -0.9925048290741024}, "linear_acceleration": {"y": -43.0, "x": -106.0, "z": 4080.0}}], "image_final": {"secs": 1526564632, "nsecs": 319703510, "filename": "1526564632.353501340_f.png"}}