{"image_initial": {"secs": 1526564634, "nsecs": 553385305, "filename": "1526564634.553385305_i.png"}, "imu": [{"stamp": {"secs": 1526564634, "nsecs": 540901899}, "angular_velocity": {"y": 0.7096624354387524, "x": -0.09252424488034024, "z": 1.0767735511965977}, "orientation": {"y": 0.05886999951817967, "x": 0.21054039499818428, "z": -0.8946196543189231, "w": 0.38969570094758393}, "linear_acceleration": {"y": 32.0, "x": 159.0, "z": 4068.0}}, {"stamp": {"secs": 1526564634, "nsecs": 550926923}, "angular_velocity": {"y": 0.6747558503988659, "x": -0.4939499728390361, "z": 1.809811837034216}, "orientation": {"y": 0.05903796973308331, "x": 0.21162201100427672, "z": -0.8921448666312306, "w": 0.39472544829519796}, "linear_acceleration": {"y": 56.0, "x": 21.0, "z": 4082.0}}, {"stamp": {"secs": 1526564634, "nsecs": 560935974}, "angular_velocity": {"y": 0.5351295102393195, "x": -0.47649668031909276, "z": 1.8272651295541593}, "orientation": {"y": 0.058820590736317034, "x": 0.21215382876396502, "z": -0.8897729540231665, "w": 0.39979367345558275}, "linear_acceleration": {"y": 76.0, "x": -62.0, "z": 4093.0}}], "image_final": {"secs": 1526564634, "nsecs": 519684891, "filename": "1526564634.553385305_f.png"}}