{"image_initial": {"secs": 1526564644, "nsecs": 352547682, "filename": "1526564644.352547682_i.png"}, "imu": [{"stamp": {"secs": 1526564644, "nsecs": 363003015}, "angular_velocity": {"y": 0.13370378228062374, "x": -1.261894843716541, "z": 10.990243702524388}, "orientation": {"y": 0.07183083654150176, "x": -0.08164142024180865, "z": 0.003909409444511569, "w": -0.9940622344403007}, "linear_acceleration": {"y": 186.0, "x": 886.0, "z": 4071.0}}, {"stamp": {"secs": 1526564644, "nsecs": 372994899}, "angular_velocity": {"y": -0.42480157835756166, "x": -4.298767742186675, "z": 11.548749063162575}, "orientation": {"y": 0.08308906344511818, "x": -0.05605932534912181, "z": -0.05316364690910172, "w": -0.9935427450414697}, "linear_acceleration": {"y": 59.0, "x": 225.0, "z": 4076.0}}, {"stamp": {"secs": 1526564644, "nsecs": 382988929}, "angular_velocity": {"y": -0.6342410885968812, "x": -5.380871878423159, "z": 10.047765906447452}, "orientation": {"y": 0.09460525473455142, "x": -0.025711081049954423, "z": -0.1027670629440066, "w": -0.9898624737112302}, "linear_acceleration": {"y": -32.0, "x": -454.0, "z": 4093.0}}], "image_final": {"secs": 1526564644, "nsecs": 320048001, "filename": "1526564644.352547682_f.png"}}