{"image_initial": {"secs": 1526564623, "nsecs": 837458922, "filename": "1526564623.837458922_i.png"}, "imu": [{"stamp": {"secs": 1526564623, "nsecs": 808689117}, "angular_velocity": {"y": -1.2625596193148398, "x": 0.18672843543875248, "z": -21.00164148653167}, "orientation": {"y": -0.00015871989994008042, "x": -0.0768270775962244, "z": 0.24387506575334317, "w": -0.9667587740795631}, "linear_acceleration": {"y": 223.0, "x": -24.0, "z": 4111.0}}, {"stamp": {"secs": 1526564623, "nsecs": 818675994}, "angular_velocity": {"y": -2.1875841228718347, "x": 0.34380806811824216, "z": -22.834237201125717}, "orientation": {"y": 0.0068992950556188894, "x": -0.07507626892845662, "z": 0.3532945136798633, "w": -0.9324692703651024}, "linear_acceleration": {"y": 51.0, "x": 127.0, "z": 4076.0}}, {"stamp": {"secs": 1526564623, "nsecs": 828715085}, "angular_velocity": {"y": -2.379570340591211, "x": -0.04016436732051035, "z": -23.53236890192345}, "orientation": {"y": 0.01354632327024034, "x": -0.07049940526258837, "z": 0.46274707682682537, "w": -0.8835787875858653}, "linear_acceleration": {"y": -111.0, "x": 102.0, "z": 3987.0}}], "image_final": {"secs": 1526564623, "nsecs": 720531466, "filename": "1526564623.837458922_f.png"}}