{"image_initial": {"secs": 1526564639, "nsecs": 953177728, "filename": "1526564639.953177728_i.png"}, "imu": [{"stamp": {"secs": 1526564639, "nsecs": 952116966}, "angular_velocity": {"y": -1.506905714594046, "x": 0.745233796076938, "z": -22.53753122828668}, "orientation": {"y": 0.013869048163072254, "x": -0.02629378196383961, "z": 0.9689713134392294, "w": 0.245379054250649}, "linear_acceleration": {"y": -33.0, "x": 261.0, "z": 3995.0}}, {"stamp": {"secs": 1526564639, "nsecs": 962126970}, "angular_velocity": {"y": -1.2101997417550099, "x": 0.08200868031909272, "z": -23.340382684204076}, "orientation": {"y": 0.006865215244904967, "x": -0.020280243670606213, "z": 0.9354335669907936, "w": 0.3528535422568157}, "linear_acceleration": {"y": -96.0, "x": -15.0, "z": 4037.0}}, {"stamp": {"secs": 1526564639, "nsecs": 972105979}, "angular_velocity": {"y": -0.8436805988362006, "x": 0.0645553877991494, "z": -22.223371962927704}, "orientation": {"y": 0.0013696677458360697, "x": -0.015715114573703517, "z": 0.8928530217984604, "w": 0.4500718172131641}, "linear_acceleration": {"y": -32.0, "x": 122.0, "z": 4004.0}}], "image_final": {"secs": 1526564639, "nsecs": 920099388, "filename": "1526564639.953177728_f.png"}}