{"image_initial": {"secs": 1526564638, "nsecs": 219836078, "filename": "1526564638.219836078_i.png"}, "imu": [{"stamp": {"secs": 1526564638, "nsecs": 201792001}, "angular_velocity": {"y": -0.09318902047863908, "x": -0.33687034015954637, "z": 22.579229935766737}, "orientation": {"y": 0.2840405278700489, "x": -0.07887831008210212, "z": -0.5354037141800273, "w": -0.7914809243235917}, "linear_acceleration": {"y": 19.0, "x": 265.0, "z": 4118.0}}, {"stamp": {"secs": 1526564638, "nsecs": 211760044}, "angular_velocity": {"y": -0.0582824354387525, "x": -0.45904338779914944, "z": 24.115119677521747}, "orientation": {"y": 0.29261905504418734, "x": -0.04470149427912696, "z": -0.6285326327864988, "w": -0.7192514126206025}, "linear_acceleration": {"y": -26.0, "x": 81.0, "z": 4007.0}}, {"stamp": {"secs": 1526564638, "nsecs": 221751928}, "angular_velocity": {"y": 0.3780498775598299, "x": -0.5637631429188092, "z": 23.71369394956305}, "orientation": {"y": 0.2951454810301406, "x": -0.00906301333100606, "z": -0.7109632528123295, "w": -0.6382305695964119}, "linear_acceleration": {"y": -27.0, "x": 178.0, "z": 4097.0}}], "image_final": {"secs": 1526564638, "nsecs": 187354815, "filename": "1526564638.219836078_f.png"}}