{"image_initial": {"secs": 1526564634, "nsecs": 485954144, "filename": "1526564634.485954144_i.png"}, "imu": [{"stamp": {"secs": 1526564634, "nsecs": 470864057}, "angular_velocity": {"y": -0.023375850398865916, "x": 0.08200868031909272, "z": 1.6701854968746699}, "orientation": {"y": 0.07488381290662065, "x": 0.2395089431041118, "z": -0.857854529461596, "w": 0.4484567838933216}, "linear_acceleration": {"y": 162.0, "x": -56.0, "z": 4147.0}}, {"stamp": {"secs": 1526564634, "nsecs": 480853080}, "angular_velocity": {"y": -1.1403865716752368, "x": 0.11691526535897931, "z": -0.5463826531581287}, "orientation": {"y": 0.07115035941447903, "x": 0.2330790639599135, "z": -0.8626530404158014, "w": 0.44321722457519064}, "linear_acceleration": {"y": -11.0, "x": 14.0, "z": 4058.0}}, {"stamp": {"secs": 1526564634, "nsecs": 490890979}, "angular_velocity": {"y": -1.7337985173533086, "x": 0.0645553877991494, "z": -2.274258612632515}, "orientation": {"y": 0.06834380183179865, "x": 0.2232301502359358, "z": -0.871815921246418, "w": 0.43062097514876885}, "linear_acceleration": {"y": -95.0, "x": 56.0, "z": 4023.0}}], "image_final": {"secs": 1526564634, "nsecs": 485510233, "filename": "1526564634.485954144_f.png"}}