{"image_initial": {"secs": 1526564642, "nsecs": 220049277, "filename": "1526564642.220049277_i.png"}, "imu": [{"stamp": {"secs": 1526564642, "nsecs": 232676029}, "angular_velocity": {"y": 0.7620223129985824, "x": -0.2670571700797732, "z": 24.56890528304027}, "orientation": {"y": 0.30537453931260955, "x": 0.05711341452109272, "z": -0.7323784505477006, "w": -0.6058929392183923}, "linear_acceleration": {"y": 12.0, "x": 0.0, "z": 4019.0}}, {"stamp": {"secs": 1526564642, "nsecs": 242724895}, "angular_velocity": {"y": 1.0587282858376184, "x": -0.6161230204786391, "z": 24.254746017681292}, "orientation": {"y": 0.2931368569740296, "x": 0.0964612236886929, "z": -0.8016333366693548, "w": -0.5120058680798727}, "linear_acceleration": {"y": 129.0, "x": 178.0, "z": 4117.0}}, {"stamp": {"secs": 1526564642, "nsecs": 252676963}, "angular_velocity": {"y": 0.6922091429188092, "x": -0.5288565578789226, "z": 23.870773582242542}, "orientation": {"y": 0.2772593030170309, "x": 0.1319759901308925, "z": -0.857686509686402, "w": -0.41241176998412393}, "linear_acceleration": {"y": 90.0, "x": -65.0, "z": 4059.0}}], "image_final": {"secs": 1526564642, "nsecs": 186746607, "filename": "1526564642.220049277_f.png"}}