{"image_initial": {"secs": 1526564640, "nsecs": 352753270, "filename": "1526564640.352753270_i.png"}, "imu": [{"stamp": {"secs": 1526564640, "nsecs": 352968931}, "angular_velocity": {"y": 1.1285414559173914, "x": 3.817013279586958, "z": 0.029576}, "orientation": {"y": 0.06802053813067495, "x": -0.08875168947727491, "z": 0.17916731969866895, "w": -0.9774433055473539}, "linear_acceleration": {"y": 282.0, "x": 1326.0, "z": 3983.0}}, {"stamp": {"secs": 1526564640, "nsecs": 362178087}, "angular_velocity": {"y": 0.5351295102393195, "x": 1.4259122043547263, "z": 7.953370804054255}, "orientation": {"y": 0.07456821551425381, "x": -0.09285369707494301, "z": 0.14242651200287582, "w": -0.9826151132835426}, "linear_acceleration": {"y": 228.0, "x": 980.0, "z": 4034.0}}, {"stamp": {"secs": 1526564640, "nsecs": 372169017}, "angular_velocity": {"y": -0.023375850398865916, "x": -2.0647462996339327, "z": 11.339309552923256}, "orientation": {"y": 0.08327471552691482, "x": -0.07799340753454614, "z": 0.0869209564267444, "w": -0.9896600918845427}, "linear_acceleration": {"y": 37.0, "x": 315.0, "z": 4103.0}}], "image_final": {"secs": 1526564640, "nsecs": 320067509, "filename": "1526564640.352753270_f.png"}}