{"image_initial": {"secs": 1526564632, "nsecs": 519676521, "filename": "1526564632.519676521_i.png"}, "imu": [{"stamp": {"secs": 1526564632, "nsecs": 500416994}, "angular_velocity": {"y": -0.12809560551852572, "x": -1.3142547212763709, "z": 4.672151810304916}, "orientation": {"y": 0.13792430149841214, "x": -0.050540147573560824, "z": -0.09274233025906986, "w": -0.9847951262661363}, "linear_acceleration": {"y": 57.0, "x": -14.0, "z": 4093.0}}, {"stamp": {"secs": 1526564632, "nsecs": 510401964}, "angular_velocity": {"y": -0.33753511575784517, "x": -1.087361918517108, "z": 3.7296740142279785}, "orientation": {"y": 0.1450954379519578, "x": -0.04364362187545289, "z": -0.11249334516285361, "w": -0.9820324818707339}, "linear_acceleration": {"y": 19.0, "x": -145.0, "z": 4095.0}}, {"stamp": {"secs": 1526564632, "nsecs": 520390987}, "angular_velocity": {"y": -0.5818812110370515, "x": -0.6510296055185257, "z": 1.8796250071139893}, "orientation": {"y": 0.15270455478868936, "x": -0.04034015909998141, "z": -0.12349898790565257, "w": -0.979694845600841}, "linear_acceleration": {"y": -46.0, "x": -186.0, "z": 4065.0}}], "image_final": {"secs": 1526564632, "nsecs": 485916358, "filename": "1526564632.519676521_f.png"}}