{"image_initial": {"secs": 1526564638, "nsecs": 520106766, "filename": "1526564638.520106766_i.png"}, "imu": [{"stamp": {"secs": 1526564638, "nsecs": 531801939}, "angular_velocity": {"y": 0.622395972839036, "x": -0.05761765984045364, "z": 0.8324274559173915}, "orientation": {"y": 0.08957392602076808, "x": 0.2017201364972862, "z": -0.932718339097971, "w": 0.28517012153987104}, "linear_acceleration": {"y": 9.0, "x": 247.0, "z": 4044.0}}, {"stamp": {"secs": 1526564638, "nsecs": 541796922}, "angular_velocity": {"y": 0.7096624354387524, "x": -0.35432363267948963, "z": 1.635278911834783}, "orientation": {"y": 0.08906061763210132, "x": 0.2036599408825751, "z": -0.9310424815528936, "w": 0.2893971879796424}, "linear_acceleration": {"y": 42.0, "x": 134.0, "z": 4087.0}}, {"stamp": {"secs": 1526564638, "nsecs": 551783084}, "angular_velocity": {"y": 0.622395972839036, "x": -0.4939499728390361, "z": 1.8447184220741029}, "orientation": {"y": 0.08884956219845172, "x": 0.20514597617788255, "z": -0.9290597533170845, "w": 0.2947352346116174}, "linear_acceleration": {"y": 47.0, "x": 30.0, "z": 4078.0}}], "image_final": {"secs": 1526564638, "nsecs": 486329519, "filename": "1526564638.520106766_f.png"}}