{"image_initial": {"secs": 1526564638, "nsecs": 19884727, "filename": "1526564638.19884727_i.png"}, "imu": [{"stamp": {"secs": 1526564638, "nsecs": 31790971}, "angular_velocity": {"y": 0.44786304763960305, "x": -0.2146972925199433, "z": 21.32259287433082}, "orientation": {"y": -0.2121256930334604, "x": -0.22717934545104712, "z": 0.9339679746086409, "w": -0.17634074333783678}, "linear_acceleration": {"y": 13.0, "x": -47.0, "z": 4061.0}}, {"stamp": {"secs": 1526564638, "nsecs": 41826963}, "angular_velocity": {"y": 0.13370378228062374, "x": -0.09252424488034024, "z": 22.38724371804736}, "orientation": {"y": -0.18414349729830534, "x": -0.24857997792028183, "z": 0.9097149725957685, "w": -0.27697984694735706}, "linear_acceleration": {"y": 29.0, "x": 189.0, "z": 4103.0}}, {"stamp": {"secs": 1526564638, "nsecs": 51765918}, "angular_velocity": {"y": 0.15115707480056703, "x": -0.005257782280623763, "z": 21.06079348653167}, "orientation": {"y": -0.15597231260931899, "x": -0.2656875728145564, "z": 0.8775254816405772, "w": -0.36746670654997227}, "linear_acceleration": {"y": 76.0, "x": 159.0, "z": 4027.0}}], "image_final": {"secs": 1526564637, "nsecs": 987439963, "filename": "1526564638.19884727_f.png"}}