{"image_initial": {"secs": 1526564629, "nsecs": 653481211, "filename": "1526564629.653481211_i.png"}, "imu": [{"stamp": {"secs": 1526564629, "nsecs": 659951925}, "angular_velocity": {"y": -0.005922557878922596, "x": 0.08200868031909272, "z": 0.15174904763960306}, "orientation": {"y": 0.347672494657544, "x": -0.1392900619562647, "z": -0.23965849298539046, "w": -0.8957041486109079}, "linear_acceleration": {"y": 49.0, "x": 148.0, "z": 4058.0}}, {"stamp": {"secs": 1526564629, "nsecs": 670301914}, "angular_velocity": {"y": 0.5525828027592629, "x": 1.6702582996339326, "z": 6.2778547221397}, "orientation": {"y": 0.34829629940149154, "x": -0.13673909167617446, "z": -0.27624237649458844, "w": -0.8852583001923355}, "linear_acceleration": {"y": 136.0, "x": 536.0, "z": 4103.0}}, {"stamp": {"secs": 1526564629, "nsecs": 679928064}, "angular_velocity": {"y": 0.7794756055185257, "x": 2.6650959732707, "z": 16.069151825827888}, "orientation": {"y": 0.3520920457379532, "x": -0.12233607093038616, "z": -0.3518268361392259, "w": -0.8586518237619023}, "linear_acceleration": {"y": 218.0, "x": 795.0, "z": 4051.0}}], "image_final": {"secs": 1526564629, "nsecs": 619893380, "filename": "1526564629.653481211_f.png"}}