{"image_initial": {"secs": 1526564643, "nsecs": 986335802, "filename": "1526564643.986335802_i.png"}, "imu": [{"stamp": {"secs": 1526564643, "nsecs": 973238945}, "angular_velocity": {"y": -0.8436805988362006, "x": -0.6859361905584123, "z": -23.48000902436362}, "orientation": {"y": -0.007636736993196472, "x": -0.010942706356856331, "z": 0.8969382182918118, "w": 0.4419544885994428}, "linear_acceleration": {"y": -71.0, "x": 97.0, "z": 4046.0}}, {"stamp": {"secs": 1526564643, "nsecs": 983165979}, "angular_velocity": {"y": -0.4771614559173915, "x": -0.4939499728390361, "z": -22.92150366372543}, "orientation": {"y": -0.01378081181309424, "x": -0.008650416241351362, "z": 0.8436096989422471, "w": 0.5367102899844521}, "linear_acceleration": {"y": -76.0, "x": -95.0, "z": 4029.0}}, {"stamp": {"secs": 1526564643, "nsecs": 993124961}, "angular_velocity": {"y": -0.21536206811824216, "x": -0.3194170476396031, "z": -24.73664608579954}, "orientation": {"y": -0.018332659990599923, "x": -0.006243680371858111, "z": 0.7744670143736059, "w": 0.6323177790322804}, "linear_acceleration": {"y": 11.0, "x": 20.0, "z": 4071.0}}], "image_final": {"secs": 1526564643, "nsecs": 952588053, "filename": "1526564643.986335802_f.png"}}