{"image_initial": {"secs": 1526564623, "nsecs": 653566469, "filename": "1526564623.653566469_i.png"}, "imu": [{"stamp": {"secs": 1526564623, "nsecs": 658617019}, "angular_velocity": {"y": -0.0582824354387525, "x": -0.09252424488034024, "z": -0.37184972795869575}, "orientation": {"y": 0.00249216935111534, "x": -0.010760490841455092, "z": -0.981016920638274, "w": -0.1936073406412447}, "linear_acceleration": {"y": -182.0, "x": -200.0, "z": 3955.0}}, {"stamp": {"secs": 1526564623, "nsecs": 668618917}, "angular_velocity": {"y": 0.622395972839036, "x": -1.0524553334772215, "z": -7.039007470577034}, "orientation": {"y": 0.008472301303824797, "x": -0.0021587860918227428, "z": -0.9736558585097482, "w": -0.22785484182450844}, "linear_acceleration": {"y": -356.0, "x": -489.0, "z": 4016.0}}, {"stamp": {"secs": 1526564623, "nsecs": 678606033}, "angular_velocity": {"y": 0.9540085307179587, "x": -1.6458672791552935, "z": -16.324159091186868}, "orientation": {"y": 0.015300851237169698, "x": 0.007710932385258527, "z": -0.9525515271741706, "w": -0.3038947409076431}, "linear_acceleration": {"y": -89.0, "x": -446.0, "z": 4034.0}}], "image_final": {"secs": 1526564623, "nsecs": 619840307, "filename": "1526564623.653566469_f.png"}}