{"image_initial": {"secs": 1526564627, "nsecs": 886022573, "filename": "1526564627.886022573_i.png"}, "imu": [{"stamp": {"secs": 1526564627, "nsecs": 889592885}, "angular_velocity": {"y": -0.023375850398865916, "x": -0.4415900952792061, "z": -20.478042710933373}, "orientation": {"y": 0.0055035979669196995, "x": -0.06825142095249304, "z": 0.8972852154482034, "w": -0.4361085829073481}, "linear_acceleration": {"y": 158.0, "x": -93.0, "z": 4081.0}}, {"stamp": {"secs": 1526564627, "nsecs": 899583101}, "angular_velocity": {"y": -0.6167877960769379, "x": -0.4415900952792061, "z": -22.834237201125717}, "orientation": {"y": -0.0008172116315603993, "x": -0.06432404117677956, "z": 0.9426115240448047, "w": -0.32763587201307437}, "linear_acceleration": {"y": 110.0, "x": -9.0, "z": 4149.0}}, {"stamp": {"secs": 1526564627, "nsecs": 909570932}, "angular_velocity": {"y": -1.1578398641951801, "x": 0.18672843543875248, "z": -22.502624643246794}, "orientation": {"y": -0.0033121965859983817, "x": -0.0582696274503658, "z": 0.974659378258212, "w": -0.2159462346138195}, "linear_acceleration": {"y": 103.0, "x": -19.0, "z": 4058.0}}], "image_final": {"secs": 1526564627, "nsecs": 853495728, "filename": "1526564627.886022573_f.png"}}