{"image_initial": {"secs": 1526564649, "nsecs": 653805659, "filename": "1526564649.653805659_i.png"}, "imu": [{"stamp": {"secs": 1526564649, "nsecs": 644731998}, "angular_velocity": {"y": 0.6922091429188092, "x": -0.33687034015954637, "z": 18.826772043978927}, "orientation": {"y": 0.303844148032632, "x": 0.04369127878722428, "z": -0.9014717020532956, "w": -0.3051533651484044}, "linear_acceleration": {"y": 38.0, "x": 147.0, "z": 4052.0}}, {"stamp": {"secs": 1526564649, "nsecs": 654316902}, "angular_velocity": {"y": 0.48276963267948964, "x": -1.2968014287564276, "z": 18.181000220741026}, "orientation": {"y": 0.2998668208345308, "x": 0.07310577809383094, "z": -0.9239783163863031, "w": -0.22583070167676378}, "linear_acceleration": {"y": 34.0, "x": -14.0, "z": 4089.0}}, {"stamp": {"secs": 1526564649, "nsecs": 664302110}, "angular_velocity": {"y": 0.39550317007977315, "x": -1.4887876464758039, "z": 17.482868519943292}, "orientation": {"y": 0.2948342249138113, "x": 0.10170894528708915, "z": -0.9389993178851217, "w": -0.14494257924894247}, "linear_acceleration": {"y": 19.0, "x": -74.0, "z": 4104.0}}], "image_final": {"secs": 1526564649, "nsecs": 631532018, "filename": "1526564649.653805659_f.png"}}