{"image_initial": {"secs": 1526564643, "nsecs": 886321791, "filename": "1526564643.886321791_i.png"}, "imu": [{"stamp": {"secs": 1526564643, "nsecs": 872992038}, "angular_velocity": {"y": -0.3724417007977318, "x": 0.11691526535897931, "z": -19.51811162233649}, "orientation": {"y": 0.026518509351669925, "x": -0.06479361013999192, "z": 0.7730732798564814, "w": -0.630441322185288}, "linear_acceleration": {"y": -5.0, "x": 218.0, "z": 4035.0}}, {"stamp": {"secs": 1526564643, "nsecs": 883071899}, "angular_velocity": {"y": -0.1630021905584123, "x": -0.37177692519943295, "z": -20.059163690454735}, "orientation": {"y": 0.021458675795418058, "x": -0.06499451150167683, "z": 0.8349567681758829, "w": -0.5460425203086755}, "linear_acceleration": {"y": 51.0, "x": -26.0, "z": 4082.0}}, {"stamp": {"secs": 1526564643, "nsecs": 893017053}, "angular_velocity": {"y": -0.21536206811824216, "x": -0.5114032653589793, "z": -19.081779309337907}, "orientation": {"y": 0.015980608906928276, "x": -0.06408238552080527, "z": 0.884887659819777, "w": -0.46109857677464694}, "linear_acceleration": {"y": 75.0, "x": 10.0, "z": 4095.0}}], "image_final": {"secs": 1526564643, "nsecs": 853812944, "filename": "1526564643.886321791_f.png"}}