{"image_initial": {"secs": 1526564648, "nsecs": 20857853, "filename": "1526564648.20857853_i.png"}, "imu": [{"stamp": {"secs": 1526564648, "nsecs": 33955097}, "angular_velocity": {"y": -0.7738674287564276, "x": 0.1518218503988659, "z": -25.155525106278176}, "orientation": {"y": -0.015635333850841527, "x": -0.031206533238771567, "z": 0.4553705346058227, "w": 0.8896175385138251}, "linear_acceleration": {"y": -26.0, "x": 201.0, "z": 4081.0}}, {"stamp": {"secs": 1526564648, "nsecs": 43915033}, "angular_velocity": {"y": -0.5818812110370515, "x": 0.20418172795869574, "z": -24.54465986808016}, "orientation": {"y": -0.023897704148881396, "x": -0.026075221225762817, "z": 0.34803460144807574, "w": 0.936814228526296}, "linear_acceleration": {"y": -41.0, "x": -16.0, "z": 4029.0}}, {"stamp": {"secs": 1526564648, "nsecs": 53884029}, "angular_velocity": {"y": -0.4597081633974483, "x": 0.11691526535897931, "z": -25.22533827635795}, "orientation": {"y": -0.03190448972293664, "x": -0.020657513193513714, "z": 0.23215718557819542, "w": 0.9719353949047181}, "linear_acceleration": {"y": -81.0, "x": 143.0, "z": 4025.0}}], "image_final": {"secs": 1526564647, "nsecs": 987133770, "filename": "1526564648.20857853_f.png"}}