{"image_initial": {"secs": 1526564630, "nsecs": 519857752, "filename": "1526564630.519857752_i.png"}, "imu": [{"stamp": {"secs": 1526564630, "nsecs": 500149965}, "angular_velocity": {"y": -1.4370925445142728, "x": 0.22163502047863906, "z": -2.693137633111154}, "orientation": {"y": 0.082883870601358, "x": 0.24158622392833848, "z": -0.9528395808662041, "w": 0.16389964471255108}, "linear_acceleration": {"y": -124.0, "x": 114.0, "z": 4001.0}}, {"stamp": {"secs": 1526564630, "nsecs": 510154962}, "angular_velocity": {"y": -0.7913207212763709, "x": 0.4659811157578452, "z": -2.1520855649929116}, "orientation": {"y": 0.0814929735657321, "x": 0.23489671751212488, "z": -0.9568800833435451, "w": 0.15020963172145124}, "linear_acceleration": {"y": -131.0, "x": 221.0, "z": 4008.0}}, {"stamp": {"secs": 1526564630, "nsecs": 520185947}, "angular_velocity": {"y": -0.09318902047863908, "x": 0.44852782323790197, "z": -1.1223413063162575}, "orientation": {"y": 0.07932483258303151, "x": 0.23190547013154986, "z": -0.9591627486885714, "w": 0.14118868717756156}, "linear_acceleration": {"y": -44.0, "x": 260.0, "z": 4034.0}}], "image_final": {"secs": 1526564630, "nsecs": 486094006, "filename": "1526564630.519857752_f.png"}}