{"image_initial": {"secs": 1526564633, "nsecs": 685888928, "filename": "1526564633.685888928_i.png"}, "imu": [{"stamp": {"secs": 1526564633, "nsecs": 680676937}, "angular_velocity": {"y": 0.8143821905584123, "x": 2.6127360957108703, "z": 15.28375366243044}, "orientation": {"y": 0.3004245709824043, "x": -0.14614540784023242, "z": -0.5888596599530316, "w": -0.7359557716311835}, "linear_acceleration": {"y": 244.0, "x": 980.0, "z": 4031.0}}, {"stamp": {"secs": 1526564633, "nsecs": 690887928}, "angular_velocity": {"y": 0.7271157279586957, "x": 2.525469633111154, "z": 23.975493337362202}, "orientation": {"y": 0.3053046703274273, "x": -0.11827608858846318, "z": -0.6808307978049388, "w": -0.6551864237793434}, "linear_acceleration": {"y": 179.0, "x": 1043.0, "z": 3974.0}}, {"stamp": {"secs": 1526564633, "nsecs": 700695991}, "angular_velocity": {"y": 0.796928898038469, "x": 0.2914481905584123, "z": 31.60258216857742}, "orientation": {"y": 0.3139787363230139, "x": -0.07052981631128125, "z": -0.7765538294813983, "w": -0.5416706084567224}, "linear_acceleration": {"y": 163.0, "x": 723.0, "z": 4012.0}}], "image_final": {"secs": 1526564633, "nsecs": 653449831, "filename": "1526564633.685888928_f.png"}}