{"image_initial": {"secs": 1526564626, "nsecs": 353487852, "filename": "1526564626.353487852_i.png"}, "imu": [{"stamp": {"secs": 1526564626, "nsecs": 369230031}, "angular_velocity": {"y": 0.43040975511965973, "x": -0.7208427755982988, "z": -7.126273933176751}, "orientation": {"y": 0.10445393098331249, "x": 0.30355290211013836, "z": -0.9009019997300622, "w": 0.2920968996840283}, "linear_acceleration": {"y": 391.0, "x": -117.0, "z": 4226.0}}, {"stamp": {"secs": 1526564626, "nsecs": 379232883}, "angular_velocity": {"y": -1.0531201090755202, "x": 1.1292062315156903, "z": -7.335713443416071}, "orientation": {"y": 0.10766392959432872, "x": 0.2943268129022913, "z": -0.9148108580377321, "w": 0.25475733451140414}, "linear_acceleration": {"y": 221.0, "x": 171.0, "z": 4131.0}}, {"stamp": {"secs": 1526564626, "nsecs": 389236927}, "angular_velocity": {"y": -2.414476925631097, "x": 2.473109755551324, "z": -5.5205710213419685}, "orientation": {"y": 0.10022181162014544, "x": 0.28101073643884966, "z": -0.9277659544370758, "w": 0.22414033164322186}, "linear_acceleration": {"y": 1.0, "x": 406.0, "z": 4010.0}}], "image_final": {"secs": 1526564626, "nsecs": 320058436, "filename": "1526564626.353487852_f.png"}}