{"image_initial": {"secs": 1526564624, "nsecs": 153613725, "filename": "1526564624.153613725_i.png"}, "imu": [{"stamp": {"secs": 1526564624, "nsecs": 138724088}, "angular_velocity": {"y": -0.5295213334772215, "x": -0.14488412244017013, "z": -24.213047310201237}, "orientation": {"y": -0.0072042049343842025, "x": 0.058701393719449074, "z": -0.8475467370630416, "w": 0.5274151820913471}, "linear_acceleration": {"y": -76.0, "x": 72.0, "z": 4076.0}}, {"stamp": {"secs": 1526564624, "nsecs": 148753881}, "angular_velocity": {"y": -0.2851752381980153, "x": -0.022711074800567055, "z": -24.265407187761067}, "orientation": {"y": -0.0028046917555447385, "x": 0.05758429141352169, "z": -0.9069911654843668, "w": 0.4171848616858825}, "linear_acceleration": {"y": -31.0, "x": -45.0, "z": 4010.0}}, {"stamp": {"secs": 1526564624, "nsecs": 158765077}, "angular_velocity": {"y": 0.028984027160963932, "x": 0.09946197283903604, "z": -25.836203514555965}, "orientation": {"y": 0.002275656188681277, "x": 0.05728121505373093, "z": -0.9543437541503926, "w": 0.2931581189478033}, "linear_acceleration": {"y": -55.0, "x": 113.0, "z": 4108.0}}], "image_final": {"secs": 1526564624, "nsecs": 143575267, "filename": "1526564624.153613725_f.png"}}