{"image_initial": {"secs": 1526564624, "nsecs": 53501224, "filename": "1526564624.53501224_i.png"}, "imu": [{"stamp": {"secs": 1526564624, "nsecs": 48719882}, "angular_velocity": {"y": -0.23281536063818548, "x": 0.04710209527920614, "z": -24.771552670839426}, "orientation": {"y": -0.026616743983738016, "x": 0.039120668140647685, "z": 0.10995600485386088, "w": 0.9928095483326654}, "linear_acceleration": {"y": -81.0, "x": -39.0, "z": 4008.0}}, {"stamp": {"secs": 1526564624, "nsecs": 58749914}, "angular_velocity": {"y": 0.2907834149601134, "x": -0.04016436732051035, "z": -26.551788507873642}, "orientation": {"y": -0.024025714363594255, "x": 0.042287022861128905, "z": -0.019396790597806125, "w": 0.9986282277511317}, "linear_acceleration": {"y": -53.0, "x": 92.0, "z": 4100.0}}, {"stamp": {"secs": 1526564624, "nsecs": 68751096}, "angular_velocity": {"y": 0.5176762177193762, "x": 0.30890148307835563, "z": -26.028189732275344}, "orientation": {"y": -0.02047771237067136, "x": 0.047117052837639534, "z": -0.1463288291748873, "w": 0.9879010681137388}, "linear_acceleration": {"y": 97.0, "x": 88.0, "z": 4044.0}}], "image_final": {"secs": 1526564624, "nsecs": 19947393, "filename": "1526564624.53501224_f.png"}}