{"image_initial": {"secs": 1526564624, "nsecs": 520104483, "filename": "1526564624.520104483_i.png"}, "imu": [{"stamp": {"secs": 1526564624, "nsecs": 529037952}, "angular_velocity": {"y": -0.3724417007977318, "x": -0.197244, "z": 0.32628197283903604}, "orientation": {"y": 0.16260469651237996, "x": -0.048984791034208046, "z": 0.014596153435554605, "w": -0.9853665080691231}, "linear_acceleration": {"y": -73.0, "x": -144.0, "z": 4054.0}}, {"stamp": {"secs": 1526564624, "nsecs": 538794040}, "angular_velocity": {"y": -0.19790877559829884, "x": 0.3612613606381855, "z": -1.576126911834783}, "orientation": {"y": 0.16762327560274137, "x": -0.05265745717757356, "z": 0.020468389955152336, "w": -0.9842310067725174}, "linear_acceleration": {"y": -64.0, "x": -10.0, "z": 4056.0}}, {"stamp": {"secs": 1526564624, "nsecs": 548777103}, "angular_velocity": {"y": 0.04643731968090725, "x": 0.8499535511965977, "z": -2.5011514153917775}, "orientation": {"y": 0.17137335950364044, "x": -0.059592101971095046, "z": 0.030653437613076328, "w": -0.9829243713519387}, "linear_acceleration": {"y": -29.0, "x": 98.0, "z": 4054.0}}], "image_final": {"secs": 1526564624, "nsecs": 486076324, "filename": "1526564624.520104483_f.png"}}