{"image_initial": {"secs": 1526564623, "nsecs": 976021608, "filename": "1526564623.976021608_i.png"}, "imu": [{"stamp": {"secs": 1526564623, "nsecs": 948682069}, "angular_velocity": {"y": -1.3323727893946131, "x": 0.5532475783575617, "z": -22.118652207808044}, "orientation": {"y": -0.005855043342142422, "x": -0.014172211282345202, "z": 0.95510256116974, "w": 0.29587829346174266}, "linear_acceleration": {"y": -59.0, "x": 185.0, "z": 4004.0}}, {"stamp": {"secs": 1526564623, "nsecs": 958698034}, "angular_velocity": {"y": -0.9658536464758039, "x": 0.04710209527920614, "z": -22.886597078685547}, "orientation": {"y": -0.01040286439423931, "x": -0.007205318344602406, "z": 0.9169279015316952, "w": 0.39885221221980166}, "linear_acceleration": {"y": -51.0, "x": 147.0, "z": 4084.0}}, {"stamp": {"secs": 1526564623, "nsecs": 968677997}, "angular_velocity": {"y": -0.7389608437165409, "x": 0.01219551023931953, "z": -22.52007793576674}, "orientation": {"y": -0.014190550650920886, "x": -0.0019174522616361694, "z": 0.8688696333206166, "w": 0.49483382255293046}, "linear_acceleration": {"y": -11.0, "x": 49.0, "z": 4033.0}}], "image_final": {"secs": 1526564623, "nsecs": 886062232, "filename": "1526564623.976021608_f.png"}}