{"image_initial": {"secs": 1526564647, "nsecs": 853928918, "filename": "1526564647.853928918_i.png"}, "imu": [{"stamp": {"secs": 1526564647, "nsecs": 833905935}, "angular_velocity": {"y": -2.4842900957108704, "x": 0.30890148307835563, "z": -24.64937962319982}, "orientation": {"y": 0.04723931619201941, "x": -0.023647425401970786, "z": 0.36651467383069064, "w": -0.9289113198493982}, "linear_acceleration": {"y": -52.0, "x": 237.0, "z": 4042.0}}, {"stamp": {"secs": 1526564647, "nsecs": 843861103}, "angular_velocity": {"y": -1.8908781500327987, "x": 0.745233796076938, "z": -23.043676711365038}, "orientation": {"y": 0.05882532341384697, "x": -0.029185139387881875, "z": 0.4714713480880698, "w": -0.8794330997274236}, "linear_acceleration": {"y": -91.0, "x": 134.0, "z": 3984.0}}, {"stamp": {"secs": 1526564647, "nsecs": 853892087}, "angular_velocity": {"y": -1.2451063267948965, "x": 0.570700870877505, "z": -22.36299830308725}, "orientation": {"y": 0.06623049335448833, "x": -0.035131887934067636, "z": 0.5685301147992791, "w": -0.8192391474816908}, "linear_acceleration": {"y": -65.0, "x": 302.0, "z": 4037.0}}], "image_final": {"secs": 1526564647, "nsecs": 820143170, "filename": "1526564647.853928918_f.png"}}