{"image_initial": {"secs": 1526564638, "nsecs": 352750094, "filename": "1526564638.352750094_i.png"}, "imu": [{"stamp": {"secs": 1526564638, "nsecs": 351814031}, "angular_velocity": {"y": 1.687046816555577, "x": -1.62841398663535, "z": -4.351200422505768}, "orientation": {"y": 0.12386779756672496, "x": 0.2645331033375055, "z": -0.8441979332032831, "w": 0.4494539526357541}, "linear_acceleration": {"y": 237.0, "x": -496.0, "z": 4187.0}}, {"stamp": {"secs": 1526564638, "nsecs": 361798048}, "angular_velocity": {"y": 0.30823670748005666, "x": -0.1274308299202268, "z": -7.6847792938149375}, "orientation": {"y": 0.1336363654391268, "x": 0.259373666356145, "z": -0.8624555364175241, "w": 0.4135662833645317}, "linear_acceleration": {"y": 450.0, "x": -302.0, "z": 4271.0}}, {"stamp": {"secs": 1526564638, "nsecs": 371793985}, "angular_velocity": {"y": -1.454545837034216, "x": 1.7226181771937625, "z": -7.283353565856241}, "orientation": {"y": 0.13101530254969526, "x": 0.2502625630460779, "z": -0.8818862063580092, "w": 0.3774657058209377}, "linear_acceleration": {"y": 407.0, "x": -98.0, "z": 4206.0}}], "image_final": {"secs": 1526564638, "nsecs": 320112583, "filename": "1526564638.352750094_f.png"}}