{"image_initial": {"secs": 1526564631, "nsecs": 953810897, "filename": "1526564631.953810897_i.png"}, "imu": [{"stamp": {"secs": 1526564631, "nsecs": 960408926}, "angular_velocity": {"y": -1.3498260819145562, "x": 0.518340993317675, "z": -22.781877323565887}, "orientation": {"y": -0.004003707211241168, "x": -0.015692210348201747, "z": 0.9477901250597103, "w": 0.31848328637819195}, "linear_acceleration": {"y": -66.0, "x": 216.0, "z": 4031.0}}, {"stamp": {"secs": 1526564631, "nsecs": 970782995}, "angular_velocity": {"y": -1.0007602315156903, "x": 0.2914481905584123, "z": -22.15355879284793}, "orientation": {"y": -0.007861117033715184, "x": -0.008551036988707045, "z": 0.9071878734508707, "w": 0.4205653871505441}, "linear_acceleration": {"y": -47.0, "x": 74.0, "z": 4038.0}}, {"stamp": {"secs": 1526564631, "nsecs": 980386018}, "angular_velocity": {"y": -0.7389608437165409, "x": 0.01219551023931953, "z": -22.607344398366457}, "orientation": {"y": -0.011857778070098624, "x": -0.0037271900560652826, "z": 0.8587050671491535, "w": 0.5123193426037064}, "linear_acceleration": {"y": -14.0, "x": 70.0, "z": 4078.0}}], "image_final": {"secs": 1526564631, "nsecs": 919713572, "filename": "1526564631.953810897_f.png"}}