{"image_initial": {"secs": 1526564648, "nsecs": 464240119, "filename": "1526564648.464240119_i.png"}, "imu": [{"stamp": {"secs": 1526564648, "nsecs": 443950891}, "angular_velocity": {"y": 0.5176762177193762, "x": 1.4433654968746699, "z": -6.742301497737999}, "orientation": {"y": 0.11271518290697549, "x": -0.015810373306937, "z": -0.1197822101466044, "w": -0.9862542987336164}, "linear_acceleration": {"y": 94.0, "x": 396.0, "z": 4092.0}}, {"stamp": {"secs": 1526564648, "nsecs": 453958034}, "angular_velocity": {"y": 0.3431432925199433, "x": 0.6056074559173915, "z": -5.433304558742251}, "orientation": {"y": 0.11431043682203329, "x": -0.02287991732547999, "z": -0.09551114251706268, "w": -0.9885784010749074}, "linear_acceleration": {"y": 60.0, "x": 386.0, "z": 4066.0}}, {"stamp": {"secs": 1526564648, "nsecs": 463949918}, "angular_velocity": {"y": 0.16861036732051032, "x": 0.22163502047863906, "z": -2.8502172657906435}, "orientation": {"y": 0.11728968697638353, "x": -0.026565517398275704, "z": -0.0836066587664166, "w": -0.9892155120216525}, "linear_acceleration": {"y": 10.0, "x": 393.0, "z": 4038.0}}], "image_final": {"secs": 1526564648, "nsecs": 386747494, "filename": "1526564648.464240119_f.png"}}