{"image_initial": {"secs": 1526564641, "nsecs": 686345812, "filename": "1526564641.686345812_i.png"}, "imu": [{"stamp": {"secs": 1526564641, "nsecs": 682466030}, "angular_velocity": {"y": 0.9889151157578451, "x": 2.8396288984701332, "z": 18.233360098300857}, "orientation": {"y": 0.3334879262995033, "x": -0.12821534362375256, "z": -0.48657566753977444, "w": -0.7972394548880047}, "linear_acceleration": {"y": 349.0, "x": 1108.0, "z": 4097.0}}, {"stamp": {"secs": 1526564641, "nsecs": 692459106}, "angular_velocity": {"y": 0.8492887755982987, "x": 1.8273379323134225, "z": 27.710497936630066}, "orientation": {"y": 0.33993988012449133, "x": -0.08945876050516333, "z": -0.5974938363536886, "w": -0.7207212523501563}, "linear_acceleration": {"y": 152.0, "x": 956.0, "z": 3985.0}}, {"stamp": {"secs": 1526564641, "nsecs": 702460050}, "angular_velocity": {"y": 0.7620223129985824, "x": -0.5288565578789226, "z": 32.3181671618951}, "orientation": {"y": 0.34691647209882615, "x": -0.033235296439235264, "z": -0.7067272679958476, "w": -0.6156954970829541}, "linear_acceleration": {"y": 246.0, "x": 790.0, "z": 4032.0}}], "image_final": {"secs": 1526564641, "nsecs": 653848798, "filename": "1526564641.686345812_f.png"}}