{"image_initial": {"secs": 1526564649, "nsecs": 886376867, "filename": "1526564649.886376867_i.png"}, "imu": [{"stamp": {"secs": 1526564649, "nsecs": 874300956}, "angular_velocity": {"y": 0.16861036732051032, "x": -0.38923021771937627, "z": 1.8272651295541593}, "orientation": {"y": 0.18925931469897683, "x": 0.18830649564788463, "z": -0.9517114179865698, "w": 0.1515485149068766}, "linear_acceleration": {"y": 16.0, "x": 44.0, "z": 4079.0}}, {"stamp": {"secs": 1526564649, "nsecs": 884275913}, "angular_velocity": {"y": 0.16861036732051032, "x": -0.16233741496011342, "z": 1.6003723267948966}, "orientation": {"y": 0.18658653626172692, "x": 0.18917782080316783, "z": -0.9513445608818518, "w": 0.15601520144694886}, "linear_acceleration": {"y": 14.0, "x": 28.0, "z": 4095.0}}, {"stamp": {"secs": 1526564649, "nsecs": 894836902}, "angular_velocity": {"y": 0.11625048976068045, "x": 0.08200868031909272, "z": 1.0767735511965977}, "orientation": {"y": 0.1830352196207001, "x": 0.18947779858973982, "z": -0.9516633208872011, "w": 0.15790248857422237}, "linear_acceleration": {"y": 24.0, "x": 41.0, "z": 4082.0}}], "image_final": {"secs": 1526564649, "nsecs": 853841602, "filename": "1526564649.886376867_f.png"}}