{"image_initial": {"secs": 1526564642, "nsecs": 20093256, "filename": "1526564642.20093256_i.png"}, "imu": [{"stamp": {"secs": 1526564642, "nsecs": 22578001}, "angular_velocity": {"y": 0.3780498775598299, "x": -0.07507095236039693, "z": 24.39437235784084}, "orientation": {"y": -0.22284281280207877, "x": -0.24031650245942443, "z": 0.9447579900586421, "w": 0.0046259754086839}, "linear_acceleration": {"y": 32.0, "x": 254.0, "z": 4025.0}}, {"stamp": {"secs": 1526564642, "nsecs": 32562017}, "angular_velocity": {"y": 0.622395972839036, "x": -0.33687034015954637, "z": 24.115119677521747}, "orientation": {"y": -0.1917306297195423, "x": -0.26630943146775926, "z": 0.9386309902125223, "w": -0.10625684237415665}, "linear_acceleration": {"y": -84.0, "x": -148.0, "z": 4008.0}}, {"stamp": {"secs": 1526564642, "nsecs": 42563915}, "angular_velocity": {"y": 0.9889151157578451, "x": -0.42413680275926285, "z": 22.265070670407756}, "orientation": {"y": -0.16177106805000852, "x": -0.28840659919230865, "z": 0.9207801490717662, "w": -0.20691948231054205}, "linear_acceleration": {"y": 72.0, "x": 79.0, "z": 4084.0}}], "image_final": {"secs": 1526564641, "nsecs": 986310258, "filename": "1526564642.20093256_f.png"}}