{"image_initial": {"secs": 1526564639, "nsecs": 687416526, "filename": "1526564639.687416526_i.png"}, "imu": [{"stamp": {"secs": 1526564639, "nsecs": 692043066}, "angular_velocity": {"y": 1.0238217007977317, "x": -1.8378534968746698, "z": -23.00877012632515}, "orientation": {"y": 0.005732586694660997, "x": 0.027596150819653643, "z": -0.9303867236934645, "w": -0.3654943697031023}, "linear_acceleration": {"y": 244.0, "x": -372.0, "z": 4234.0}}, {"stamp": {"secs": 1526564639, "nsecs": 702047109}, "angular_velocity": {"y": 0.04643731968090725, "x": -0.7557493606381854, "z": -28.76835665790644}, "orientation": {"y": 0.01292340153978723, "x": 0.0278656036212743, "z": -0.8711762809880659, "w": -0.490008552242985}, "linear_acceleration": {"y": 362.0, "x": -448.0, "z": 4269.0}}, {"stamp": {"secs": 1526564639, "nsecs": 712044000}, "angular_velocity": {"y": -1.4719991295541592, "x": 0.7277805035569946, "z": -29.536301528783945}, "orientation": {"y": 0.0181453725052212, "x": 0.01613396393222964, "z": -0.7932735487887435, "w": -0.6083810627037904}, "linear_acceleration": {"y": 469.0, "x": 74.0, "z": 4226.0}}], "image_final": {"secs": 1526564639, "nsecs": 654113190, "filename": "1526564639.687416526_f.png"}}