{"image_initial": {"secs": 1526564637, "nsecs": 686086873, "filename": "1526564637.686086873_i.png"}, "imu": [{"stamp": {"secs": 1526564637, "nsecs": 681634902}, "angular_velocity": {"y": 0.7794756055185257, "x": 2.4556564630313806, "z": 12.57849332183923}, "orientation": {"y": 0.29925891352242023, "x": -0.1524219532995971, "z": -0.5704029689194248, "w": -0.7495679448039528}, "linear_acceleration": {"y": 319.0, "x": 1100.0, "z": 4057.0}}, {"stamp": {"secs": 1526564637, "nsecs": 691684961}, "angular_velocity": {"y": 0.796928898038469, "x": 2.630189388230814, "z": 20.921167146372124}, "orientation": {"y": 0.3028683576255442, "x": -0.12991861037897262, "z": -0.6529732427536998, "w": -0.6819221780189586}, "linear_acceleration": {"y": 131.0, "x": 963.0, "z": 3987.0}}, {"stamp": {"secs": 1526564637, "nsecs": 702956914}, "angular_velocity": {"y": 0.7271157279586957, "x": 1.164112816555577, "z": 30.084145719342352}, "orientation": {"y": 0.31112798263567554, "x": -0.08194297528873508, "z": -0.7630503755815273, "w": -0.5605701129624863}, "linear_acceleration": {"y": 242.0, "x": 835.0, "z": 4051.0}}], "image_final": {"secs": 1526564637, "nsecs": 655046175, "filename": "1526564637.686086873_f.png"}}