{"image_initial": {"secs": 1526564632, "nsecs": 653416524, "filename": "1526564632.653416524_i.png"}, "imu": [{"stamp": {"secs": 1526564632, "nsecs": 650429964}, "angular_velocity": {"y": 0.08134390472079384, "x": 0.02964880275926285, "z": -0.6161958232379019}, "orientation": {"y": 0.20424874172645097, "x": -0.06128877264217968, "z": -0.1341437924811226, "w": -0.9677456178097416}, "linear_acceleration": {"y": -1.0, "x": 38.0, "z": 4055.0}}, {"stamp": {"secs": 1526564632, "nsecs": 660428047}, "angular_velocity": {"y": 0.028984027160963932, "x": 0.09946197283903604, "z": -1.2270610614359172}, "orientation": {"y": 0.20753532791396945, "x": -0.06411779566626404, "z": -0.13058637878072418, "w": -0.9673495715735226}, "linear_acceleration": {"y": 2.0, "x": 74.0, "z": 4061.0}}, {"stamp": {"secs": 1526564632, "nsecs": 670414924}, "angular_velocity": {"y": 0.011530734641020668, "x": 0.273994898038469, "z": -1.40159398663535}, "orientation": {"y": 0.21071982363229952, "x": -0.06801241631746585, "z": -0.12635441897305982, "w": -0.9669570972700974}, "linear_acceleration": {"y": 36.0, "x": 102.0, "z": 4080.0}}], "image_final": {"secs": 1526564632, "nsecs": 632213371, "filename": "1526564632.653416524_f.png"}}