{"image_initial": {"secs": 1526564630, "nsecs": 53447395, "filename": "1526564630.53447395_i.png"}, "imu": [{"stamp": {"secs": 1526564630, "nsecs": 40066003}, "angular_velocity": {"y": 0.6049426803190927, "x": -0.45904338779914944, "z": 24.44673223540067}, "orientation": {"y": -0.17196595950554308, "x": -0.29353621924516093, "z": 0.9386382126588236, "w": -0.05676708993108251}, "linear_acceleration": {"y": -154.0, "x": -82.0, "z": 4077.0}}, {"stamp": {"secs": 1526564630, "nsecs": 50041913}, "angular_velocity": {"y": 0.796928898038469, "x": -0.42413680275926285, "z": 22.45705688812713}, "orientation": {"y": -0.138696032932314, "x": -0.3121743426156895, "z": 0.9262986704461184, "w": -0.1590011427350564}, "linear_acceleration": {"y": 108.0, "x": 81.0, "z": 4061.0}}, {"stamp": {"secs": 1526564630, "nsecs": 60051918}, "angular_velocity": {"y": 0.971461823237902, "x": -0.2146972925199433, "z": 22.736309568446227}, "orientation": {"y": -0.10296365938210096, "x": -0.3280425333892194, "z": 0.9022777757876372, "w": -0.260156484551017}, "linear_acceleration": {"y": 75.0, "x": 17.0, "z": 4146.0}}], "image_final": {"secs": 1526564630, "nsecs": 19689398, "filename": "1526564630.53447395_f.png"}}