{"image_initial": {"secs": 1526564629, "nsecs": 853529385, "filename": "1526564629.853529385_i.png"}, "imu": [{"stamp": {"secs": 1526564629, "nsecs": 860450983}, "angular_velocity": {"y": 1.145994748437335, "x": -0.4939499728390361, "z": 28.862415242946323}, "orientation": {"y": -0.15684771768262132, "x": 0.33859348127667327, "z": -0.45206919078091956, "w": 0.8101769526723037}, "linear_acceleration": {"y": -96.0, "x": -49.0, "z": 4088.0}}, {"stamp": {"secs": 1526564629, "nsecs": 870002031}, "angular_velocity": {"y": 1.2856210885968813, "x": -0.4939499728390361, "z": 26.94255306575256}, "orientation": {"y": -0.19564659718141408, "x": 0.31358216371199943, "z": -0.34493500447678277, "w": 0.8627910977169595}, "linear_acceleration": {"y": 69.0, "x": -6.0, "z": 4080.0}}, {"stamp": {"secs": 1526564629, "nsecs": 879993915}, "angular_velocity": {"y": 1.1809013334772214, "x": -0.7033894830783556, "z": 25.109957351158513}, "orientation": {"y": -0.23015154812066355, "x": 0.28230592492643736, "z": -0.23449063558460745, "w": 0.9013033737162073}, "linear_acceleration": {"y": 45.0, "x": -126.0, "z": 4074.0}}], "image_final": {"secs": 1526564629, "nsecs": 820916042, "filename": "1526564629.853529385_f.png"}}