{"image_initial": {"secs": 1526564637, "nsecs": 787326782, "filename": "1526564637.787326782_i.png"}, "imu": [{"stamp": {"secs": 1526564637, "nsecs": 771689891}, "angular_velocity": {"y": 0.30823670748005666, "x": 1.3037391567151233, "z": 20.22303544557439}, "orientation": {"y": 0.254095548372757, "x": 0.26320672568919884, "z": -0.8806256186999691, "w": 0.3010916663383686}, "linear_acceleration": {"y": -39.0, "x": -141.0, "z": 4132.0}}, {"stamp": {"secs": 1526564637, "nsecs": 781672954}, "angular_velocity": {"y": 0.22097024488034023, "x": 2.1414971976724013, "z": 19.228197771937623}, "orientation": {"y": 0.21720372822387005, "x": 0.2892511114207617, "z": -0.8520335318275197, "w": 0.37841141054284855}, "linear_acceleration": {"y": 89.0, "x": 203.0, "z": 4056.0}}, {"stamp": {"secs": 1526564637, "nsecs": 791685104}, "angular_velocity": {"y": 0.13370378228062374, "x": 2.1764037827122884, "z": 16.645110478986016}, "orientation": {"y": 0.18226089146322538, "x": 0.30951430478743064, "z": -0.821860969672829, "w": 0.4421836825386268}, "linear_acceleration": {"y": -64.0, "x": 302.0, "z": 4035.0}}], "image_final": {"secs": 1526564637, "nsecs": 753611618, "filename": "1526564637.787326782_f.png"}}