{"image_initial": {"secs": 1526564636, "nsecs": 653625199, "filename": "1526564636.653625199_i.png"}, "imu": [{"stamp": {"secs": 1526564636, "nsecs": 641413927}, "angular_velocity": {"y": 0.011530734641020668, "x": -0.16233741496011342, "z": 0.6229879456780721}, "orientation": {"y": 0.20284949404188152, "x": -0.037221258267462184, "z": -0.14104231595214678, "w": -0.9682839076483686}, "linear_acceleration": {"y": 3.0, "x": 42.0, "z": 4067.0}}, {"stamp": {"secs": 1526564636, "nsecs": 651388883}, "angular_velocity": {"y": 0.011530734641020668, "x": -0.1797907074800567, "z": -0.4067563129985824}, "orientation": {"y": 0.2065541746773658, "x": -0.03830538705414958, "z": -0.14118619974417004, "w": -0.9674370921397336}, "linear_acceleration": {"y": 4.0, "x": 48.0, "z": 4067.0}}, {"stamp": {"secs": 1526564636, "nsecs": 661417961}, "angular_velocity": {"y": 0.028984027160963932, "x": -0.022711074800567055, "z": -1.0874347212763709}, "orientation": {"y": 0.20994427565808513, "x": -0.0408631162942771, "z": -0.13818581272847072, "w": -0.9670358256061117}, "linear_acceleration": {"y": -1.0, "x": 60.0, "z": 4061.0}}], "image_final": {"secs": 1526564636, "nsecs": 651983553, "filename": "1526564636.653625199_f.png"}}