{"image_initial": {"secs": 1526564637, "nsecs": 753611618, "filename": "1526564637.753611618_i.png"}, "imu": [{"stamp": {"secs": 1526564637, "nsecs": 731713056}, "angular_velocity": {"y": 0.6573025578789226, "x": -4.543113837465881, "z": 31.23606302565861}, "orientation": {"y": 0.33358157009170963, "x": 0.08986388401993524, "z": -0.9254754992843317, "w": -0.15537991719787542}, "linear_acceleration": {"y": -21.0, "x": -522.0, "z": 4186.0}}, {"stamp": {"secs": 1526564637, "nsecs": 741848945}, "angular_velocity": {"y": 1.0761815783575617, "x": -3.7926222591083185, "z": 30.36339839966145}, "orientation": {"y": 0.3290930981505541, "x": 0.14765068966179076, "z": -0.9325873830769691, "w": -0.01333339858093667}, "linear_acceleration": {"y": 73.0, "x": -445.0, "z": 3982.0}}, {"stamp": {"secs": 1526564637, "nsecs": 751682043}, "angular_velocity": {"y": 0.971461823237902, "x": -2.1171061771937625, "z": 26.541127337793863}, "orientation": {"y": 0.3137028733999179, "x": 0.19370084805596238, "z": -0.9234736505092233, "w": 0.1061456805442648}, "linear_acceleration": {"y": 29.0, "x": -648.0, "z": 4188.0}}], "image_final": {"secs": 1526564637, "nsecs": 720007285, "filename": "1526564637.753611618_f.png"}}