{"image_initial": {"secs": 1526564630, "nsecs": 310657775, "filename": "1526564630.310657775_i.png"}, "imu": [{"stamp": {"secs": 1526564630, "nsecs": 290110111}, "angular_velocity": {"y": -0.1106423129985824, "x": -0.14488412244017013, "z": 22.299977255447644}, "orientation": {"y": 0.1965976419755918, "x": 0.23947744841929497, "z": -0.9414351038453652, "w": -0.1330408362717529}, "linear_acceleration": {"y": 93.0, "x": 171.0, "z": 4002.0}}, {"stamp": {"secs": 1526564630, "nsecs": 300101041}, "angular_velocity": {"y": 0.06389061220085057, "x": -0.37177692519943295, "z": 23.242455051524583}, "orientation": {"y": 0.16688534832305948, "x": 0.25825353825631403, "z": -0.9512518273900252, "w": -0.023965629145158505}, "linear_acceleration": {"y": -61.0, "x": 59.0, "z": 4107.0}}, {"stamp": {"secs": 1526564630, "nsecs": 310095071}, "angular_velocity": {"y": 0.04643731968090725, "x": -0.33687034015954637, "z": 22.422150303087246}, "orientation": {"y": 0.13669730629090523, "x": 0.27288668162395974, "z": -0.9488451791829217, "w": 0.08086736910771636}, "linear_acceleration": {"y": 62.0, "x": 171.0, "z": 4000.0}}], "image_final": {"secs": 1526564630, "nsecs": 219724157, "filename": "1526564630.310657775_f.png"}}