{"image_initial": {"secs": 1526564640, "nsecs": 552618957, "filename": "1526564640.552618957_i.png"}, "imu": [{"stamp": {"secs": 1526564640, "nsecs": 562227964}, "angular_velocity": {"y": 0.44786304763960305, "x": 0.7801403811168246, "z": -2.448791537831948}, "orientation": {"y": 0.17818040890318507, "x": -0.05282576653057182, "z": -0.006679220229900871, "w": -0.982556140019832}, "linear_acceleration": {"y": 63.0, "x": 217.0, "z": 4058.0}}, {"stamp": {"secs": 1526564640, "nsecs": 572272062}, "angular_velocity": {"y": 0.46531634015954637, "x": 0.7626870885968813, "z": -2.099725687433082}, "orientation": {"y": 0.1797606042599207, "x": -0.059389815036742975, "z": 0.0014189729663489387, "w": -0.9819149461851217}, "linear_acceleration": {"y": 88.0, "x": 263.0, "z": 4061.0}}, {"stamp": {"secs": 1526564640, "nsecs": 582237958}, "angular_velocity": {"y": 0.22097024488034023, "x": 0.4659811157578452, "z": -1.3492341090755202}, "orientation": {"y": 0.18276570459646926, "x": -0.06362590192868248, "z": 0.0061447478842600635, "w": -0.9810762885222314}, "linear_acceleration": {"y": 74.0, "x": 265.0, "z": 4064.0}}], "image_final": {"secs": 1526564640, "nsecs": 520280025, "filename": "1526564640.552618957_f.png"}}