{"image_initial": {"secs": 1526564626, "nsecs": 553472941, "filename": "1526564626.553472941_i.png"}, "imu": [{"stamp": {"secs": 1526564626, "nsecs": 539205074}, "angular_velocity": {"y": 0.6049426803190927, "x": -0.2670571700797732, "z": 1.321119646475804}, "orientation": {"y": 0.0813362596526779, "x": 0.24785839270735674, "z": -0.9485643992783305, "w": 0.17937728521743773}, "linear_acceleration": {"y": 14.0, "x": 212.0, "z": 4063.0}}, {"stamp": {"secs": 1526564626, "nsecs": 549192905}, "angular_velocity": {"y": 0.6049426803190927, "x": -0.4939499728390361, "z": 1.7225453744344996}, "orientation": {"y": 0.08077727533848034, "x": 0.24877815523794483, "z": -0.9473366137053657, "w": 0.18476417834241246}, "linear_acceleration": {"y": 51.0, "x": 67.0, "z": 4094.0}}, {"stamp": {"secs": 1526564626, "nsecs": 559196949}, "angular_velocity": {"y": 0.41295646259971647, "x": -0.38923021771937627, "z": 1.373479524035634}, "orientation": {"y": 0.07999830874949548, "x": 0.24880819350141975, "z": -0.9466857461933533, "w": 0.18836361484669603}, "linear_acceleration": {"y": 42.0, "x": -57.0, "z": 4085.0}}], "image_final": {"secs": 1526564626, "nsecs": 519833361, "filename": "1526564626.553472941_f.png"}}