{"image_initial": {"secs": 1526564641, "nsecs": 820080153, "filename": "1526564641.820080153_i.png"}, "imu": [{"stamp": {"secs": 1526564641, "nsecs": 803566932}, "angular_velocity": {"y": 0.15115707480056703, "x": 0.745233796076938, "z": 16.99417632938488}, "orientation": {"y": 0.104187946583934, "x": 0.36516505871386, "z": -0.8236008067661647, "w": 0.42128501370835514}, "linear_acceleration": {"y": 139.0, "x": 640.0, "z": 4017.0}}, {"stamp": {"secs": 1526564641, "nsecs": 812671899}, "angular_velocity": {"y": 0.18606365984045362, "x": -0.3194170476396031, "z": 19.926329472735357}, "orientation": {"y": 0.07147316168842328, "x": 0.3713963830290868, "z": -0.7837525683104105, "w": 0.4926339670566856}, "linear_acceleration": {"y": 19.0, "x": 385.0, "z": 4000.0}}, {"stamp": {"secs": 1526564641, "nsecs": 822616100}, "angular_velocity": {"y": 0.48276963267948964, "x": -1.087361918517108, "z": 22.526870058206907}, "orientation": {"y": 0.0339318931810763, "x": 0.3743207218914794, "z": -0.7251579039951099, "w": 0.5769563571546886}, "linear_acceleration": {"y": 196.0, "x": 442.0, "z": 4057.0}}], "image_final": {"secs": 1526564641, "nsecs": 786336322, "filename": "1526564641.820080153_f.png"}}