{"image_initial": {"secs": 1526564626, "nsecs": 219791937, "filename": "1526564626.219791937_i.png"}, "imu": [{"stamp": {"secs": 1526564626, "nsecs": 229166984}, "angular_velocity": {"y": 0.7794756055185257, "x": -0.5637631429188092, "z": 24.20238614012146}, "orientation": {"y": 0.3258806384902893, "x": 0.024776644357684525, "z": -0.5737374302788826, "w": -0.7510081813459281}, "linear_acceleration": {"y": 116.0, "x": 178.0, "z": 4025.0}}, {"stamp": {"secs": 1526564626, "nsecs": 239451885}, "angular_velocity": {"y": 0.7096624354387524, "x": -0.5812164354387525, "z": 24.359465772800956}, "orientation": {"y": 0.3180017427876139, "x": 0.06632078113494472, "z": -0.6646989250426502, "w": -0.6727940135144161}, "linear_acceleration": {"y": -1.0, "x": -83.0, "z": 4128.0}}, {"stamp": {"secs": 1526564626, "nsecs": 249161958}, "angular_velocity": {"y": 0.8667420681182421, "x": -0.7557493606381854, "z": 24.010399922402087}, "orientation": {"y": 0.3062133228937516, "x": 0.10486355498209182, "z": -0.7393827014041064, "w": -0.5903814500670317}, "linear_acceleration": {"y": 195.0, "x": 94.0, "z": 4068.0}}], "image_final": {"secs": 1526564626, "nsecs": 187294009, "filename": "1526564626.219791937_f.png"}}