{"image_initial": {"secs": 1526564648, "nsecs": 186348139, "filename": "1526564648.186348139_i.png"}, "imu": [{"stamp": {"secs": 1526564648, "nsecs": 173933029}, "angular_velocity": {"y": -0.005922557878922596, "x": 0.2565416055185257, "z": -25.17297839879812}, "orientation": {"y": -0.061179319883037556, "x": 0.05610794224286931, "z": -0.9457655071641193, "w": 0.3140646352178422}, "linear_acceleration": {"y": -48.0, "x": 141.0, "z": 4039.0}}, {"stamp": {"secs": 1526564648, "nsecs": 183921098}, "angular_velocity": {"y": 0.39550317007977315, "x": 0.3787146531581288, "z": -25.522044249196984}, "orientation": {"y": -0.05635155128300351, "x": 0.06508997880303752, "z": -0.9784907660654341, "w": 0.18746631177920745}, "linear_acceleration": {"y": 75.0, "x": 16.0, "z": 4075.0}}, {"stamp": {"secs": 1526564648, "nsecs": 193965911}, "angular_velocity": {"y": 0.39550317007977315, "x": 0.09946197283903604, "z": -26.16781607243489}, "orientation": {"y": -0.04885866286104309, "x": 0.07248382582008642, "z": -0.9947116414608073, "w": 0.053922874554873775}, "linear_acceleration": {"y": 112.0, "x": 171.0, "z": 4103.0}}], "image_final": {"secs": 1526564648, "nsecs": 152584224, "filename": "1526564648.186348139_f.png"}}