{"image_initial": {"secs": 1526564629, "nsecs": 987188220, "filename": "1526564629.987188220_i.png"}, "imu": [{"stamp": {"secs": 1526564629, "nsecs": 970118045}, "angular_velocity": {"y": 0.919101945678072, "x": -0.912828993317675, "z": 24.6212651606001}, "orientation": {"y": -0.3500824160713732, "x": -0.060222020476364185, "z": 0.6561724496970829, "w": 0.6657727288391314}, "linear_acceleration": {"y": 132.0, "x": 209.0, "z": 4054.0}}, {"stamp": {"secs": 1526564629, "nsecs": 980027914}, "angular_velocity": {"y": 0.7620223129985824, "x": -0.8604691157578451, "z": 26.26187465747477}, "orientation": {"y": -0.33760140474874223, "x": -0.10733991911142013, "z": 0.7377473848888471, "w": 0.5746583588241777}, "linear_acceleration": {"y": 46.0, "x": -65.0, "z": 4147.0}}, {"stamp": {"secs": 1526564629, "nsecs": 990045070}, "angular_velocity": {"y": 0.46531634015954637, "x": -0.33687034015954637, "z": 25.319396861397834}, "orientation": {"y": -0.3189253209929186, "x": -0.148805296618096, "z": 0.8059901939406433, "w": 0.4759447768381206}, "linear_acceleration": {"y": 100.0, "x": 33.0, "z": 4096.0}}], "image_final": {"secs": 1526564629, "nsecs": 976813933, "filename": "1526564629.987188220_f.png"}}