{"image_initial": {"secs": 1526564648, "nsecs": 220146305, "filename": "1526564648.220146305_i.png"}, "imu": [{"stamp": {"secs": 1526564648, "nsecs": 193965911}, "angular_velocity": {"y": 0.39550317007977315, "x": 0.09946197283903604, "z": -26.16781607243489}, "orientation": {"y": -0.04885866286104309, "x": 0.07248382582008642, "z": -0.9947116414608073, "w": 0.053922874554873775}, "linear_acceleration": {"y": 112.0, "x": 171.0, "z": 4103.0}}, {"stamp": {"secs": 1526564648, "nsecs": 204010009}, "angular_velocity": {"y": 0.30823670748005666, "x": 0.3787146531581288, "z": -25.347511323997555}, "orientation": {"y": -0.042118885987261594, "x": 0.07778296818853243, "z": -0.993130829988908, "w": -0.0765961084423787}, "linear_acceleration": {"y": 166.0, "x": 46.0, "z": 4137.0}}, {"stamp": {"secs": 1526564648, "nsecs": 213972091}, "angular_velocity": {"y": -0.21536206811824216, "x": 0.09946197283903604, "z": -25.417324494077324}, "orientation": {"y": -0.03221271485520493, "x": 0.07736896338754981, "z": -0.9754594963346526, "w": -0.2036053916686375}, "linear_acceleration": {"y": 92.0, "x": 231.0, "z": 4058.0}}], "image_final": {"secs": 1526564648, "nsecs": 186348139, "filename": "1526564648.220146305_f.png"}}