{"image_initial": {"secs": 1526564627, "nsecs": 720185307, "filename": "1526564627.720185307_i.png"}, "imu": [{"stamp": {"secs": 1526564627, "nsecs": 709769964}, "angular_velocity": {"y": -1.0880266941154069, "x": 0.30890148307835563, "z": -28.71599678034661}, "orientation": {"y": 0.02798174482540106, "x": 0.005672745908045586, "z": -0.7967133648106426, "w": -0.6036825790450583}, "linear_acceleration": {"y": 422.0, "x": -254.0, "z": 4210.0}}, {"stamp": {"secs": 1526564627, "nsecs": 719542026}, "angular_velocity": {"y": -2.5366499732707, "x": 1.8971511023931953, "z": -29.431581773664284}, "orientation": {"y": 0.0301918646676506, "x": -0.014784269087734489, "z": -0.7059252580636366, "w": -0.7074880965240476}, "linear_acceleration": {"y": 225.0, "x": 253.0, "z": 4071.0}}, {"stamp": {"secs": 1526564627, "nsecs": 729545116}, "angular_velocity": {"y": -3.461674476827695, "x": 2.6127360957108703, "z": -25.871110099595853}, "orientation": {"y": 0.0334447058632874, "x": -0.04048085303827903, "z": -0.6125220391403265, "w": -0.7887074893484832}, "linear_acceleration": {"y": -138.0, "x": 400.0, "z": 3993.0}}], "image_final": {"secs": 1526564627, "nsecs": 685998650, "filename": "1526564627.720185307_f.png"}}