{"image_initial": {"secs": 1526564633, "nsecs": 787151168, "filename": "1526564633.787151168_i.png"}, "imu": [{"stamp": {"secs": 1526564633, "nsecs": 770714998}, "angular_velocity": {"y": 0.36059658503988656, "x": 1.8447912248333656, "z": 19.664530084936207}, "orientation": {"y": 0.24152438277293123, "x": 0.27689174686584844, "z": -0.8727432782938467, "w": 0.3214282240822093}, "linear_acceleration": {"y": -35.0, "x": -75.0, "z": 4129.0}}, {"stamp": {"secs": 1526564633, "nsecs": 780678987}, "angular_velocity": {"y": 0.08134390472079384, "x": 2.1938570752322315, "z": 18.547519363659834}, "orientation": {"y": 0.20425280948943245, "x": 0.30053729218786895, "z": -0.8438289383649517, "w": 0.39485547811564614}, "linear_acceleration": {"y": 60.0, "x": 89.0, "z": 4025.0}}, {"stamp": {"secs": 1526564633, "nsecs": 790712118}, "angular_velocity": {"y": 0.04643731968090725, "x": 2.2462169527920612, "z": 16.76728352662562}, "orientation": {"y": 0.1678328439867816, "x": 0.31967383323204657, "z": -0.8120699566619262, "w": 0.45845737240569673}, "linear_acceleration": {"y": -46.0, "x": 391.0, "z": 4048.0}}], "image_final": {"secs": 1526564633, "nsecs": 753405505, "filename": "1526564633.787151168_f.png"}}