{"image_initial": {"secs": 1526564627, "nsecs": 987197811, "filename": "1526564627.987197811_i.png"}, "imu": [{"stamp": {"secs": 1526564627, "nsecs": 979597091}, "angular_velocity": {"y": -0.5818812110370515, "x": -0.2670571700797732, "z": -23.829074874762483}, "orientation": {"y": -0.012800450213208948, "x": 0.0008187945064919083, "z": 0.8337620050333245, "w": 0.5519749967278464}, "linear_acceleration": {"y": -24.0, "x": 55.0, "z": 4104.0}}, {"stamp": {"secs": 1526564627, "nsecs": 989609956}, "angular_velocity": {"y": -0.42480157835756166, "x": -0.04016436732051035, "z": -23.183303051524586}, "orientation": {"y": -0.015766138696107802, "x": 0.004473040782953595, "z": 0.7674048300856688, "w": 0.640953389520607}, "linear_acceleration": {"y": 7.0, "x": 58.0, "z": 4043.0}}, {"stamp": {"secs": 1526564627, "nsecs": 999670028}, "angular_velocity": {"y": -0.4597081633974483, "x": -0.1274308299202268, "z": -24.80645925587931}, "orientation": {"y": -0.019059199076021376, "x": 0.008238592675029329, "z": 0.6853158635001746, "w": 0.7279498882178124}, "linear_acceleration": {"y": -6.0, "x": 47.0, "z": 4107.0}}], "image_final": {"secs": 1526564627, "nsecs": 953506731, "filename": "1526564627.987197811_f.png"}}