{"image_initial": {"secs": 1526564627, "nsecs": 753512475, "filename": "1526564627.753512475_i.png"}, "imu": [{"stamp": {"secs": 1526564627, "nsecs": 729545116}, "angular_velocity": {"y": -3.461674476827695, "x": 2.6127360957108703, "z": -25.871110099595853}, "orientation": {"y": 0.0334447058632874, "x": -0.04048085303827903, "z": -0.6125220391403265, "w": -0.7887074893484832}, "linear_acceleration": {"y": -138.0, "x": 400.0, "z": 3993.0}}, {"stamp": {"secs": 1526564627, "nsecs": 739551067}, "angular_velocity": {"y": -3.095155333908886, "x": 1.932057687433082, "z": -25.33005803147761}, "orientation": {"y": 0.03710917765305232, "x": -0.06186933344890458, "z": -0.5114561077154302, "w": -0.8562755072948688}, "linear_acceleration": {"y": -89.0, "x": 477.0, "z": 3940.0}}, {"stamp": {"secs": 1526564627, "nsecs": 749543905}, "angular_velocity": {"y": -1.9083314425527418, "x": 0.5357942858376185, "z": -23.026223418845092}, "orientation": {"y": 0.03956238163201832, "x": -0.07286990900129316, "z": -0.4131923213404213, "w": -0.9068610146582881}, "linear_acceleration": {"y": -245.0, "x": 240.0, "z": 4010.0}}], "image_final": {"secs": 1526564627, "nsecs": 720185307, "filename": "1526564627.753512475_f.png"}}