{"image_initial": {"secs": 1526564623, "nsecs": 987785295, "filename": "1526564623.987785295_i.png"}, "imu": [{"stamp": {"secs": 1526564623, "nsecs": 988734960}, "angular_velocity": {"y": -0.389894993317675, "x": 0.09946197283903604, "z": -23.759261704682714}, "orientation": {"y": -0.020457747731453736, "x": 0.006893822450498139, "z": 0.7335697492271661, "w": 0.6792712115116977}, "linear_acceleration": {"y": 23.0, "x": 39.0, "z": 4023.0}}, {"stamp": {"secs": 1526564623, "nsecs": 998697042}, "angular_velocity": {"y": -0.30262853071795864, "x": 0.04710209527920614, "z": -24.579566453120048}, "orientation": {"y": -0.022306417699076993, "x": 0.01108945085353827, "z": 0.6488884994670235, "w": 0.7604756163537633}, "linear_acceleration": {"y": 7.0, "x": 49.0, "z": 4109.0}}, {"stamp": {"secs": 1526564624, "nsecs": 8683919}, "angular_velocity": {"y": -0.42480157835756166, "x": 0.518340993317675, "z": -24.00360779996192}, "orientation": {"y": -0.022939148581888866, "x": 0.017542926067481316, "z": 0.5573634848702652, "w": 0.8297662242707897}, "linear_acceleration": {"y": 73.0, "x": 22.0, "z": 4080.0}}], "image_final": {"secs": 1526564623, "nsecs": 976021608, "filename": "1526564623.987785295_f.png"}}