{"image_initial": {"secs": 1526564642, "nsecs": 486511057, "filename": "1526564642.486511057_i.png"}, "imu": [{"stamp": {"secs": 1526564642, "nsecs": 472657918}, "angular_velocity": {"y": -0.5644279185171079, "x": 0.08200868031909272, "z": 0.972053796076938}, "orientation": {"y": 0.07961921948024553, "x": 0.2567470426163917, "z": -0.9139826800495555, "w": 0.3039365008789254}, "linear_acceleration": {"y": 128.0, "x": -15.0, "z": 4114.0}}, {"stamp": {"secs": 1526564642, "nsecs": 482665061}, "angular_velocity": {"y": -1.4021859594743864, "x": -0.05761765984045364, "z": -1.1921544763960306}, "orientation": {"y": 0.07810529759762433, "x": 0.24784732566847165, "z": -0.919220782585178, "w": 0.2958114577051843}, "linear_acceleration": {"y": -10.0, "x": -13.0, "z": 4058.0}}, {"stamp": {"secs": 1526564642, "nsecs": 492702960}, "angular_velocity": {"y": -1.6116254697137058, "x": 0.01219551023931953, "z": -2.4662448303518913}, "orientation": {"y": 0.07758025487735927, "x": 0.2374654300549542, "z": -0.9264227808411192, "w": 0.2816599096793635}, "linear_acceleration": {"y": -108.0, "x": 58.0, "z": 4035.0}}], "image_final": {"secs": 1526564642, "nsecs": 484022505, "filename": "1526564642.486511057_f.png"}}