{"image_initial": {"secs": 1526564630, "nsecs": 353441658, "filename": "1526564630.353441658_i.png"}, "imu": [{"stamp": {"secs": 1526564630, "nsecs": 370106935}, "angular_velocity": {"y": -0.49461474843733494, "x": 0.5357942858376185, "z": -7.59751283121522}, "orientation": {"y": 0.10957544611563128, "x": 0.29930031529226325, "z": -0.9146666309322029, "w": 0.2485910238396501}, "linear_acceleration": {"y": 398.0, "x": -133.0, "z": 4223.0}}, {"stamp": {"secs": 1526564630, "nsecs": 380105972}, "angular_velocity": {"y": -2.1352242453120045, "x": 2.0716840275926285, "z": -6.305969184739417}, "orientation": {"y": 0.10550440266266471, "x": 0.2863142498877398, "z": -0.9277732120079125, "w": 0.21477857996209956}, "linear_acceleration": {"y": 244.0, "x": 166.0, "z": 4138.0}}, {"stamp": {"secs": 1526564630, "nsecs": 390136003}, "angular_velocity": {"y": -3.1649685039886593, "x": 2.7349091433504737, "z": -4.508280055185257}, "orientation": {"y": 0.0946924274430267, "x": 0.2695840143361432, "z": -0.9395763859512529, "w": 0.18855773217277397}, "linear_acceleration": {"y": -65.0, "x": 431.0, "z": 3993.0}}], "image_final": {"secs": 1526564630, "nsecs": 319736161, "filename": "1526564630.353441658_f.png"}}