{"image_initial": {"secs": 1526564635, "nsecs": 986635904, "filename": "1526564635.986635904_i.png"}, "imu": [{"stamp": {"secs": 1526564635, "nsecs": 991396903}, "angular_velocity": {"y": -0.33753511575784517, "x": -0.2670571700797732, "z": -23.933794629882144}, "orientation": {"y": 0.013775918717943259, "x": -0.03717312706497086, "z": 0.8052923224731687, "w": 0.5915510612393983}, "linear_acceleration": {"y": 62.0, "x": 85.0, "z": 4046.0}}, {"stamp": {"secs": 1526564636, "nsecs": 1215934}, "angular_velocity": {"y": -0.23281536063818548, "x": -0.14488412244017013, "z": -24.05596767752175}, "orientation": {"y": 0.006337001186165609, "x": -0.03741133125964783, "z": 0.7334349590997942, "w": 0.6786997830260674}, "linear_acceleration": {"y": 25.0, "x": -64.0, "z": 4116.0}}, {"stamp": {"secs": 1526564636, "nsecs": 11212110}, "angular_velocity": {"y": -0.5469746259971648, "x": 0.273994898038469, "z": -24.439940112960503}, "orientation": {"y": -0.0010324902986129313, "x": -0.03417172602984447, "z": 0.649201161720925, "w": 0.7598480629205592}, "linear_acceleration": {"y": 56.0, "x": 82.0, "z": 4073.0}}], "image_final": {"secs": 1526564635, "nsecs": 953610564, "filename": "1526564635.986635904_f.png"}}