{"image_initial": {"secs": 1526564632, "nsecs": 130512615, "filename": "1526564632.130512615_i.png"}, "imu": [{"stamp": {"secs": 1526564632, "nsecs": 110394954}, "angular_velocity": {"y": -0.2677219456780721, "x": 0.3961679456780721, "z": -23.968701214922028}, "orientation": {"y": -0.01466509300809606, "x": 0.058999874737162186, "z": -0.5145733789006344, "w": 0.8552883651464267}, "linear_acceleration": {"y": 94.0, "x": 44.0, "z": 4055.0}}, {"stamp": {"secs": 1526564632, "nsecs": 120394945}, "angular_velocity": {"y": -0.6866009661567112, "x": 0.04710209527920614, "z": -24.439940112960503}, "orientation": {"y": -0.014271188060751998, "x": 0.05855161399060109, "z": -0.6170773137330795, "w": 0.7845913780856866}, "linear_acceleration": {"y": 51.0, "x": 235.0, "z": 4103.0}}, {"stamp": {"secs": 1526564632, "nsecs": 130425930}, "angular_velocity": {"y": -0.7913207212763709, "x": 0.08200868031909272, "z": -23.95124792240209}, "orientation": {"y": -0.013693581652593928, "x": 0.057473951424216664, "z": -0.7090792017816837, "w": 0.7026492128579246}, "linear_acceleration": {"y": -23.0, "x": 31.0, "z": 4034.0}}], "image_final": {"secs": 1526564632, "nsecs": 53797153, "filename": "1526564632.130512615_f.png"}}