{"image_initial": {"secs": 1526564628, "nsecs": 519785839, "filename": "1526564628.519785839_i.png"}, "imu": [{"stamp": {"secs": 1526564628, "nsecs": 529822111}, "angular_velocity": {"y": -0.442254870877505, "x": -0.47649668031909276, "z": 1.1989465988362007}, "orientation": {"y": 0.16594266221954762, "x": -0.04372034147306772, "z": 0.02009169356809734, "w": -0.9849608563016773}, "linear_acceleration": {"y": -93.0, "x": -139.0, "z": 4052.0}}, {"stamp": {"secs": 1526564628, "nsecs": 539736032}, "angular_velocity": {"y": -0.2502686531581288, "x": 0.02964880275926285, "z": -0.7034622858376184}, "orientation": {"y": 0.17149801495888373, "x": -0.04527086025251491, "z": 0.022121657190382095, "w": -0.9838951226428105}, "linear_acceleration": {"y": -50.0, "x": -47.0, "z": 4069.0}}, {"stamp": {"secs": 1526564628, "nsecs": 549745082}, "angular_velocity": {"y": 0.011530734641020668, "x": 0.43107453071795865, "z": -2.1520855649929116}, "orientation": {"y": 0.17553528217413752, "x": -0.050088344273415575, "z": 0.030977523542072737, "w": -0.9827099854561334}, "linear_acceleration": {"y": -26.0, "x": 90.0, "z": 4058.0}}], "image_final": {"secs": 1526564628, "nsecs": 485988094, "filename": "1526564628.519785839_f.png"}}