{"image_initial": {"secs": 1526564634, "nsecs": 519684891, "filename": "1526564634.519684891_i.png"}, "imu": [{"stamp": {"secs": 1526564634, "nsecs": 500893115}, "angular_velocity": {"y": -1.5243590071139892, "x": 0.20418172795869574, "z": -2.8327639732707}, "orientation": {"y": 0.0660362162088084, "x": 0.21433241778534878, "z": -0.8816518510845105, "w": 0.41519976675615583}, "linear_acceleration": {"y": -148.0, "x": 136.0, "z": 4015.0}}, {"stamp": {"secs": 1526564634, "nsecs": 510904073}, "angular_velocity": {"y": -0.8611338913561442, "x": 0.3961679456780721, "z": -2.2393520275926284}, "orientation": {"y": 0.06353372576405324, "x": 0.20891087514423484, "z": -0.8893069462945761, "w": 0.4018119799224806}, "linear_acceleration": {"y": -93.0, "x": 211.0, "z": 4019.0}}, {"stamp": {"secs": 1526564634, "nsecs": 520881891}, "angular_velocity": {"y": 0.028984027160963932, "x": 0.44852782323790197, "z": -1.2270610614359172}, "orientation": {"y": 0.06138952077227914, "x": 0.20788690530404363, "z": -0.8938080498731085, "w": 0.3925831521149221}, "linear_acceleration": {"y": -28.0, "x": 266.0, "z": 4030.0}}], "image_final": {"secs": 1526564634, "nsecs": 485954144, "filename": "1526564634.519684891_f.png"}}