{"image_initial": {"secs": 1526564643, "nsecs": 686340269, "filename": "1526564643.686340269_i.png"}, "imu": [{"stamp": {"secs": 1526564643, "nsecs": 672997951}, "angular_velocity": {"y": 0.44786304763960305, "x": -0.6510296055185257, "z": -3.129469946109736}, "orientation": {"y": -0.0008456804222425313, "x": 6.113311107005307e-05, "z": -0.9808983057727481, "w": -0.19451939445597294}, "linear_acceleration": {"y": -171.0, "x": -299.0, "z": 4037.0}}, {"stamp": {"secs": 1526564643, "nsecs": 682944059}, "angular_velocity": {"y": 0.8841953606381854, "x": -1.5411475240356338, "z": -13.357099362796507}, "orientation": {"y": 0.005445673931155044, "x": 0.010791027082484368, "z": -0.9658419304373629, "w": -0.2588498865732197}, "linear_acceleration": {"y": -69.0, "x": -660.0, "z": 4084.0}}, {"stamp": {"secs": 1526564643, "nsecs": 692940950}, "angular_velocity": {"y": 1.1285414559173914, "x": -1.7680403267948965, "z": -20.39077624833366}, "orientation": {"y": 0.011533207480103513, "x": 0.01869995341854558, "z": -0.9359284840616088, "w": -0.351504153018857}, "linear_acceleration": {"y": 328.0, "x": -354.0, "z": 4254.0}}], "image_final": {"secs": 1526564643, "nsecs": 653830506, "filename": "1526564643.686340269_f.png"}}