{"image_initial": {"secs": 1526564636, "nsecs": 553664191, "filename": "1526564636.553664191_i.png"}, "imu": [{"stamp": {"secs": 1526564636, "nsecs": 561454057}, "angular_velocity": {"y": 0.43040975511965973, "x": 0.745233796076938, "z": -2.4662448303518913}, "orientation": {"y": 0.16976446464526213, "x": -0.033356916576520276, "z": -0.10959107728255801, "w": -0.9788039325831619}, "linear_acceleration": {"y": 48.0, "x": 222.0, "z": 4042.0}}, {"stamp": {"secs": 1526564636, "nsecs": 571383953}, "angular_velocity": {"y": 0.3780498775598299, "x": 0.692873918517108, "z": -1.8902861771937625}, "orientation": {"y": 0.1712249590211939, "x": -0.039505990600634124, "z": -0.1030407226284793, "w": -0.9790321238831002}, "linear_acceleration": {"y": 90.0, "x": 272.0, "z": 4075.0}}, {"stamp": {"secs": 1526564636, "nsecs": 581371068}, "angular_velocity": {"y": 0.18606365984045362, "x": 0.1518218503988659, "z": -1.0525281362364842}, "orientation": {"y": 0.17407792497677496, "x": -0.04236170035118883, "z": -0.10005959805909864, "w": -0.9787187743245696}, "linear_acceleration": {"y": 79.0, "x": 259.0, "z": 4071.0}}], "image_final": {"secs": 1526564636, "nsecs": 519890361, "filename": "1526564636.553664191_f.png"}}