{"image_initial": {"secs": 1526564629, "nsecs": 820916042, "filename": "1526564629.820916042_i.png"}, "imu": [{"stamp": {"secs": 1526564629, "nsecs": 829998016}, "angular_velocity": {"y": 0.43040975511965973, "x": -1.0699086259971649, "z": 24.813251378319478}, "orientation": {"y": -0.010335691310906982, "x": 0.3811918593320819, "z": -0.7425345903203631, "w": 0.5506617128889993}, "linear_acceleration": {"y": 119.0, "x": 259.0, "z": 4050.0}}, {"stamp": {"secs": 1526564629, "nsecs": 839987993}, "angular_velocity": {"y": 0.6049426803190927, "x": -0.912828993317675, "z": 27.58832488899046}, "orientation": {"y": -0.05840346235651584, "x": 0.3737792617187023, "z": -0.6619523987319275, "w": 0.647068096035371}, "linear_acceleration": {"y": 0.0, "x": 9.0, "z": 4090.0}}, {"stamp": {"secs": 1526564629, "nsecs": 849993944}, "angular_velocity": {"y": 0.6747558503988659, "x": -0.4939499728390361, "z": 28.09447037206882}, "orientation": {"y": -0.10779222411738357, "x": 0.3601820857287415, "z": -0.5670236183488352, "w": 0.732894206399884}, "linear_acceleration": {"y": 24.0, "x": 131.0, "z": 4033.0}}], "image_final": {"secs": 1526564629, "nsecs": 808994940, "filename": "1526564629.820916042_f.png"}}