{"image_initial": {"secs": 1526564645, "nsecs": 686297913, "filename": "1526564645.686297913_i.png"}, "imu": [{"stamp": {"secs": 1526564645, "nsecs": 683386087}, "angular_velocity": {"y": 0.7620223129985824, "x": 2.752362435870417, "z": 16.121511703387718}, "orientation": {"y": 0.29741914177019974, "x": -0.14392374480397715, "z": -0.6135050496643473, "w": -0.717244284624579}, "linear_acceleration": {"y": 307.0, "x": 1109.0, "z": 4097.0}}, {"stamp": {"secs": 1526564645, "nsecs": 693377017}, "angular_velocity": {"y": 0.6922091429188092, "x": 2.3334834153917776, "z": 24.987784303518914}, "orientation": {"y": 0.30235872289792376, "x": -0.11429632749827943, "z": -0.7042632404804647, "w": -0.6320829378458953}, "linear_acceleration": {"y": 164.0, "x": 872.0, "z": 4006.0}}, {"stamp": {"secs": 1526564645, "nsecs": 703387975}, "angular_velocity": {"y": 0.6922091429188092, "x": 0.20418172795869574, "z": 31.864381556376568}, "orientation": {"y": 0.31115304301303526, "x": -0.06562474010274351, "z": -0.7981871151932326, "w": -0.5116390392158139}, "linear_acceleration": {"y": 149.0, "x": 752.0, "z": 3978.0}}], "image_final": {"secs": 1526564645, "nsecs": 654352559, "filename": "1526564645.686297913_f.png"}}