{"image_initial": {"secs": 1526564637, "nsecs": 987439963, "filename": "1526564637.987439963_i.png"}, "imu": [{"stamp": {"secs": 1526564637, "nsecs": 992407083}, "angular_velocity": {"y": 0.622395972839036, "x": -0.6510296055185257, "z": 26.279327949994716}, "orientation": {"y": -0.2971486837030683, "x": -0.09866469825437603, "z": 0.9163408203258694, "w": 0.2495745141163645}, "linear_acceleration": {"y": -24.0, "x": -237.0, "z": 4093.0}}, {"stamp": {"secs": 1526564638, "nsecs": 1749992}, "angular_velocity": {"y": 0.6573025578789226, "x": -0.4415900952792061, "z": 26.55858063031381}, "orientation": {"y": -0.2802679713749137, "x": -0.1366449517573815, "z": 0.9404307325295507, "w": 0.13552881130795125}, "linear_acceleration": {"y": 30.0, "x": 19.0, "z": 4139.0}}, {"stamp": {"secs": 1526564638, "nsecs": 11765003}, "angular_velocity": {"y": 0.8143821905584123, "x": -0.3019637551196598, "z": 23.259908344044522}, "orientation": {"y": -0.2599654944419947, "x": -0.17100574983522435, "z": 0.9499523469437665, "w": 0.02766791930831971}, "linear_acceleration": {"y": 63.0, "x": -4.0, "z": 4075.0}}], "image_final": {"secs": 1526564637, "nsecs": 979123483, "filename": "1526564637.987439963_f.png"}}