{"image_initial": {"secs": 1526564635, "nsecs": 720063967, "filename": "1526564635.720063967_i.png"}, "imu": [{"stamp": {"secs": 1526564635, "nsecs": 721261978}, "angular_velocity": {"y": -3.3744080142279786, "x": 2.7174558508305307, "z": -27.162653746071655}, "orientation": {"y": 0.00427000025662003, "x": 0.015954417775289286, "z": -0.7433624419652646, "w": -0.6686849060108196}, "linear_acceleration": {"y": 77.0, "x": 316.0, "z": 4032.0}}, {"stamp": {"secs": 1526564635, "nsecs": 731163978}, "angular_velocity": {"y": -3.3569547217080355, "x": 2.2462169527920612, "z": -25.4871376641571}, "orientation": {"y": 0.011510691186979151, "x": -0.005324137699592344, "z": -0.6570142454651597, "w": -0.7537714765112835}, "linear_acceleration": {"y": -139.0, "x": 616.0, "z": 3971.0}}, {"stamp": {"secs": 1526564635, "nsecs": 741156101}, "angular_velocity": {"y": -2.362117048071268, "x": 1.0070331838760873, "z": -23.7941682897226}, "orientation": {"y": 0.018943812519481483, "x": -0.018653996266149074, "z": -0.5667344597492785, "w": -0.8234714400167272}, "linear_acceleration": {"y": -192.0, "x": 363.0, "z": 3935.0}}], "image_final": {"secs": 1526564635, "nsecs": 686183555, "filename": "1526564635.720063967_f.png"}}