{"image_initial": {"secs": 1526564627, "nsecs": 685998650, "filename": "1526564627.685998650_i.png"}, "imu": [{"stamp": {"secs": 1526564627, "nsecs": 679507017}, "angular_velocity": {"y": 0.8841953606381854, "x": -1.4887876464758039, "z": -13.583992165555768}, "orientation": {"y": 0.011891086898272432, "x": 0.0073775543059012814, "z": -0.9626384494699113, "w": -0.27042815930854236}, "linear_acceleration": {"y": -69.0, "x": -461.0, "z": 4034.0}}, {"stamp": {"secs": 1526564627, "nsecs": 689543962}, "angular_velocity": {"y": 1.0238217007977317, "x": -1.7505870342749534, "z": -20.652575636132806}, "orientation": {"y": 0.018891543674725026, "x": 0.015824217003592055, "z": -0.9308897204208705, "w": -0.3644681497038704}, "linear_acceleration": {"y": 100.0, "x": -548.0, "z": 4110.0}}, {"stamp": {"secs": 1526564627, "nsecs": 699549913}, "angular_velocity": {"y": 0.32569, "x": -0.9477355783575616, "z": -28.017865079548876}, "orientation": {"y": 0.024210465561881403, "x": 0.015678379454305155, "z": -0.8734845420496739, "w": -0.4859967042843351}, "linear_acceleration": {"y": 399.0, "x": -267.0, "z": 4189.0}}], "image_final": {"secs": 1526564627, "nsecs": 653518889, "filename": "1526564627.685998650_f.png"}}