{"image_initial": {"secs": 1526564630, "nsecs": 486094006, "filename": "1526564630.486094006_i.png"}, "imu": [{"stamp": {"secs": 1526564630, "nsecs": 470123052}, "angular_velocity": {"y": 0.06389061220085057, "x": 0.1518218503988659, "z": 1.4781992791552936}, "orientation": {"y": 0.08360872735128717, "x": 0.2697467376281058, "z": -0.9387680919092467, "w": 0.19738477110142982}, "linear_acceleration": {"y": 175.0, "x": -37.0, "z": 4141.0}}, {"stamp": {"secs": 1526564630, "nsecs": 480125904}, "angular_velocity": {"y": -1.0705734015954635, "x": -0.09252424488034024, "z": -0.563835945678072}, "orientation": {"y": 0.08256405007457035, "x": 0.2621552168038978, "z": -0.9420849865468561, "w": 0.1921814196554781}, "linear_acceleration": {"y": 49.0, "x": -36.0, "z": 4083.0}}, {"stamp": {"secs": 1526564630, "nsecs": 490129947}, "angular_velocity": {"y": -1.5418122996339325, "x": -0.04016436732051035, "z": -2.1346322724729685}, "orientation": {"y": 0.08294674742240525, "x": 0.2516871753433967, "z": -0.9473740785836291, "w": 0.1795988810865078}, "linear_acceleration": {"y": -39.0, "x": 4.0, "z": 4065.0}}], "image_final": {"secs": 1526564630, "nsecs": 482364469, "filename": "1526564630.486094006_f.png"}}