{"image_initial": {"secs": 1526564624, "nsecs": 143575267, "filename": "1526564624.143575267_i.png"}, "imu": [{"stamp": {"secs": 1526564624, "nsecs": 118741989}, "angular_velocity": {"y": -0.6167877960769379, "x": 0.23908831299858238, "z": -24.527206575560218}, "orientation": {"y": -0.01294182080170379, "x": 0.06237320993131153, "z": -0.6954740099382553, "w": 0.7157220085044226}, "linear_acceleration": {"y": 50.0, "x": 259.0, "z": 4102.0}}, {"stamp": {"secs": 1526564624, "nsecs": 128720998}, "angular_velocity": {"y": -0.7040542586766543, "x": 0.01219551023931953, "z": -22.97386354128526}, "orientation": {"y": -0.011091392163000067, "x": 0.060723247537691434, "z": -0.7751704387583211, "w": 0.6287292414892081}, "linear_acceleration": {"y": 0.0, "x": 62.0, "z": 4005.0}}, {"stamp": {"secs": 1526564624, "nsecs": 138724088}, "angular_velocity": {"y": -0.5295213334772215, "x": -0.14488412244017013, "z": -24.213047310201237}, "orientation": {"y": -0.0072042049343842025, "x": 0.058701393719449074, "z": -0.8475467370630416, "w": 0.5274151820913471}, "linear_acceleration": {"y": -76.0, "x": 72.0, "z": 4076.0}}], "image_final": {"secs": 1526564624, "nsecs": 53501224, "filename": "1526564624.143575267_f.png"}}