{"image_initial": {"secs": 1526564644, "nsecs": 386414012, "filename": "1526564644.386414012_i.png"}, "imu": [{"stamp": {"secs": 1526564644, "nsecs": 403384923}, "angular_velocity": {"y": -0.5993345035569946, "x": -1.139721796076938, "z": 3.4329680413889423}, "orientation": {"y": 0.11190971023515345, "x": 0.0019293534548889828, "z": -0.15967182506952687, "w": -0.9808044670724622}, "linear_acceleration": {"y": -124.0, "x": -769.0, "z": 4087.0}}, {"stamp": {"secs": 1526564644, "nsecs": 413042068}, "angular_velocity": {"y": -0.3724417007977318, "x": 1.2513792791552936, "z": -0.7209155783575616}, "orientation": {"y": 0.1161206322027289, "x": -0.005920798624600641, "z": -0.15978438475038156, "w": -0.9802805176634022}, "linear_acceleration": {"y": -108.0, "x": -412.0, "z": 4050.0}}, {"stamp": {"secs": 1526564644, "nsecs": 423022985}, "angular_velocity": {"y": -0.07573572795869576, "x": 2.525469633111154, "z": -4.211574082346221}, "orientation": {"y": 0.11808765195282517, "x": -0.021988416517509733, "z": -0.1432573687556227, "w": -0.982369147669315}, "linear_acceleration": {"y": -84.0, "x": -18.0, "z": 4039.0}}], "image_final": {"secs": 1526564644, "nsecs": 352547682, "filename": "1526564644.386414012_f.png"}}