{"image_initial": {"secs": 1526564624, "nsecs": 486076324, "filename": "1526564624.486076324_i.png"}, "imu": [{"stamp": {"secs": 1526564624, "nsecs": 488790035}, "angular_velocity": {"y": 0.09879719724073713, "x": -1.0524553334772215, "z": 3.6947674291880923}, "orientation": {"y": 0.13552506678077345, "x": -0.07339144060312808, "z": 0.07658618660173518, "w": -0.9850792905863307}, "linear_acceleration": {"y": 83.0, "x": 225.0, "z": 4074.0}}, {"stamp": {"secs": 1526564624, "nsecs": 498806953}, "angular_velocity": {"y": -0.1106423129985824, "x": -1.3491613063162575, "z": 4.7943248579445195}, "orientation": {"y": 0.14205931783686548, "x": -0.06362623831387412, "z": 0.05284739586842469, "w": -0.9863964744278422}, "linear_acceleration": {"y": 27.0, "x": -28.0, "z": 4100.0}}, {"stamp": {"secs": 1526564624, "nsecs": 508771896}, "angular_velocity": {"y": -0.23281536063818548, "x": -1.2444415511965976, "z": 4.357992544945937}, "orientation": {"y": 0.14889791674893832, "x": -0.05477941632232965, "z": 0.031160695540478702, "w": -0.9868422553724808}, "linear_acceleration": {"y": 1.0, "x": -158.0, "z": 4082.0}}], "image_final": {"secs": 1526564624, "nsecs": 474519135, "filename": "1526564624.486076324_f.png"}}