{"image_initial": {"secs": 1526564628, "nsecs": 469674547, "filename": "1526564628.469674547_i.png"}, "imu": [{"stamp": {"secs": 1526564628, "nsecs": 449771881}, "angular_velocity": {"y": 0.3780498775598299, "x": 1.7400714697137059, "z": -6.7073949126981125}, "orientation": {"y": 0.12657390226556162, "x": -0.062039641614380144, "z": 0.0655965601056293, "w": -0.9878396739531855}, "linear_acceleration": {"y": 53.0, "x": 413.0, "z": 4044.0}}, {"stamp": {"secs": 1526564628, "nsecs": 459728002}, "angular_velocity": {"y": 0.41295646259971647, "x": 0.9721265988362007, "z": -5.398397973702365}, "orientation": {"y": 0.1278971502020359, "x": -0.07074535065160514, "z": 0.09035018513085877, "w": -0.9851265189701265}, "linear_acceleration": {"y": 112.0, "x": 454.0, "z": 4044.0}}, {"stamp": {"secs": 1526564628, "nsecs": 469784975}, "angular_velocity": {"y": 0.44786304763960305, "x": 0.44852782323790197, "z": -2.9025771433504737}, "orientation": {"y": 0.12968258874559718, "x": -0.07527706717538153, "z": 0.10339880761540035, "w": -0.9832723304951823}, "linear_acceleration": {"y": 116.0, "x": 456.0, "z": 4067.0}}], "image_final": {"secs": 1526564628, "nsecs": 387245825, "filename": "1526564628.469674547_f.png"}}