{"image_initial": {"secs": 1526564644, "nsecs": 552503955, "filename": "1526564644.552503955_i.png"}, "imu": [{"stamp": {"secs": 1526564644, "nsecs": 553076982}, "angular_velocity": {"y": 0.2733301224401701, "x": 0.867406843716541, "z": -2.6058711705114375}, "orientation": {"y": 0.16497821920988243, "x": -0.05195388998672609, "z": -0.12158324770974985, "w": -0.9773947484910755}, "linear_acceleration": {"y": -1.0, "x": 119.0, "z": 4058.0}}, {"stamp": {"secs": 1526564644, "nsecs": 563080072}, "angular_velocity": {"y": 0.3780498775598299, "x": 0.867406843716541, "z": -2.3615250752322314}, "orientation": {"y": 0.16602295544953083, "x": -0.05895683804337315, "z": -0.11301498515744353, "w": -0.9778487013038332}, "linear_acceleration": {"y": 60.0, "x": 219.0, "z": 4062.0}}, {"stamp": {"secs": 1526564644, "nsecs": 573915004}, "angular_velocity": {"y": 0.36059658503988656, "x": 0.5881541633974483, "z": -1.6982999594743864}, "orientation": {"y": 0.16765634314558545, "x": -0.06442872315628041, "z": -0.10690728038276316, "w": -0.9779116134071946}, "linear_acceleration": {"y": 83.0, "x": 287.0, "z": 4058.0}}], "image_final": {"secs": 1526564644, "nsecs": 520034357, "filename": "1526564644.552503955_f.png"}}