{"image_initial": {"secs": 1526564632, "nsecs": 309348306, "filename": "1526564632.309348306_i.png"}, "imu": [{"stamp": {"secs": 1526564632, "nsecs": 290489912}, "angular_velocity": {"y": -0.5993345035569946, "x": -0.1274308299202268, "z": -23.183303051524586}, "orientation": {"y": 0.05484764120529154, "x": -0.014965577124358313, "z": -0.36686048032324364, "w": -0.9285371051996519}, "linear_acceleration": {"y": 8.0, "x": -95.0, "z": 4006.0}}, {"stamp": {"secs": 1526564632, "nsecs": 300431966}, "angular_velocity": {"y": -0.6866009661567112, "x": -0.4415900952792061, "z": -23.410195854283845}, "orientation": {"y": 0.059738510720068576, "x": -0.021130236266468774, "z": -0.26044235872931526, "w": -0.96340780629585}, "linear_acceleration": {"y": -53.0, "x": 71.0, "z": 4148.0}}, {"stamp": {"secs": 1526564632, "nsecs": 310733079}, "angular_velocity": {"y": -0.3549884082777885, "x": -0.2321505850398866, "z": -25.853656807075907}, "orientation": {"y": 0.06191820120811945, "x": -0.028892027758981302, "z": -0.1344585867479717, "w": -0.9885607090820793}, "linear_acceleration": {"y": -15.0, "x": -153.0, "z": 3993.0}}], "image_final": {"secs": 1526564632, "nsecs": 219704421, "filename": "1526564632.309348306_f.png"}}