{"image_initial": {"secs": 1526564645, "nsecs": 720039746, "filename": "1526564645.720039746_i.png"}, "imu": [{"stamp": {"secs": 1526564645, "nsecs": 723395109}, "angular_velocity": {"y": 0.622395972839036, "x": -4.194047987067014, "z": 33.4875377607313}, "orientation": {"y": 0.33029504874772947, "x": 0.05649167741696049, "z": -0.9160523875642428, "w": -0.22036763463177494}, "linear_acceleration": {"y": -2.0, "x": -163.0, "z": 3990.0}}, {"stamp": {"secs": 1526564645, "nsecs": 734368085}, "angular_velocity": {"y": 0.8492887755982987, "x": -4.159141402027128, "z": 30.886997175259747}, "orientation": {"y": 0.33159052424258745, "x": 0.12055963163881653, "z": -0.9334703248172804, "w": -0.0643913980059421}, "linear_acceleration": {"y": -26.0, "x": -572.0, "z": 4130.0}}, {"stamp": {"secs": 1526564645, "nsecs": 743392944}, "angular_velocity": {"y": 1.0063684082777884, "x": -3.2864767760299634, "z": 28.932228413026092}, "orientation": {"y": 0.32363587572274644, "x": 0.16780952381851616, "z": -0.9294764545905253, "w": 0.056332086973598504}, "linear_acceleration": {"y": 38.0, "x": -548.0, "z": 4098.0}}], "image_final": {"secs": 1526564645, "nsecs": 686297913, "filename": "1526564645.720039746_f.png"}}