{"image_initial": {"secs": 1526564644, "nsecs": 320048001, "filename": "1526564644.320048001_i.png"}, "imu": [{"stamp": {"secs": 1526564644, "nsecs": 322990894}, "angular_velocity": {"y": 0.2907834149601134, "x": 1.23392598663535, "z": -23.48000902436362}, "orientation": {"y": 0.06034832761645148, "x": -0.03863352650038163, "z": 0.016313925929008436, "w": -0.9972960371949869}, "linear_acceleration": {"y": 32.0, "x": 354.0, "z": 4082.0}}, {"stamp": {"secs": 1526564644, "nsecs": 332981109}, "angular_velocity": {"y": 1.1110881633974483, "x": 3.3283210890285457, "z": -13.74107179823526}, "orientation": {"y": 0.05701462707947838, "x": -0.060062539327056096, "z": 0.08197793344629745, "w": -0.9931875160796416}, "linear_acceleration": {"y": 263.0, "x": 685.0, "z": 4082.0}}, {"stamp": {"secs": 1526564644, "nsecs": 342982053}, "angular_velocity": {"y": 1.0761815783575617, "x": 4.0962659599060505, "z": -2.6058711705114375}, "orientation": {"y": 0.05744902642412385, "x": -0.08194249733152068, "z": 0.09254848678113387, "w": -0.9906663485192764}, "linear_acceleration": {"y": 317.0, "x": 1182.0, "z": 4089.0}}], "image_final": {"secs": 1526564644, "nsecs": 306020008, "filename": "1526564644.320048001_f.png"}}