{"image_initial": {"secs": 1526564625, "nsecs": 686026680, "filename": "1526564625.686026680_i.png"}, "imu": [{"stamp": {"secs": 1526564625, "nsecs": 669039964}, "angular_velocity": {"y": 0.22097024488034023, "x": 0.518340993317675, "z": 1.268759768915974}, "orientation": {"y": 0.34511286914444694, "x": -0.14197272960613988, "z": -0.2643769801899478, "w": -0.889295037625148}, "linear_acceleration": {"y": 123.0, "x": 532.0, "z": 4106.0}}, {"stamp": {"secs": 1526564625, "nsecs": 679019927}, "angular_velocity": {"y": 0.8143821905584123, "x": 2.2985768303518914, "z": 10.327018586766545}, "orientation": {"y": 0.3470227383973853, "x": -0.13521930324830908, "z": -0.31779481617328376, "w": -0.871950350580588}, "linear_acceleration": {"y": 205.0, "x": 809.0, "z": 4107.0}}, {"stamp": {"secs": 1526564625, "nsecs": 689030885}, "angular_velocity": {"y": 0.8318354830783556, "x": 2.909442068549907, "z": 19.018758261698306}, "orientation": {"y": 0.351484695925889, "x": -0.11604445359545881, "z": -0.4071218161904069, "w": -0.8350113892046271}, "linear_acceleration": {"y": 248.0, "x": 1042.0, "z": 3928.0}}], "image_final": {"secs": 1526564625, "nsecs": 653523336, "filename": "1526564625.686026680_f.png"}}