{"image_initial": {"secs": 1526564626, "nsecs": 320058436, "filename": "1526564626.320058436_i.png"}, "imu": [{"stamp": {"secs": 1526564626, "nsecs": 329214096}, "angular_velocity": {"y": 0.6747558503988659, "x": -0.33687034015954637, "z": 23.312268221604352}, "orientation": {"y": 0.09209799369292089, "x": 0.293484097795417, "z": -0.9197766574495659, "w": 0.24371283164793067}, "linear_acceleration": {"y": -322.0, "x": -410.0, "z": 4013.0}}, {"stamp": {"secs": 1526564626, "nsecs": 339211940}, "angular_velocity": {"y": 1.3205276736367677, "x": -1.1746283811168245, "z": 16.016791948268057}, "orientation": {"y": 0.07456910700125624, "x": 0.3027633556767102, "z": -0.8966331282151121, "w": 0.31436099014921554}, "linear_acceleration": {"y": -179.0, "x": -580.0, "z": 4050.0}}, {"stamp": {"secs": 1526564626, "nsecs": 349225044}, "angular_velocity": {"y": 1.7743132791552936, "x": -1.9949331295541592, "z": 5.684442776461627}, "orientation": {"y": 0.07667222892331386, "x": 0.3078077311575361, "z": -0.8857168065837112, "w": 0.33894174792541215}, "linear_acceleration": {"y": 139.0, "x": -526.0, "z": 4198.0}}], "image_final": {"secs": 1526564626, "nsecs": 308710994, "filename": "1526564626.320058436_f.png"}}