{"image_initial": {"secs": 1526564636, "nsecs": 153706244, "filename": "1526564636.153706244_i.png"}, "imu": [{"stamp": {"secs": 1526564636, "nsecs": 161278963}, "angular_velocity": {"y": 0.2384235374002835, "x": 0.08200868031909272, "z": -25.260244861397837}, "orientation": {"y": -0.04700803757051021, "x": 0.044910504968453877, "z": -0.9116762076704735, "w": 0.4057336359174966}, "linear_acceleration": {"y": -80.0, "x": -41.0, "z": 4072.0}}, {"stamp": {"secs": 1526564636, "nsecs": 171258926}, "angular_velocity": {"y": 0.41295646259971647, "x": 0.3961679456780721, "z": -25.55695083423687}, "orientation": {"y": -0.04383118273727029, "x": 0.05271101576740053, "z": -0.9567165969038223, "w": 0.2828316273781811}, "linear_acceleration": {"y": 37.0, "x": 39.0, "z": 4018.0}}, {"stamp": {"secs": 1526564636, "nsecs": 181241035}, "angular_velocity": {"y": 0.6398492653589793, "x": 0.692873918517108, "z": -26.44706875275398}, "orientation": {"y": -0.04055710837860517, "x": 0.06122780120451191, "z": -0.9858565416059886, "w": 0.15064247970710867}, "linear_acceleration": {"y": 35.0, "x": 81.0, "z": 4143.0}}], "image_final": {"secs": 1526564636, "nsecs": 146672248, "filename": "1526564636.153706244_f.png"}}