{"image_initial": {"secs": 1526564649, "nsecs": 853841602, "filename": "1526564649.853841602_i.png"}, "imu": [{"stamp": {"secs": 1526564649, "nsecs": 834367990}, "angular_velocity": {"y": 0.011530734641020668, "x": 0.04710209527920614, "z": 0.08193587755982988}, "orientation": {"y": 0.19570651660343774, "x": 0.18721938560829032, "z": -0.9531982449391981, "w": 0.1343910966404957}, "linear_acceleration": {"y": 24.0, "x": 244.0, "z": 4040.0}}, {"stamp": {"secs": 1526564649, "nsecs": 844316005}, "angular_velocity": {"y": 0.011530734641020668, "x": -0.2321505850398866, "z": 0.9022406259971648}, "orientation": {"y": 0.1938844616120743, "x": 0.18653473958207276, "z": -0.9534941751922946, "w": 0.13587665122753853}, "linear_acceleration": {"y": 13.0, "x": 190.0, "z": 4050.0}}, {"stamp": {"secs": 1526564649, "nsecs": 855343103}, "angular_velocity": {"y": 0.06389061220085057, "x": -0.45904338779914944, "z": 1.4083861090755203}, "orientation": {"y": 0.1925625385040356, "x": 0.1864789456717625, "z": -0.9531273541887114, "w": 0.14033359641673912}, "linear_acceleration": {"y": 13.0, "x": 127.0, "z": 4048.0}}], "image_final": {"secs": 1526564649, "nsecs": 820153102, "filename": "1526564649.853841602_f.png"}}