{"image_initial": {"secs": 1526564637, "nsecs": 886169471, "filename": "1526564637.886169471_i.png"}, "imu": [{"stamp": {"secs": 1526564637, "nsecs": 891741037}, "angular_velocity": {"y": 1.0761815783575617, "x": -0.47649668031909276, "z": 23.067922126325147}, "orientation": {"y": -0.2008219382403155, "x": 0.2584270903002793, "z": 0.10092659918576302, "w": 0.9395210533549158}, "linear_acceleration": {"y": 97.0, "x": -101.0, "z": 4149.0}}, {"stamp": {"secs": 1526564637, "nsecs": 901737928}, "angular_velocity": {"y": 0.5700360952792061, "x": -0.33687034015954637, "z": 22.77121615348611}, "orientation": {"y": -0.2297439276412611, "x": 0.22942673152850562, "z": 0.20904169430978142, "w": 0.9224330179542631}, "linear_acceleration": {"y": 133.0, "x": 157.0, "z": 4105.0}}, {"stamp": {"secs": 1526564637, "nsecs": 911736011}, "angular_velocity": {"y": 0.08134390472079384, "x": -0.1274308299202268, "z": 20.990980316451896}, "orientation": {"y": -0.2550705601007882, "x": 0.20072701301251186, "z": 0.3068285695297852, "w": 0.8947088378557858}, "linear_acceleration": {"y": -8.0, "x": -38.0, "z": 4075.0}}], "image_final": {"secs": 1526564637, "nsecs": 854026371, "filename": "1526564637.886169471_f.png"}}