{"image_initial": {"secs": 1526564649, "nsecs": 820153102, "filename": "1526564649.820153102_i.png"}, "imu": [{"stamp": {"secs": 1526564649, "nsecs": 794466972}, "angular_velocity": {"y": -0.21536206811824216, "x": 0.2565416055185257, "z": -3.530895674068432}, "orientation": {"y": 0.20497092769610303, "x": 0.19897561811957057, "z": -0.9419234061429308, "w": 0.1765670386947494}, "linear_acceleration": {"y": 18.0, "x": 79.0, "z": 4075.0}}, {"stamp": {"secs": 1526564649, "nsecs": 804758071}, "angular_velocity": {"y": -0.09318902047863908, "x": 0.5357942858376185, "z": -3.04220348351002}, "orientation": {"y": 0.2033244469996895, "x": 0.19437113098998823, "z": -0.9465015403422895, "w": 0.1581577276632928}, "linear_acceleration": {"y": 30.0, "x": 135.0, "z": 4062.0}}, {"stamp": {"secs": 1526564649, "nsecs": 814414978}, "angular_velocity": {"y": -0.09318902047863908, "x": 0.5881541633974483, "z": -2.1171789799530254}, "orientation": {"y": 0.20058467683978864, "x": 0.19088129318575148, "z": -0.9498874198157886, "w": 0.14506553348234155}, "linear_acceleration": {"y": 12.0, "x": 222.0, "z": 4046.0}}], "image_final": {"secs": 1526564649, "nsecs": 786345270, "filename": "1526564649.820153102_f.png"}}