{"image_initial": {"secs": 1526564638, "nsecs": 153677399, "filename": "1526564638.153677399_i.png"}, "imu": [{"stamp": {"secs": 1526564638, "nsecs": 131967067}, "angular_velocity": {"y": 0.2733301224401701, "x": -0.197244, "z": 25.336850153917776}, "orientation": {"y": 0.12986069189475546, "x": -0.2703885034358643, "z": 0.22030061464000106, "w": -0.928166955401649}, "linear_acceleration": {"y": -33.0, "x": 73.0, "z": 4028.0}}, {"stamp": {"secs": 1526564638, "nsecs": 141932964}, "angular_velocity": {"y": 0.6398492653589793, "x": -0.4415900952792061, "z": 24.376919065320894}, "orientation": {"y": 0.16215125301848873, "x": -0.248640874041906, "z": 0.1060311245456541, "w": -0.9490216475548885}, "linear_acceleration": {"y": -24.0, "x": 170.0, "z": 4091.0}}, {"stamp": {"secs": 1526564638, "nsecs": 151901960}, "angular_velocity": {"y": 0.919101945678072, "x": -0.42413680275926285, "z": 24.603811868080157}, "orientation": {"y": 0.1906341617625538, "x": -0.2227717024481337, "z": -0.012069643897408657, "w": -0.9559736966327255}, "linear_acceleration": {"y": -10.0, "x": -109.0, "z": 4046.0}}], "image_final": {"secs": 1526564638, "nsecs": 53684641, "filename": "1526564638.153677399_f.png"}}