{"image_initial": {"secs": 1526564633, "nsecs": 819674263, "filename": "1526564633.819674263_i.png"}, "imu": [{"stamp": {"secs": 1526564633, "nsecs": 810738086}, "angular_velocity": {"y": 0.2907834149601134, "x": -0.10997753740028353, "z": 18.14609363570114}, "orientation": {"y": 0.10336638336440737, "x": 0.34461630614742916, "z": -0.7233634961317877, "w": 0.5893218516154487}, "linear_acceleration": {"y": 42.0, "x": 503.0, "z": 4000.0}}, {"stamp": {"secs": 1526564633, "nsecs": 820728063}, "angular_velocity": {"y": 0.44786304763960305, "x": -1.1048152110370515, "z": 22.21271079284793}, "orientation": {"y": 0.06874870704058482, "x": 0.3505597600716477, "z": -0.6552530090963025, "w": 0.6656012049035052}, "linear_acceleration": {"y": 116.0, "x": 332.0, "z": 4107.0}}, {"stamp": {"secs": 1526564633, "nsecs": 830714941}, "angular_velocity": {"y": 0.41295646259971647, "x": -1.139721796076938, "z": 24.44673223540067}, "orientation": {"y": 0.02942089069599915, "x": 0.35202686151137114, "z": -0.5714567724789466, "w": 0.7407082132345053}, "linear_acceleration": {"y": 23.0, "x": 109.0, "z": 4052.0}}], "image_final": {"secs": 1526564633, "nsecs": 787151168, "filename": "1526564633.819674263_f.png"}}