{"image_initial": {"secs": 1526564632, "nsecs": 219704421, "filename": "1526564632.219704421_i.png"}, "imu": [{"stamp": {"secs": 1526564632, "nsecs": 230472087}, "angular_velocity": {"y": -0.2851752381980153, "x": 0.13436855787892257, "z": -26.028189732275344}, "orientation": {"y": 0.026795504856149836, "x": 0.03584317934031308, "z": -0.8715938877981055, "w": -0.4881816897091345}, "linear_acceleration": {"y": 111.0, "x": -14.0, "z": 3997.0}}, {"stamp": {"secs": 1526564632, "nsecs": 240425109}, "angular_velocity": {"y": -0.5993345035569946, "x": -0.1274308299202268, "z": -25.452231079117215}, "orientation": {"y": 0.03451583814935306, "x": 0.02855200634067176, "z": -0.8060205024755921, "w": -0.5901901299071036}, "linear_acceleration": {"y": 25.0, "x": 206.0, "z": 4144.0}}, {"stamp": {"secs": 1526564632, "nsecs": 250420093}, "angular_velocity": {"y": -0.442254870877505, "x": 0.5532475783575617, "z": -24.370126942880727}, "orientation": {"y": 0.038265223086884716, "x": 0.01973500425073032, "z": -0.7319418635636846, "w": -0.6800054490018849}, "linear_acceleration": {"y": 74.0, "x": 70.0, "z": 3989.0}}], "image_final": {"secs": 1526564632, "nsecs": 187173576, "filename": "1526564632.219704421_f.png"}}