{"image_initial": {"secs": 1526564642, "nsecs": 139285195, "filename": "1526564642.139285195_i.png"}, "imu": [{"stamp": {"secs": 1526564642, "nsecs": 112581014}, "angular_velocity": {"y": 0.36059658503988656, "x": -0.35432363267948963, "z": 25.63355612675681}, "orientation": {"y": 0.09371928125338178, "x": -0.3088845293137341, "z": 0.5106178200850369, "w": -0.7969168624665859}, "linear_acceleration": {"y": -10.0, "x": 44.0, "z": 4029.0}}, {"stamp": {"secs": 1526564642, "nsecs": 122579097}, "angular_velocity": {"y": 0.6573025578789226, "x": -0.5637631429188092, "z": 25.790635759436302}, "orientation": {"y": 0.13148896871077576, "x": -0.2910691167741009, "z": 0.4059402170886669, "w": -0.8562721299433538}, "linear_acceleration": {"y": 47.0, "x": 147.0, "z": 4035.0}}, {"stamp": {"secs": 1526564642, "nsecs": 132574081}, "angular_velocity": {"y": 0.6049426803190927, "x": -0.47649668031909276, "z": 25.668462711796696}, "orientation": {"y": 0.16738824513176628, "x": -0.26815321340270837, "z": 0.2945782382263655, "w": -0.901830744151562}, "linear_acceleration": {"y": -57.0, "x": -74.0, "z": 4031.0}}], "image_final": {"secs": 1526564642, "nsecs": 53859837, "filename": "1526564642.139285195_f.png"}}