{"image_initial": {"secs": 1526564645, "nsecs": 986297782, "filename": "1526564645.986297782_i.png"}, "imu": [{"stamp": {"secs": 1526564645, "nsecs": 983470916}, "angular_velocity": {"y": 0.7271157279586957, "x": -0.7557493606381854, "z": 26.61094050787364}, "orientation": {"y": -0.3055120366604116, "x": -0.07046607076200873, "z": 0.8978931557897758, "w": 0.3090061635515514}, "linear_acceleration": {"y": 72.0, "x": 263.0, "z": 4126.0}}, {"stamp": {"secs": 1526564645, "nsecs": 993455886}, "angular_velocity": {"y": 0.7271157279586957, "x": -0.6859361905584123, "z": 26.296781242514655}, "orientation": {"y": -0.2916010334593127, "x": -0.11324416462184077, "z": 0.9306858593694974, "w": 0.18965344087103297}, "linear_acceleration": {"y": -46.0, "x": -279.0, "z": 4084.0}}, {"stamp": {"secs": 1526564646, "nsecs": 3441095}, "angular_velocity": {"y": 0.7620223129985824, "x": -0.6684828980384689, "z": 25.720822589356526}, "orientation": {"y": -0.2735132624548494, "x": -0.15244395053690218, "z": 0.9470703458749867, "w": 0.07077497559335914}, "linear_acceleration": {"y": 78.0, "x": 56.0, "z": 4119.0}}], "image_final": {"secs": 1526564645, "nsecs": 952523367, "filename": "1526564645.986297782_f.png"}}