{"image_initial": {"secs": 1526564626, "nsecs": 387246848, "filename": "1526564626.387246848_i.png"}, "imu": [{"stamp": {"secs": 1526564626, "nsecs": 389236927}, "angular_velocity": {"y": -2.414476925631097, "x": 2.473109755551324, "z": -5.5205710213419685}, "orientation": {"y": 0.10022181162014544, "x": 0.28101073643884966, "z": -0.9277659544370758, "w": 0.22414033164322186}, "linear_acceleration": {"y": 1.0, "x": 406.0, "z": 4010.0}}, {"stamp": {"secs": 1526564626, "nsecs": 399265050}, "angular_velocity": {"y": -3.199875089028546, "x": 2.5603762181510406, "z": -4.019587864626845}, "orientation": {"y": 0.08944777841971212, "x": 0.26437725857180355, "z": -0.939117375832583, "w": 0.20040537541482925}, "linear_acceleration": {"y": -273.0, "x": 526.0, "z": 3928.0}}, {"stamp": {"secs": 1526564626, "nsecs": 409523010}, "angular_velocity": {"y": -1.10547998663535, "x": -0.022711074800567055, "z": -1.3841406941154069}, "orientation": {"y": 0.08943761941138587, "x": 0.25582246436304923, "z": -0.9434009102416796, "w": 0.19118185456891737}, "linear_acceleration": {"y": -326.0, "x": 469.0, "z": 3910.0}}], "image_final": {"secs": 1526564626, "nsecs": 353487852, "filename": "1526564626.387246848_f.png"}}