{"image_initial": {"secs": 1526564627, "nsecs": 853495728, "filename": "1526564627.853495728_i.png"}, "imu": [{"stamp": {"secs": 1526564627, "nsecs": 849581956}, "angular_velocity": {"y": -1.506905714594046, "x": 0.32635477559829884, "z": -22.293185133007476}, "orientation": {"y": 0.02031309773033987, "x": -0.06575283102005254, "z": 0.6264601165873077, "w": -0.7764094703176042}, "linear_acceleration": {"y": -126.0, "x": 130.0, "z": 4004.0}}, {"stamp": {"secs": 1526564627, "nsecs": 859575986}, "angular_velocity": {"y": -0.7913207212763709, "x": 0.30890148307835563, "z": -22.52007793576674}, "orientation": {"y": 0.020128095872473304, "x": -0.06582385558992443, "z": 0.7120597049716797, "w": -0.6987367575471249}, "linear_acceleration": {"y": -55.0, "x": 253.0, "z": 4030.0}}, {"stamp": {"secs": 1526564627, "nsecs": 869563102}, "angular_velocity": {"y": -0.145548898038469, "x": 0.30890148307835563, "z": -20.547855881013145}, "orientation": {"y": 0.017749491666469035, "x": -0.06762751003349075, "z": 0.7821055368490036, "w": -0.6192111147761997}, "linear_acceleration": {"y": -11.0, "x": 161.0, "z": 4024.0}}], "image_final": {"secs": 1526564627, "nsecs": 819827898, "filename": "1526564627.853495728_f.png"}}