{"image_initial": {"secs": 1526564647, "nsecs": 752624922, "filename": "1526564647.752624922_i.png"}, "imu": [{"stamp": {"secs": 1526564647, "nsecs": 743837118}, "angular_velocity": {"y": -2.4493835106709843, "x": 0.6056074559173915, "z": -23.06113000388498}, "orientation": {"y": 0.0186995569322851, "x": -0.015366803423035242, "z": -0.564457148229193, "w": -0.8251074570842641}, "linear_acceleration": {"y": -300.0, "x": 275.0, "z": 3881.0}}, {"stamp": {"secs": 1526564647, "nsecs": 754281044}, "angular_velocity": {"y": -0.8960404763960306, "x": -0.38923021771937627, "z": -23.096036588924868}, "orientation": {"y": 0.024483928453353728, "x": -0.018965768007439304, "z": -0.4652109446139878, "w": -0.884657907839375}, "linear_acceleration": {"y": -114.0, "x": 218.0, "z": 4010.0}}, {"stamp": {"secs": 1526564647, "nsecs": 763838052}, "angular_velocity": {"y": 0.3780498775598299, "x": -0.45904338779914944, "z": -21.717226479849348}, "orientation": {"y": 0.024532451574574902, "x": -0.01884973009475956, "z": -0.3748982723040148, "w": -0.9265495841662015}, "linear_acceleration": {"y": -266.0, "x": 5.0, "z": 3991.0}}], "image_final": {"secs": 1526564647, "nsecs": 720862731, "filename": "1526564647.752624922_f.png"}}