{"image_initial": {"secs": 1526564626, "nsecs": 479741361, "filename": "1526564626.479741361_i.png"}, "imu": [{"stamp": {"secs": 1526564626, "nsecs": 459392070}, "angular_velocity": {"y": 0.744569020478639, "x": -0.005257782280623763, "z": 2.752289633111154}, "orientation": {"y": 0.09162199117892887, "x": 0.28435483062002703, "z": -0.9255862555686674, "w": 0.23246037197302633}, "linear_acceleration": {"y": 261.0, "x": -35.0, "z": 4157.0}}, {"stamp": {"secs": 1526564626, "nsecs": 469350099}, "angular_velocity": {"y": -0.42480157835756166, "x": -0.022711074800567055, "z": 0.9546005035569947}, "orientation": {"y": 0.08863711458682108, "x": 0.2807319421548663, "z": -0.9265769257181508, "w": 0.2340688772527869}, "linear_acceleration": {"y": 171.0, "x": -68.0, "z": 4136.0}}, {"stamp": {"secs": 1526564626, "nsecs": 479321956}, "angular_velocity": {"y": -1.2625596193148398, "x": -0.022711074800567055, "z": -1.1747011838760872}, "orientation": {"y": 0.0877643523247768, "x": 0.27221161437462654, "z": -0.9311633476173671, "w": 0.22612623800565565}, "linear_acceleration": {"y": 63.0, "x": -39.0, "z": 4087.0}}], "image_final": {"secs": 1526564626, "nsecs": 387246848, "filename": "1526564626.479741361_f.png"}}