{"image_initial": {"secs": 1526564634, "nsecs": 219637622, "filename": "1526564634.219637622_i.png"}, "imu": [{"stamp": {"secs": 1526564634, "nsecs": 210819005}, "angular_velocity": {"y": 0.09879719724073713, "x": -0.47649668031909276, "z": 22.666496398366455}, "orientation": {"y": 0.2883177616140841, "x": -0.039878368189278694, "z": -0.6523103724154325, "w": -0.6998383828625323}, "linear_acceleration": {"y": 5.0, "x": 120.0, "z": 3991.0}}, {"stamp": {"secs": 1526564634, "nsecs": 220786094}, "angular_velocity": {"y": 0.5351295102393195, "x": -0.5812164354387525, "z": 24.638718453120045}, "orientation": {"y": 0.28963107623311185, "x": -0.002839670303928777, "z": -0.7349020859778999, "w": -0.6132085289507523}, "linear_acceleration": {"y": 2.0, "x": 72.0, "z": 4097.0}}, {"stamp": {"secs": 1526564634, "nsecs": 230901002}, "angular_velocity": {"y": 0.7096624354387524, "x": -0.35432363267948963, "z": 23.71369394956305}, "orientation": {"y": 0.2846579381172936, "x": 0.03325455302599858, "z": -0.8048692372051213, "w": -0.5196628753054219}, "linear_acceleration": {"y": 33.0, "x": 3.0, "z": 4039.0}}], "image_final": {"secs": 1526564634, "nsecs": 187147360, "filename": "1526564634.219637622_f.png"}}