{"image_initial": {"secs": 1526564628, "nsecs": 187213068, "filename": "1526564628.187213068_i.png"}, "imu": [{"stamp": {"secs": 1526564628, "nsecs": 189685106}, "angular_velocity": {"y": 0.43040975511965973, "x": 0.43107453071795865, "z": -25.59185741927676}, "orientation": {"y": 0.009657866073424965, "x": 0.055420165674925, "z": -0.9972940689694428, "w": -0.04732727393209679}, "linear_acceleration": {"y": 125.0, "x": 120.0, "z": 4008.0}}, {"stamp": {"secs": 1526564628, "nsecs": 199681997}, "angular_velocity": {"y": 0.22097024488034023, "x": 0.23908831299858238, "z": -26.72632143307307}, "orientation": {"y": 0.013820861865145525, "x": 0.05228938220112509, "z": -0.9816552955896143, "w": -0.18283239572678578}, "linear_acceleration": {"y": 75.0, "x": 213.0, "z": 4136.0}}, {"stamp": {"secs": 1526564628, "nsecs": 209673881}, "angular_velocity": {"y": 0.11625048976068045, "x": 0.32635477559829884, "z": -25.13807181375823}, "orientation": {"y": 0.0164649475233334, "x": 0.0459362774823726, "z": -0.9515267749072197, "w": -0.30367015090189803}, "linear_acceleration": {"y": 140.0, "x": 55.0, "z": 3988.0}}], "image_final": {"secs": 1526564628, "nsecs": 153457405, "filename": "1526564628.187213068_f.png"}}