{"image_initial": {"secs": 1526564633, "nsecs": 753405505, "filename": "1526564633.753405505_i.png"}, "imu": [{"stamp": {"secs": 1526564633, "nsecs": 730710983}, "angular_velocity": {"y": 0.8492887755982987, "x": -4.386034204786391, "z": 30.76482412762014}, "orientation": {"y": 0.33535464417710553, "x": 0.11314105363383421, "z": -0.9282922159611267, "w": -0.11406106433596863}, "linear_acceleration": {"y": -23.0, "x": -427.0, "z": 4165.0}}, {"stamp": {"secs": 1526564633, "nsecs": 740695953}, "angular_velocity": {"y": 1.0063684082777884, "x": -3.583182748868999, "z": 29.263840970905022}, "orientation": {"y": 0.32782502088841836, "x": 0.16733429884382303, "z": -0.929562623183856, "w": 0.021055110769194692}, "linear_acceleration": {"y": 50.0, "x": -628.0, "z": 4016.0}}, {"stamp": {"secs": 1526564633, "nsecs": 750698089}, "angular_velocity": {"y": 0.9889151157578451, "x": -1.4015211838760873, "z": 25.63355612675681}, "orientation": {"y": 0.30747246609506645, "x": 0.21204492230474115, "z": -0.9174266108077564, "w": 0.13720804386036478}, "linear_acceleration": {"y": 82.0, "x": -588.0, "z": 4219.0}}], "image_final": {"secs": 1526564633, "nsecs": 719682091, "filename": "1526564633.753405505_f.png"}}