{"image_initial": {"secs": 1526564628, "nsecs": 303556618, "filename": "1526564628.303556618_i.png"}, "imu": [{"stamp": {"secs": 1526564628, "nsecs": 279699087}, "angular_velocity": {"y": -0.6691476736367679, "x": 0.0645553877991494, "z": -23.84652816728243}, "orientation": {"y": 0.051230427878835624, "x": -0.01296328356308387, "z": -0.4238894266206886, "w": -0.9041709741734681}, "linear_acceleration": {"y": 19.0, "x": 216.0, "z": 4150.0}}, {"stamp": {"secs": 1526564628, "nsecs": 289690971}, "angular_velocity": {"y": -0.5295213334772215, "x": -0.24960387755982988, "z": -22.48517135072685}, "orientation": {"y": 0.055070077216034206, "x": -0.019293859386592588, "z": -0.32394133809226644, "w": -0.9442759358685269}, "linear_acceleration": {"y": 22.0, "x": -99.0, "z": 4002.0}}, {"stamp": {"secs": 1526564628, "nsecs": 299695968}, "angular_velocity": {"y": -0.7040542586766543, "x": -0.5463098503988659, "z": -24.387580235400673}, "orientation": {"y": 0.05981479416772451, "x": -0.025088602681398398, "z": -0.2104126404676219, "w": -0.9754584938097628}, "linear_acceleration": {"y": -51.0, "x": 97.0, "z": 4090.0}}], "image_final": {"secs": 1526564628, "nsecs": 219821161, "filename": "1526564628.303556618_f.png"}}