{"image_initial": {"secs": 1526564642, "nsecs": 320050371, "filename": "1526564642.320050371_i.png"}, "imu": [{"stamp": {"secs": 1526564642, "nsecs": 332631111}, "angular_velocity": {"y": 1.3554342586766543, "x": -1.2444415511965976, "z": 16.24368475102732}, "orientation": {"y": 0.07292660721230158, "x": 0.28825856566167907, "z": -0.8662297458522735, "w": 0.4015404546043643}, "linear_acceleration": {"y": -282.0, "x": -546.0, "z": 4031.0}}, {"stamp": {"secs": 1526564642, "nsecs": 342617988}, "angular_velocity": {"y": 1.91393961931484, "x": -2.029839714594046, "z": 6.085868504420323}, "orientation": {"y": 0.07588212616013744, "x": 0.29299550215887293, "z": -0.8522583472620056, "w": 0.42667463970374603}, "linear_acceleration": {"y": -63.0, "x": -606.0, "z": 4128.0}}, {"stamp": {"secs": 1526564642, "nsecs": 352688074}, "angular_velocity": {"y": 1.739406694115407, "x": -1.802946911834783, "z": -2.4836981228718344}, "orientation": {"y": 0.0898447857467697, "x": 0.294021813961765, "z": -0.8564147423113064, "w": 0.41476846136200957}, "linear_acceleration": {"y": 246.0, "x": -463.0, "z": 4204.0}}], "image_final": {"secs": 1526564642, "nsecs": 312344633, "filename": "1526564642.320050371_f.png"}}