{"image_initial": {"secs": 1526564630, "nsecs": 187197729, "filename": "1526564630.187197729_i.png"}, "imu": [{"stamp": {"secs": 1526564630, "nsecs": 190471887}, "angular_velocity": {"y": -0.18045548307835563, "x": 0.04710209527920614, "z": 21.985817990088663}, "orientation": {"y": 0.3098971540445638, "x": -0.09898155497643231, "z": -0.21724044866402625, "w": -0.920311356636318}, "linear_acceleration": {"y": 115.0, "x": 247.0, "z": 4019.0}}, {"stamp": {"secs": 1526564630, "nsecs": 200081110}, "angular_velocity": {"y": -0.18045548307835563, "x": -0.24960387755982988, "z": 23.294814929084414}, "orientation": {"y": 0.3218952082843432, "x": -0.06497422434008164, "z": -0.3210922352666692, "w": -0.8882913944795581}, "linear_acceleration": {"y": -5.0, "x": 50.0, "z": 4117.0}}, {"stamp": {"secs": 1526564630, "nsecs": 210094928}, "angular_velocity": {"y": -0.2851752381980153, "x": -0.24960387755982988, "z": 22.45705688812713}, "orientation": {"y": 0.32962921911000737, "x": -0.031249850790255825, "z": -0.4207659588045222, "w": -0.844585124570534}, "linear_acceleration": {"y": 58.0, "x": 197.0, "z": 4002.0}}], "image_final": {"secs": 1526564630, "nsecs": 153460232, "filename": "1526564630.187197729_f.png"}}