{"image_initial": {"secs": 1526564626, "nsecs": 187294009, "filename": "1526564626.187294009_i.png"}, "imu": [{"stamp": {"secs": 1526564626, "nsecs": 189169883}, "angular_velocity": {"y": 0.2035169523603969, "x": -0.3019637551196598, "z": 22.683949690886397}, "orientation": {"y": 0.3010161277293059, "x": -0.12688121687002413, "z": -0.15471178506615313, "w": -0.932391930045558}, "linear_acceleration": {"y": 83.0, "x": 184.0, "z": 3985.0}}, {"stamp": {"secs": 1526564626, "nsecs": 199331045}, "angular_velocity": {"y": -0.005922557878922596, "x": -0.2321505850398866, "z": 23.574067609403503}, "orientation": {"y": 0.3169960898735089, "x": -0.08916637429298443, "z": -0.267765582394149, "w": -0.9054636544806599}, "linear_acceleration": {"y": -35.0, "x": -10.0, "z": 4120.0}}, {"stamp": {"secs": 1526564626, "nsecs": 209155082}, "angular_velocity": {"y": 0.3431432925199433, "x": -0.2670571700797732, "z": 23.800960412162766}, "orientation": {"y": 0.32559091360157294, "x": -0.05281517469854745, "z": -0.3738075259768297, "w": -0.8668731440209329}, "linear_acceleration": {"y": 41.0, "x": 256.0, "z": 4006.0}}], "image_final": {"secs": 1526564626, "nsecs": 153545097, "filename": "1526564626.187294009_f.png"}}