{"image_initial": {"secs": 1526564648, "nsecs": 486394095, "filename": "1526564648.486394095_i.png"}, "imu": [{"stamp": {"secs": 1526564648, "nsecs": 483966112}, "angular_velocity": {"y": 0.2733301224401701, "x": -0.4939499728390361, "z": 2.5603034153917776}, "orientation": {"y": 0.12412097057183948, "x": -0.024383589025256718, "z": -0.10058908365221259, "w": -0.986854225050772}, "linear_acceleration": {"y": 81.0, "x": 240.0, "z": 4075.0}}, {"stamp": {"secs": 1526564648, "nsecs": 493983983}, "angular_velocity": {"y": 0.16861036732051032, "x": -0.9302822858376184, "z": 3.9391135244672983}, "orientation": {"y": 0.1282966086324563, "x": -0.018530173669492656, "z": -0.1216358470625343, "w": -0.9840738455962379}, "linear_acceleration": {"y": 96.0, "x": 59.0, "z": 4114.0}}, {"stamp": {"secs": 1526564648, "nsecs": 503962993}, "angular_velocity": {"y": -0.145548898038469, "x": -0.9826421633974483, "z": 4.061286572106901}, "orientation": {"y": 0.13385456581906097, "x": -0.012568887000832784, "z": -0.14323927131293368, "w": -0.9805138904894161}, "linear_acceleration": {"y": 62.0, "x": -47.0, "z": 4079.0}}], "image_final": {"secs": 1526564648, "nsecs": 464240119, "filename": "1526564648.486394095_f.png"}}