{"image_initial": {"secs": 1526564628, "nsecs": 53462818, "filename": "1526564628.53462818_i.png"}, "imu": [{"stamp": {"secs": 1526564628, "nsecs": 29664993}, "angular_velocity": {"y": -0.5469746259971648, "x": 0.5532475783575617, "z": -24.509753283040272}, "orientation": {"y": -0.022840969083131577, "x": 0.02622911026051513, "z": 0.392086598465086, "w": 0.9192705930303459}, "linear_acceleration": {"y": -18.0, "x": 140.0, "z": 4022.0}}, {"stamp": {"secs": 1526564628, "nsecs": 41747093}, "angular_velocity": {"y": -0.40734828583761845, "x": 0.11691526535897931, "z": -26.028189732275344}, "orientation": {"y": -0.024224464826250465, "x": 0.0316120261417608, "z": 0.24887054765675612, "w": 0.9677175753369991}, "linear_acceleration": {"y": -46.0, "x": 185.0, "z": 4069.0}}, {"stamp": {"secs": 1526564628, "nsecs": 49607992}, "angular_velocity": {"y": -0.1106423129985824, "x": 0.20418172795869574, "z": -24.59701974563999}, "orientation": {"y": -0.02410882551505318, "x": 0.034948436988223155, "z": 0.15722603185402942, "w": 0.9866495559172976}, "linear_acceleration": {"y": -72.0, "x": -17.0, "z": 4009.0}}], "image_final": {"secs": 1526564628, "nsecs": 19820154, "filename": "1526564628.53462818_f.png"}}