{"image_initial": {"secs": 1526564648, "nsecs": 352614416, "filename": "1526564648.352614416_i.png"}, "imu": [{"stamp": {"secs": 1526564648, "nsecs": 353974103}, "angular_velocity": {"y": 0.9365552381980153, "x": 2.630189388230814, "z": 4.829231442984406}, "orientation": {"y": 0.0673398582030193, "x": -0.04682437995175197, "z": 0.02683954619752632, "w": -0.9962692706789877}, "linear_acceleration": {"y": 232.0, "x": 1312.0, "z": 3990.0}}, {"stamp": {"secs": 1526564648, "nsecs": 363938093}, "angular_velocity": {"y": 0.5002229251994329, "x": -0.6684828980384689, "z": 10.606271267085637}, "orientation": {"y": 0.07188123852134085, "x": -0.040525762752196694, "z": -0.026871489931803008, "w": -0.996227219629556}, "linear_acceleration": {"y": 186.0, "x": 812.0, "z": 4017.0}}, {"stamp": {"secs": 1526564648, "nsecs": 373965978}, "angular_velocity": {"y": -0.07573572795869576, "x": -4.141688109507185, "z": 11.828001743481668}, "orientation": {"y": 0.07956423436777849, "x": -0.01628199834075308, "z": -0.08612247856990743, "w": -0.99296895612324}, "linear_acceleration": {"y": 81.0, "x": -4.0, "z": 4086.0}}], "image_final": {"secs": 1526564648, "nsecs": 320134568, "filename": "1526564648.352614416_f.png"}}