{"image_initial": {"secs": 1526564644, "nsecs": 186304991, "filename": "1526564644.186304991_i.png"}, "imu": [{"stamp": {"secs": 1526564644, "nsecs": 182986974}, "angular_velocity": {"y": 0.3780498775598299, "x": 0.3961679456780721, "z": -26.028189732275344}, "orientation": {"y": -0.0028688245723530958, "x": 0.05856441106319591, "z": -0.9936055855313984, "w": 0.09648792672247006}, "linear_acceleration": {"y": 63.0, "x": 62.0, "z": 4106.0}}, {"stamp": {"secs": 1526564644, "nsecs": 192955970}, "angular_velocity": {"y": 0.11625048976068045, "x": 0.273994898038469, "z": -27.337186671271088}, "orientation": {"y": 0.0019284410192825768, "x": 0.05776435206652442, "z": -0.9974052449879708, "w": -0.042922465167506925}, "linear_acceleration": {"y": 124.0, "x": 208.0, "z": 4041.0}}, {"stamp": {"secs": 1526564644, "nsecs": 202944993}, "angular_velocity": {"y": 0.13370378228062374, "x": 0.43107453071795865, "z": -25.364964616517494}, "orientation": {"y": 0.00524804945437108, "x": 0.05549599978809626, "z": -0.9835092063440635, "w": -0.1720531691684703}, "linear_acceleration": {"y": 74.0, "x": 81.0, "z": 4103.0}}], "image_final": {"secs": 1526564644, "nsecs": 152515827, "filename": "1526564644.186304991_f.png"}}