{"image_initial": {"secs": 1526564635, "nsecs": 686183555, "filename": "1526564635.686183555_i.png"}, "imu": [{"stamp": {"secs": 1526564635, "nsecs": 681588888}, "angular_velocity": {"y": 1.1110881633974483, "x": -1.7854936193148399, "z": -17.615702737662673}, "orientation": {"y": -0.030634043870477898, "x": 0.04338803071668005, "z": -0.9781202421674988, "w": -0.20114628012683627}, "linear_acceleration": {"y": -70.0, "x": -537.0, "z": 4087.0}}, {"stamp": {"secs": 1526564635, "nsecs": 691167116}, "angular_velocity": {"y": 0.7620223129985824, "x": -1.73313374175501, "z": -25.452231079117215}, "orientation": {"y": -0.018023289426979148, "x": 0.05165547984951906, "z": -0.9479466160678917, "w": -0.3136942548488587}, "linear_acceleration": {"y": 256.0, "x": -435.0, "z": 4232.0}}, {"stamp": {"secs": 1526564635, "nsecs": 701158046}, "angular_velocity": {"y": -0.3549884082777885, "x": -0.2670571700797732, "z": -28.76835665790644}, "orientation": {"y": -0.008509625201415207, "x": 0.051217342676598665, "z": -0.8959288257441295, "w": -0.44115293186017107}, "linear_acceleration": {"y": 396.0, "x": -338.0, "z": 4258.0}}], "image_final": {"secs": 1526564635, "nsecs": 653686042, "filename": "1526564635.686183555_f.png"}}