{"image_initial": {"secs": 1526564648, "nsecs": 120748701, "filename": "1526564648.120748701_i.png"}, "imu": [{"stamp": {"secs": 1526564648, "nsecs": 133884906}, "angular_velocity": {"y": -0.9658536464758039, "x": -0.07507095236039693, "z": -23.549822194443394}, "orientation": {"y": -0.06386102332810012, "x": 0.03547431588041105, "z": -0.6762793279654226, "w": 0.7330140606966155}, "linear_acceleration": {"y": 8.0, "x": 154.0, "z": 4081.0}}, {"stamp": {"secs": 1526564648, "nsecs": 143919944}, "angular_velocity": {"y": -1.0531201090755202, "x": 0.04710209527920614, "z": -23.63708865704311}, "orientation": {"y": -0.06629689916967557, "x": 0.03922816569193513, "z": -0.760442797160908, "w": 0.6448198387325145}, "linear_acceleration": {"y": -46.0, "x": 15.0, "z": 4052.0}}, {"stamp": {"secs": 1526564648, "nsecs": 153945922}, "angular_velocity": {"y": -0.9484003539558605, "x": -0.09252424488034024, "z": -24.562113160600102}, "orientation": {"y": -0.06635781902651196, "x": 0.04272373006212506, "z": -0.8358882875288614, "w": 0.5431961832668665}, "linear_acceleration": {"y": -109.0, "x": 111.0, "z": 4046.0}}], "image_final": {"secs": 1526564648, "nsecs": 112537802, "filename": "1526564648.120748701_f.png"}}