{"image_initial": {"secs": 1526564648, "nsecs": 320134568, "filename": "1526564648.320134568_i.png"}, "imu": [{"stamp": {"secs": 1526564648, "nsecs": 314148902}, "angular_velocity": {"y": -0.19790877559829884, "x": 0.44852782323790197, "z": -27.24992020867137}, "orientation": {"y": 0.060853396688398925, "x": 0.01560534733429737, "z": -0.16280925807154978, "w": -0.9846555147523686}, "linear_acceleration": {"y": 118.0, "x": 362.0, "z": 4035.0}}, {"stamp": {"secs": 1526564648, "nsecs": 323951959}, "angular_velocity": {"y": 0.04643731968090725, "x": 0.6579673334772215, "z": -25.312604738957667}, "orientation": {"y": 0.06542684925142399, "x": 0.003573715423650601, "z": -0.04309949688816026, "w": -0.9969197506936504}, "linear_acceleration": {"y": 96.0, "x": 463.0, "z": 4072.0}}, {"stamp": {"secs": 1526564648, "nsecs": 333919048}, "angular_velocity": {"y": 0.622395972839036, "x": 2.228763660272118, "z": -15.748200438028737}, "orientation": {"y": 0.06637830170172027, "x": -0.013729118191224758, "z": 0.03256154169434266, "w": -0.9971685807221236}, "linear_acceleration": {"y": 200.0, "x": 703.0, "z": 4083.0}}], "image_final": {"secs": 1526564648, "nsecs": 297887427, "filename": "1526564648.320134568_f.png"}}