{"image_initial": {"secs": 1526564645, "nsecs": 920031186, "filename": "1526564645.920031186_i.png"}, "imu": [{"stamp": {"secs": 1526564645, "nsecs": 903513908}, "angular_velocity": {"y": 0.36059658503988656, "x": -0.35432363267948963, "z": 22.142897622768153}, "orientation": {"y": -0.2419236974415733, "x": 0.21490494043581795, "z": 0.27187225523312375, "w": 0.9062970087266817}, "linear_acceleration": {"y": 119.0, "x": 137.0, "z": 4126.0}}, {"stamp": {"secs": 1526564645, "nsecs": 913434028}, "angular_velocity": {"y": -0.09318902047863908, "x": -0.022711074800567055, "z": 21.200419826691217}, "orientation": {"y": -0.2659686060002502, "x": 0.18585803232359946, "z": 0.3681111792418921, "w": 0.8713275228983801}, "linear_acceleration": {"y": -41.0, "x": -75.0, "z": 4031.0}}, {"stamp": {"secs": 1526564645, "nsecs": 923446893}, "angular_velocity": {"y": -0.1630021905584123, "x": 0.04710209527920614, "z": 21.549485677090082}, "orientation": {"y": -0.2870425585884422, "x": 0.15568417160083092, "z": 0.46289983707039445, "w": 0.8240708398627912}, "linear_acceleration": {"y": 48.0, "x": 279.0, "z": 4093.0}}], "image_final": {"secs": 1526564645, "nsecs": 886307853, "filename": "1526564645.920031186_f.png"}}