{"image_initial": {"secs": 1526564625, "nsecs": 886021351, "filename": "1526564625.886021351_i.png"}, "imu": [{"stamp": {"secs": 1526564625, "nsecs": 889089107}, "angular_velocity": {"y": 1.1285414559173914, "x": -0.5812164354387525, "z": 23.050468833805205}, "orientation": {"y": -0.23716427136127366, "x": 0.2766845249265134, "z": -0.18594243831719076, "w": 0.9124824336328474}, "linear_acceleration": {"y": 179.0, "x": 76.0, "z": 4087.0}}, {"stamp": {"secs": 1526564625, "nsecs": 899091005}, "angular_velocity": {"y": 0.5874893877991494, "x": -0.33687034015954637, "z": 21.950911405048775}, "orientation": {"y": -0.266250330838158, "x": 0.24458297901119425, "z": -0.08422954767207391, "w": 0.9285447275201872}, "linear_acceleration": {"y": 96.0, "x": -48.0, "z": 4099.0}}, {"stamp": {"secs": 1526564625, "nsecs": 909087896}, "angular_velocity": {"y": 0.06389061220085057, "x": -0.16233741496011342, "z": 20.86880726881229}, "orientation": {"y": -0.29300769105363395, "x": 0.2114158610365084, "z": 0.0138180891114039, "w": 0.9323405424515868}, "linear_acceleration": {"y": 80.0, "x": 187.0, "z": 4029.0}}], "image_final": {"secs": 1526564625, "nsecs": 853521090, "filename": "1526564625.886021351_f.png"}}