{"image_initial": {"secs": 1526564636, "nsecs": 475217499, "filename": "1526564636.475217499_i.png"}, "imu": [{"stamp": {"secs": 1526564636, "nsecs": 451324939}, "angular_velocity": {"y": 0.36059658503988656, "x": 1.4433654968746699, "z": -6.340875769779304}, "orientation": {"y": 0.1237911870278767, "x": -0.035945423410028814, "z": -0.06366175587525008, "w": -0.9896114638528511}, "linear_acceleration": {"y": 68.0, "x": 431.0, "z": 4053.0}}, {"stamp": {"secs": 1526564636, "nsecs": 461316108}, "angular_velocity": {"y": 0.3431432925199433, "x": 0.6405140409572782, "z": -4.211574082346221}, "orientation": {"y": 0.12548566540864653, "x": -0.042570696680854475, "z": -0.04509738924530411, "w": -0.9901551944237397}, "linear_acceleration": {"y": 83.0, "x": 475.0, "z": 4056.0}}, {"stamp": {"secs": 1526564636, "nsecs": 471321105}, "angular_velocity": {"y": 0.43040975511965973, "x": 0.02964880275926285, "z": -1.1747011838760872}, "orientation": {"y": 0.12753322833816993, "x": -0.044271443963091746, "z": -0.04109287767003162, "w": -0.9899932779185234}, "linear_acceleration": {"y": 102.0, "x": 458.0, "z": 4059.0}}], "image_final": {"secs": 1526564636, "nsecs": 386183439, "filename": "1526564636.475217499_f.png"}}