{"image_initial": {"secs": 1526564632, "nsecs": 485916358, "filename": "1526564632.485916358_i.png"}, "imu": [{"stamp": {"secs": 1526564632, "nsecs": 470382928}, "angular_velocity": {"y": 0.30823670748005666, "x": 0.1518218503988659, "z": -0.9652616736367677}, "orientation": {"y": 0.12186727363576592, "x": -0.07121449015797097, "z": -0.03521340291186324, "w": -0.9893618550679486}, "linear_acceleration": {"y": 104.0, "x": 488.0, "z": 4050.0}}, {"stamp": {"secs": 1526564632, "nsecs": 480736970}, "angular_velocity": {"y": 0.2907834149601134, "x": -0.5812164354387525, "z": 2.1239711023931953}, "orientation": {"y": 0.1259423198424331, "x": -0.06733305832421521, "z": -0.04754959409949963, "w": -0.988607013646164}, "linear_acceleration": {"y": 126.0, "x": 419.0, "z": 4079.0}}, {"stamp": {"secs": 1526564632, "nsecs": 490492105}, "angular_velocity": {"y": 0.13370378228062374, "x": -1.2269882586766543, "z": 4.183459619746504}, "orientation": {"y": 0.13125330006993985, "x": -0.05930925716282545, "z": -0.06876714914844473, "w": -0.987180866120054}, "linear_acceleration": {"y": 74.0, "x": 184.0, "z": 4087.0}}], "image_final": {"secs": 1526564632, "nsecs": 477405964, "filename": "1526564632.485916358_f.png"}}