{"image_initial": {"secs": 1526564633, "nsecs": 653449831, "filename": "1526564633.653449831_i.png"}, "imu": [{"stamp": {"secs": 1526564633, "nsecs": 660685062}, "angular_velocity": {"y": 0.08134390472079384, "x": 0.08200868031909272, "z": 0.0470292925199433}, "orientation": {"y": 0.300553412521779, "x": -0.16090240429398756, "z": -0.4962608247747429, "w": -0.7984380103100172}, "linear_acceleration": {"y": 117.0, "x": 232.0, "z": 4068.0}}, {"stamp": {"secs": 1526564633, "nsecs": 670671939}, "angular_velocity": {"y": 0.48276963267948964, "x": 1.5480852519943296, "z": 5.195750585903215}, "orientation": {"y": 0.2987741597449006, "x": -0.15922259801162678, "z": -0.52337762002436, "w": -0.7819578202235675}, "linear_acceleration": {"y": 145.0, "x": 561.0, "z": 4077.0}}, {"stamp": {"secs": 1526564633, "nsecs": 680676937}, "angular_velocity": {"y": 0.8143821905584123, "x": 2.6127360957108703, "z": 15.28375366243044}, "orientation": {"y": 0.3004245709824043, "x": -0.14614540784023242, "z": -0.5888596599530316, "w": -0.7359557716311835}, "linear_acceleration": {"y": 244.0, "x": 980.0, "z": 4031.0}}], "image_final": {"secs": 1526564633, "nsecs": 651227942, "filename": "1526564633.653449831_f.png"}}