{"image_initial": {"secs": 1526564631, "nsecs": 653720717, "filename": "1526564631.653720717_i.png"}, "imu": [{"stamp": {"secs": 1526564631, "nsecs": 660382032}, "angular_velocity": {"y": 0.011530734641020668, "x": -0.05761765984045364, "z": 0.06448258503988659}, "orientation": {"y": 0.003638226795369299, "x": -0.010475596709474951, "z": -0.9816288004667522, "w": -0.19047814382120398}, "linear_acceleration": {"y": -175.0, "x": -166.0, "z": 3952.0}}, {"stamp": {"secs": 1526564631, "nsecs": 670386075}, "angular_velocity": {"y": 0.2035169523603969, "x": -0.2670571700797732, "z": -0.9303550885968812}, "orientation": {"y": 0.006382472619499667, "x": -0.00455978087080055, "z": -0.9807423287649275, "w": -0.19514855113584179}, "linear_acceleration": {"y": -355.0, "x": -480.0, "z": 4073.0}}, {"stamp": {"secs": 1526564631, "nsecs": 680371046}, "angular_velocity": {"y": 0.8318354830783556, "x": -1.2793481362364842, "z": -9.622094763528642}, "orientation": {"y": 0.011094933468497601, "x": 0.005323687222952061, "z": -0.9702497318965676, "w": -0.24179333853586704}, "linear_acceleration": {"y": -88.0, "x": -438.0, "z": 4069.0}}], "image_final": {"secs": 1526564631, "nsecs": 619730140, "filename": "1526564631.653720717_f.png"}}