{"image_initial": {"secs": 1526564645, "nsecs": 853819589, "filename": "1526564645.853819589_i.png"}, "imu": [{"stamp": {"secs": 1526564645, "nsecs": 843439102}, "angular_velocity": {"y": 0.5700360952792061, "x": -0.8953757007977318, "z": 27.431245256310973}, "orientation": {"y": -0.0204972880152319, "x": 0.34703193499101204, "z": -0.43670460944153017, "w": 0.8297215083224825}, "linear_acceleration": {"y": 99.0, "x": 194.0, "z": 4058.0}}, {"stamp": {"secs": 1526564645, "nsecs": 853455066}, "angular_velocity": {"y": 0.6573025578789226, "x": -0.5812164354387525, "z": 27.919937446869383}, "orientation": {"y": -0.0671512178427161, "x": 0.337286935509973, "z": -0.318665277031534, "w": 0.8832783696496518}, "linear_acceleration": {"y": -86.0, "x": -77.0, "z": 4022.0}}, {"stamp": {"secs": 1526564645, "nsecs": 863435983}, "angular_velocity": {"y": 1.0063684082777884, "x": -0.4939499728390361, "z": 28.63552244018706}, "orientation": {"y": -0.11254609723313176, "x": 0.3209419151533691, "z": -0.18992939693270564, "w": 0.9210084078205023}, "linear_acceleration": {"y": 3.0, "x": 84.0, "z": 4055.0}}], "image_final": {"secs": 1526564645, "nsecs": 820185256, "filename": "1526564645.853819589_f.png"}}