{"image_initial": {"secs": 1526564636, "nsecs": 219916422, "filename": "1526564636.219916422_i.png"}, "imu": [{"stamp": {"secs": 1526564636, "nsecs": 191267967}, "angular_velocity": {"y": 0.3780498775598299, "x": 0.43107453071795865, "z": -26.7786813106329}, "orientation": {"y": -0.03541701962434866, "x": 0.06689368708592197, "z": -0.9970385677585621, "w": 0.013600137901295793}, "linear_acceleration": {"y": 162.0, "x": 181.0, "z": 4040.0}}, {"stamp": {"secs": 1526564636, "nsecs": 201447963}, "angular_velocity": {"y": 0.2384235374002835, "x": 0.6230607484373349, "z": -26.656508262993302}, "orientation": {"y": -0.030207131837352505, "x": 0.06987064160708617, "z": -0.9892357738359041, "w": -0.12497282260897832}, "linear_acceleration": {"y": 113.0, "x": 181.0, "z": 4133.0}}, {"stamp": {"secs": 1526564636, "nsecs": 211278915}, "angular_velocity": {"y": -0.2851752381980153, "x": 0.22163502047863906, "z": -25.993283147235452}, "orientation": {"y": -0.02177951015940078, "x": 0.0670727107092957, "z": -0.9653876276973223, "w": -0.2511048241357777}, "linear_acceleration": {"y": 124.0, "x": 236.0, "z": 4029.0}}], "image_final": {"secs": 1526564636, "nsecs": 186106592, "filename": "1526564636.219916422_f.png"}}