{"image_initial": {"secs": 1526564638, "nsecs": 486329519, "filename": "1526564638.486329519_i.png"}, "imu": [{"stamp": {"secs": 1526564638, "nsecs": 491801023}, "angular_velocity": {"y": -1.4021859594743864, "x": 0.1692751429188092, "z": -2.7280442181510405}, "orientation": {"y": 0.096697085587408, "x": 0.20998454225703045, "z": -0.9197341390462785, "w": 0.3172464012795225}, "linear_acceleration": {"y": -94.0, "x": 62.0, "z": 4032.0}}, {"stamp": {"secs": 1526564638, "nsecs": 501790046}, "angular_velocity": {"y": -0.9833069389957472, "x": 0.273994898038469, "z": -2.640777755551324}, "orientation": {"y": 0.09529228956537973, "x": 0.2029462844301062, "z": -0.9266309071859751, "w": 0.3018068041530857}, "linear_acceleration": {"y": -130.0, "x": 150.0, "z": 4007.0}}, {"stamp": {"secs": 1526564638, "nsecs": 511771917}, "angular_velocity": {"y": -0.23281536063818548, "x": 0.5008877007977318, "z": -1.6459400819145562}, "orientation": {"y": 0.09285535960769056, "x": 0.20017034439433343, "z": -0.9311326440981809, "w": 0.2903475753504943}, "linear_acceleration": {"y": -86.0, "x": 224.0, "z": 4015.0}}], "image_final": {"secs": 1526564638, "nsecs": 472455441, "filename": "1526564638.486329519_f.png"}}