{"image_initial": {"secs": 1526564645, "nsecs": 952523367, "filename": "1526564645.952523367_i.png"}, "imu": [{"stamp": {"secs": 1526564645, "nsecs": 943456888}, "angular_velocity": {"y": 0.39550317007977315, "x": 0.04710209527920614, "z": 22.56177664324679}, "orientation": {"y": -0.31070573815763697, "x": 0.09208674154507852, "z": 0.6369205992697696, "w": 0.6995099188241474}, "linear_acceleration": {"y": 118.0, "x": 357.0, "z": 4092.0}}, {"stamp": {"secs": 1526564645, "nsecs": 953440904}, "angular_velocity": {"y": 0.41295646259971647, "x": 0.01219551023931953, "z": 23.01556224876532}, "orientation": {"y": -0.31555779812429624, "x": 0.056172321906154656, "z": 0.7160098993832431, "w": 0.6201594716521028}, "linear_acceleration": {"y": -72.0, "x": 140.0, "z": 4058.0}}, {"stamp": {"secs": 1526564645, "nsecs": 963428974}, "angular_velocity": {"y": 0.7096624354387524, "x": -0.5114032653589793, "z": 24.586358575560215}, "orientation": {"y": -0.31693268447351713, "x": 0.015436124517115467, "z": 0.7882449964487196, "w": 0.5272430418183439}, "linear_acceleration": {"y": 130.0, "x": 379.0, "z": 4111.0}}], "image_final": {"secs": 1526564645, "nsecs": 920031186, "filename": "1526564645.952523367_f.png"}}