{"image_initial": {"secs": 1526564625, "nsecs": 787670245, "filename": "1526564625.787670245_i.png"}, "imu": [{"stamp": {"secs": 1526564625, "nsecs": 789354085}, "angular_velocity": {"y": 0.11625048976068045, "x": 2.4556564630313806, "z": 16.854549989225337}, "orientation": {"y": 0.17306676635595947, "x": 0.3524414955542454, "z": -0.9029155685713383, "w": 0.17486098085643767}, "linear_acceleration": {"y": 41.0, "x": 462.0, "z": 4012.0}}, {"stamp": {"secs": 1526564625, "nsecs": 799058914}, "angular_velocity": {"y": 0.11625048976068045, "x": 2.0193241500327987, "z": 17.605041567582894}, "orientation": {"y": 0.13263699262736087, "x": 0.36592952361476505, "z": -0.887767222170568, "w": 0.2457078980688126}, "linear_acceleration": {"y": 23.0, "x": 531.0, "z": 4003.0}}, {"stamp": {"secs": 1526564625, "nsecs": 809060096}, "angular_velocity": {"y": 0.30823670748005666, "x": 0.5881541633974483, "z": 17.587588275062952}, "orientation": {"y": 0.09681387595833257, "x": 0.37602803199108226, "z": -0.8644131503442628, "w": 0.31940553860373966}, "linear_acceleration": {"y": 152.0, "x": 688.0, "z": 3976.0}}], "image_final": {"secs": 1526564625, "nsecs": 753542588, "filename": "1526564625.787670245_f.png"}}