{"image_initial": {"secs": 1526564648, "nsecs": 521829740, "filename": "1526564648.521829740_i.png"}, "imu": [{"stamp": {"secs": 1526564648, "nsecs": 524004936}, "angular_velocity": {"y": -0.5993345035569946, "x": -0.5812164354387525, "z": 1.2338531838760873}, "orientation": {"y": 0.14816034469997533, "x": -0.005973169636710843, "z": -0.1675121845193769, "w": -0.9746550679806788}, "linear_acceleration": {"y": -63.0, "x": -119.0, "z": 4040.0}}, {"stamp": {"secs": 1526564648, "nsecs": 533973932}, "angular_velocity": {"y": -0.32008182323790196, "x": -0.09252424488034024, "z": -0.4591161905584123}, "orientation": {"y": 0.15338430088815788, "x": -0.007597937798131629, "z": -0.1678240611604477, "w": -0.9737816038916945}, "linear_acceleration": {"y": -82.0, "x": -78.0, "z": 4037.0}}, {"stamp": {"secs": 1526564648, "nsecs": 543965101}, "angular_velocity": {"y": 0.04643731968090725, "x": 0.3612613606381855, "z": -1.7332065445142728}, "orientation": {"y": 0.1564250727009949, "x": -0.012192069414421195, "z": -0.1622029746074912, "w": -0.974203646627523}, "linear_acceleration": {"y": -42.0, "x": 30.0, "z": 4058.0}}], "image_final": {"secs": 1526564648, "nsecs": 486394095, "filename": "1526564648.521829740_f.png"}}