{"image_initial": {"secs": 1526564644, "nsecs": 152515827, "filename": "1526564644.152515827_i.png"}, "imu": [{"stamp": {"secs": 1526564644, "nsecs": 142962932}, "angular_velocity": {"y": -0.442254870877505, "x": 0.08200868031909272, "z": -23.654541949563054}, "orientation": {"y": -0.018336041231266118, "x": 0.051218967146839205, "z": -0.810036355633541, "w": 0.5838505883771186}, "linear_acceleration": {"y": -90.0, "x": -11.0, "z": 4038.0}}, {"stamp": {"secs": 1526564644, "nsecs": 152951955}, "angular_velocity": {"y": -0.19790877559829884, "x": -0.04016436732051035, "z": -25.417324494077324}, "orientation": {"y": -0.01449241948726972, "x": 0.051868794432354606, "z": -0.8791838895434986, "w": 0.47342928332402956}, "linear_acceleration": {"y": -28.0, "x": 88.0, "z": 4036.0}}, {"stamp": {"secs": 1526564644, "nsecs": 162934064}, "angular_velocity": {"y": 0.2035169523603969, "x": 0.3961679456780721, "z": -24.439940112960503}, "orientation": {"y": -0.011354557202760258, "x": 0.0548154517614656, "z": -0.9315520222945657, "w": 0.359273113435755}, "linear_acceleration": {"y": -33.0, "x": -69.0, "z": 4075.0}}], "image_final": {"secs": 1526564644, "nsecs": 128846536, "filename": "1526564644.152515827_f.png"}}