{"image_initial": {"secs": 1526564641, "nsecs": 752612906, "filename": "1526564641.752612906_i.png"}, "imu": [{"stamp": {"secs": 1526564641, "nsecs": 762633085}, "angular_velocity": {"y": 0.39550317007977315, "x": 0.8150469661567112, "z": 21.497125799530252}, "orientation": {"y": 0.2614291876662979, "x": 0.2930700704996958, "z": -0.9110362607821023, "w": 0.12560909661966418}, "linear_acceleration": {"y": 34.0, "x": -154.0, "z": 4081.0}}, {"stamp": {"secs": 1526564641, "nsecs": 772510051}, "angular_velocity": {"y": 0.39550317007977315, "x": 2.036777442552742, "z": 19.542357037296604}, "orientation": {"y": 0.22133878179469058, "x": 0.3182839705888128, "z": -0.8982181682041261, "w": 0.20714386316733172}, "linear_acceleration": {"y": -33.0, "x": -124.0, "z": 4069.0}}, {"stamp": {"secs": 1526564641, "nsecs": 782501935}, "angular_velocity": {"y": 0.15115707480056703, "x": 2.158950490192345, "z": 17.221069132144144}, "orientation": {"y": 0.18228760552107676, "x": 0.33718269936854667, "z": -0.880887896404084, "w": 0.27769690327535185}, "linear_acceleration": {"y": 109.0, "x": 231.0, "z": 4077.0}}], "image_final": {"secs": 1526564641, "nsecs": 720098893, "filename": "1526564641.752612906_f.png"}}