{"image_initial": {"secs": 1526564642, "nsecs": 53859837, "filename": "1526564642.53859837_i.png"}, "imu": [{"stamp": {"secs": 1526564642, "nsecs": 62630891}, "angular_velocity": {"y": 0.5700360952792061, "x": -0.33687034015954637, "z": 21.21787311921116}, "orientation": {"y": -0.09834013167355983, "x": -0.31860674426325514, "z": 0.8573736521562388, "w": -0.39208338602989606}, "linear_acceleration": {"y": 211.0, "x": 263.0, "z": 4100.0}}, {"stamp": {"secs": 1526564642, "nsecs": 72659015}, "angular_velocity": {"y": -0.09318902047863908, "x": -0.07507095236039693, "z": 22.334883840487528}, "orientation": {"y": -0.06139789874237152, "x": -0.32524692867420557, "z": 0.8107405495719814, "w": -0.4828503854174078}, "linear_acceleration": {"y": 4.0, "x": -21.0, "z": 4046.0}}, {"stamp": {"secs": 1526564642, "nsecs": 82581043}, "angular_velocity": {"y": -0.040829142918809236, "x": -0.14488412244017013, "z": 22.614136520806625}, "orientation": {"y": -0.024083906308450708, "x": -0.3276615553385111, "z": 0.7542989634094338, "w": -0.5684108939926532}, "linear_acceleration": {"y": 6.0, "x": 227.0, "z": 4040.0}}], "image_final": {"secs": 1526564642, "nsecs": 20093256, "filename": "1526564642.53859837_f.png"}}