{"image_initial": {"secs": 1526564633, "nsecs": 987170763, "filename": "1526564633.987170763_i.png"}, "imu": [{"stamp": {"secs": 1526564633, "nsecs": 990765094}, "angular_velocity": {"y": 0.6049426803190927, "x": -0.5637631429188092, "z": 26.05243514723545}, "orientation": {"y": -0.2926737908849695, "x": -0.10828004724294497, "z": 0.9225481220930721, "w": 0.22698556324275965}, "linear_acceleration": {"y": 15.0, "x": -66.0, "z": 4038.0}}, {"stamp": {"secs": 1526564634, "nsecs": 772953}, "angular_velocity": {"y": 0.7271157279586957, "x": -0.6335763129985824, "z": 26.244421364954825}, "orientation": {"y": -0.2743106232134645, "x": -0.1484250011231275, "z": 0.9442190290144643, "w": 0.10570773992864856}, "linear_acceleration": {"y": -3.0, "x": -104.0, "z": 4146.0}}, {"stamp": {"secs": 1526564634, "nsecs": 10752916}, "angular_velocity": {"y": 0.7794756055185257, "x": -0.1797907074800567, "z": 23.294814929084414}, "orientation": {"y": -0.2524665468785774, "x": -0.18164195974200875, "z": 0.9504015381502673, "w": -0.0019384142734822987}, "linear_acceleration": {"y": 25.0, "x": 2.0, "z": 4037.0}}], "image_final": {"secs": 1526564633, "nsecs": 978754118, "filename": "1526564633.987170763_f.png"}}