{"image_initial": {"secs": 1526564625, "nsecs": 719823342, "filename": "1526564625.719823342_i.png"}, "imu": [{"stamp": {"secs": 1526564625, "nsecs": 709041118}, "angular_velocity": {"y": 0.6049426803190927, "x": -0.5812164354387525, "z": 32.78940605993356}, "orientation": {"y": 0.3623063575388009, "x": -0.014736425663645032, "z": -0.646773219360098, "w": -0.6709704492481028}, "linear_acceleration": {"y": 44.0, "x": 564.0, "z": 3952.0}}, {"stamp": {"secs": 1526564625, "nsecs": 719029903}, "angular_velocity": {"y": 0.5700360952792061, "x": -3.024677388230814, "z": 35.197960427685736}, "orientation": {"y": 0.3644690421720594, "x": 0.057833216727782556, "z": -0.7506541636087879, "w": -0.5480291625432809}, "linear_acceleration": {"y": -62.0, "x": -46.0, "z": 4003.0}}, {"stamp": {"secs": 1526564625, "nsecs": 729042053}, "angular_velocity": {"y": 0.7271157279586957, "x": -4.85727310282486, "z": 32.30071386937515}, "orientation": {"y": 0.3633674722218439, "x": 0.12942654698199543, "z": -0.8219292697498085, "w": -0.41910037532310934}, "linear_acceleration": {"y": -4.0, "x": -364.0, "z": 4128.0}}], "image_final": {"secs": 1526564625, "nsecs": 686026680, "filename": "1526564625.719823342_f.png"}}