{"image_initial": {"secs": 1526564631, "nsecs": 853422064, "filename": "1526564631.853422064_i.png"}, "imu": [{"stamp": {"secs": 1526564631, "nsecs": 850414037}, "angular_velocity": {"y": -1.8559715649929116, "x": 0.4834344082777885, "z": -22.81678390860577}, "orientation": {"y": 0.022096661092873594, "x": -0.0707951347023992, "z": 0.5945013069266697, "w": -0.8006672108519853}, "linear_acceleration": {"y": -117.0, "x": 153.0, "z": 4021.0}}, {"stamp": {"secs": 1526564631, "nsecs": 860394954}, "angular_velocity": {"y": -1.1403865716752368, "x": 0.3787146531581288, "z": -22.20591867040776}, "orientation": {"y": 0.023262739570329562, "x": -0.07042621781570738, "z": 0.6818804615414656, "w": -0.7276936367454752}, "linear_acceleration": {"y": -36.0, "x": 219.0, "z": 4012.0}}, {"stamp": {"secs": 1526564631, "nsecs": 870392084}, "angular_velocity": {"y": -0.442254870877505, "x": 0.30890148307835563, "z": -21.019094779051617}, "orientation": {"y": 0.021388206754840322, "x": -0.07158023925358553, "z": 0.756790959329354, "w": -0.6493737427996051}, "linear_acceleration": {"y": -29.0, "x": 136.0, "z": 4034.0}}], "image_final": {"secs": 1526564631, "nsecs": 819675901, "filename": "1526564631.853422064_f.png"}}