{"image_initial": {"secs": 1526564641, "nsecs": 786336322, "filename": "1526564641.786336322_i.png"}, "imu": [{"stamp": {"secs": 1526564641, "nsecs": 782501935}, "angular_velocity": {"y": 0.15115707480056703, "x": 2.158950490192345, "z": 17.221069132144144}, "orientation": {"y": 0.18228760552107676, "x": 0.33718269936854667, "z": -0.880887896404084, "w": 0.27769690327535185}, "linear_acceleration": {"y": 109.0, "x": 231.0, "z": 4077.0}}, {"stamp": {"secs": 1526564641, "nsecs": 793693065}, "angular_velocity": {"y": 0.15115707480056703, "x": 2.0193241500327987, "z": 17.203615839624202}, "orientation": {"y": 0.13825103121209653, "x": 0.354842462033382, "z": -0.8540003993832576, "w": 0.3544810253879837}, "linear_acceleration": {"y": -31.0, "x": 331.0, "z": 4000.0}}, {"stamp": {"secs": 1526564641, "nsecs": 803566932}, "angular_velocity": {"y": 0.15115707480056703, "x": 0.745233796076938, "z": 16.99417632938488}, "orientation": {"y": 0.104187946583934, "x": 0.36516505871386, "z": -0.8236008067661647, "w": 0.42128501370835514}, "linear_acceleration": {"y": 139.0, "x": 640.0, "z": 4017.0}}], "image_final": {"secs": 1526564641, "nsecs": 752612906, "filename": "1526564641.786336322_f.png"}}