{"image_initial": {"secs": 1526564647, "nsecs": 820143170, "filename": "1526564647.820143170_i.png"}, "imu": [{"stamp": {"secs": 1526564647, "nsecs": 793881893}, "angular_velocity": {"y": 1.3030743811168246, "x": -0.38923021771937627, "z": -21.263440874330822}, "orientation": {"y": 0.007597938651619277, "x": -0.014703297419170541, "z": -0.07438314622089484, "w": -0.9970923888645077}, "linear_acceleration": {"y": 357.0, "x": 145.0, "z": 4154.0}}, {"stamp": {"secs": 1526564647, "nsecs": 803874015}, "angular_velocity": {"y": 0.06389061220085057, "x": -0.005257782280623763, "z": -20.49549600345332}, "orientation": {"y": 0.009829586963793468, "x": -0.016437818212528384, "z": 0.024955946720499254, "w": -0.9995050665583525}, "linear_acceleration": {"y": 290.0, "x": -125.0, "z": 4126.0}}, {"stamp": {"secs": 1526564647, "nsecs": 813859939}, "angular_velocity": {"y": -1.3149194968746698, "x": -0.04016436732051035, "z": -22.554984520806627}, "orientation": {"y": 0.018986685203880485, "x": -0.0181496620093225, "z": 0.13509098129714542, "w": -0.9904849934885892}, "linear_acceleration": {"y": 267.0, "x": 9.0, "z": 4167.0}}], "image_final": {"secs": 1526564647, "nsecs": 786463003, "filename": "1526564647.820143170_f.png"}}