{"image_initial": {"secs": 1526564640, "nsecs": 20791305, "filename": "1526564640.20791305_i.png"}, "imu": [{"stamp": {"secs": 1526564640, "nsecs": 42135000}, "angular_velocity": {"y": -0.4597081633974483, "x": 0.08200868031909272, "z": -26.098002902355113}, "orientation": {"y": -0.024724545879596795, "x": 0.011794051710944645, "z": 0.27929630370244773, "w": 0.9598141340454607}, "linear_acceleration": {"y": -123.0, "x": -16.0, "z": 4059.0}}, {"stamp": {"secs": 1526564640, "nsecs": 52122116}, "angular_velocity": {"y": -0.1630021905584123, "x": 0.273994898038469, "z": -25.0857119361984}, "orientation": {"y": -0.026909401957422273, "x": 0.016900451634107888, "z": 0.1612624045720117, "w": 0.9863998660241748}, "linear_acceleration": {"y": -62.0, "x": 115.0, "z": 3986.0}}, {"stamp": {"secs": 1526564640, "nsecs": 62115907}, "angular_velocity": {"y": 0.2907834149601134, "x": 0.02964880275926285, "z": -27.07538728347194}, "orientation": {"y": -0.026770009854899406, "x": 0.020909394612825115, "z": 0.030657587273640163, "w": 0.9989525895315818}, "linear_acceleration": {"y": -16.0, "x": -70.0, "z": 4104.0}}], "image_final": {"secs": 1526564639, "nsecs": 986394649, "filename": "1526564640.20791305_f.png"}}