{"image_initial": {"secs": 1526564642, "nsecs": 312344633, "filename": "1526564642.312344633_i.png"}, "imu": [{"stamp": {"secs": 1526564642, "nsecs": 292639017}, "angular_velocity": {"y": 0.04643731968090725, "x": 0.01219551023931953, "z": 22.474510180647076}, "orientation": {"y": 0.1769972657860142, "x": 0.23577505237249652, "z": -0.9554023487786091, "w": 0.016983654828642083}, "linear_acceleration": {"y": 53.0, "x": 52.0, "z": 4012.0}}, {"stamp": {"secs": 1526564642, "nsecs": 302632093}, "angular_velocity": {"y": 0.32569, "x": -0.2321505850398866, "z": 22.666496398366455}, "orientation": {"y": 0.148426682969995, "x": 0.2534342747973432, "z": -0.948027428225032, "w": 0.12241153325361642}, "linear_acceleration": {"y": 51.0, "x": 279.0, "z": 4080.0}}, {"stamp": {"secs": 1526564642, "nsecs": 312706947}, "angular_velocity": {"y": 0.09879719724073713, "x": -0.37177692519943295, "z": 23.137735296404923}, "orientation": {"y": 0.11832040746478054, "x": 0.2671715112979263, "z": -0.9284851188806819, "w": 0.22920525461968863}, "linear_acceleration": {"y": -33.0, "x": 7.0, "z": 4012.0}}], "image_final": {"secs": 1526564642, "nsecs": 220049277, "filename": "1526564642.312344633_f.png"}}