{"image_initial": {"secs": 1526564647, "nsecs": 686405241, "filename": "1526564647.686405241_i.png"}, "imu": [{"stamp": {"secs": 1526564647, "nsecs": 693818092}, "angular_velocity": {"y": 0.6922091429188092, "x": -1.4713343539558605, "z": -26.708868140553125}, "orientation": {"y": -0.021779487715557492, "x": 0.054411594421914754, "z": -0.9473973510376559, "w": -0.3146478850304666}, "linear_acceleration": {"y": 363.0, "x": -380.0, "z": 4262.0}}, {"stamp": {"secs": 1526564647, "nsecs": 703833103}, "angular_velocity": {"y": -0.5295213334772215, "x": 0.01219551023931953, "z": -29.41412848114434}, "orientation": {"y": -0.012595297165585934, "x": 0.05335476638286875, "z": -0.8937397429612922, "w": -0.445223426208711}, "linear_acceleration": {"y": 393.0, "x": -370.0, "z": 4156.0}}, {"stamp": {"secs": 1526564647, "nsecs": 713830947}, "angular_velocity": {"y": -2.152677537831948, "x": 1.6004451295541593, "z": -30.37405956974122}, "orientation": {"y": -0.005676280814747335, "x": 0.039664895776044866, "z": -0.8197392547691432, "w": -0.5713335541255363}, "linear_acceleration": {"y": 432.0, "x": 235.0, "z": 4166.0}}], "image_final": {"secs": 1526564647, "nsecs": 654391554, "filename": "1526564647.686405241_f.png"}}