{"image_initial": {"secs": 1526564649, "nsecs": 720103339, "filename": "1526564649.720103339_i.png"}, "imu": [{"stamp": {"secs": 1526564649, "nsecs": 724428892}, "angular_velocity": {"y": 0.2035169523603969, "x": -0.5114032653589793, "z": 8.250076776893293}, "orientation": {"y": 0.2202401591606388, "x": 0.21444171162318904, "z": -0.9240724713668734, "w": 0.2271543357960224}, "linear_acceleration": {"y": -30.0, "x": -113.0, "z": 4052.0}}, {"stamp": {"secs": 1526564649, "nsecs": 734606981}, "angular_velocity": {"y": 0.15115707480056703, "x": -0.1274308299202268, "z": 4.026379987067014}, "orientation": {"y": 0.21474230246755002, "x": 0.21838287064713596, "z": -0.9204359647781719, "w": 0.24288330548172152}, "linear_acceleration": {"y": -16.0, "x": -143.0, "z": 4095.0}}, {"stamp": {"secs": 1526564649, "nsecs": 744596004}, "angular_velocity": {"y": 0.15115707480056703, "x": 0.32635477559829884, "z": 1.931984884673819}, "orientation": {"y": 0.2095793266437116, "x": 0.220396490009027, "z": -0.9197481212302246, "w": 0.24812353078404592}, "linear_acceleration": {"y": 3.0, "x": -95.0, "z": 4093.0}}], "image_final": {"secs": 1526564649, "nsecs": 686450422, "filename": "1526564649.720103339_f.png"}}