{"image_initial": {"secs": 1526564646, "nsecs": 20067364, "filename": "1526564646.20067364_i.png"}, "imu": [{"stamp": {"secs": 1526564646, "nsecs": 23463010}, "angular_velocity": {"y": 0.796928898038469, "x": 0.04710209527920614, "z": 22.614136520806625}, "orientation": {"y": -0.22619594203809468, "x": -0.21515996930678083, "z": 0.9397366917824947, "w": -0.13941496882005328}, "linear_acceleration": {"y": 221.0, "x": 271.0, "z": 4147.0}}, {"stamp": {"secs": 1526564646, "nsecs": 33443927}, "angular_velocity": {"y": 0.2558768299202268, "x": 0.11691526535897931, "z": 21.357499459370704}, "orientation": {"y": -0.1997293437922834, "x": -0.23798227042364117, "z": 0.9209216971680756, "w": -0.23532075105562647}, "linear_acceleration": {"y": -4.0, "x": -11.0, "z": 4059.0}}, {"stamp": {"secs": 1526564646, "nsecs": 43441057}, "angular_velocity": {"y": 0.04643731968090725, "x": -0.09252424488034024, "z": 22.142897622768153}, "orientation": {"y": -0.1711899393909369, "x": -0.2571788358867308, "z": 0.8909654207934531, "w": -0.3327666900000936}, "linear_acceleration": {"y": 69.0, "x": 306.0, "z": 4090.0}}], "image_final": {"secs": 1526564645, "nsecs": 986297782, "filename": "1526564646.20067364_f.png"}}