{"image_initial": {"secs": 1526564632, "nsecs": 319703510, "filename": "1526564632.319703510_i.png"}, "imu": [{"stamp": {"secs": 1526564632, "nsecs": 330703973}, "angular_velocity": {"y": 0.9540085307179587, "x": 2.6127360957108703, "z": -18.17420809830086}, "orientation": {"y": 0.05613386936004978, "x": -0.05951994735506923, "z": 0.07895331859560967, "w": -0.9935153436461153}, "linear_acceleration": {"y": 202.0, "x": 499.0, "z": 4055.0}}, {"stamp": {"secs": 1526564632, "nsecs": 340616941}, "angular_velocity": {"y": 1.163448040957278, "x": 3.9915462047863906, "z": -6.847021252857658}, "orientation": {"y": 0.054752400704569895, "x": -0.08187159572012055, "z": 0.11026956110776469, "w": -0.9890095248906494}, "linear_acceleration": {"y": 315.0, "x": 980.0, "z": 4101.0}}, {"stamp": {"secs": 1526564632, "nsecs": 350615024}, "angular_velocity": {"y": 0.6747558503988659, "x": 3.3108677965086026, "z": 3.415514748868999}, "orientation": {"y": 0.05956928646058627, "x": -0.09770569355884053, "z": 0.09151214811918613, "w": -0.9892070684661399}, "linear_acceleration": {"y": 325.0, "x": 1318.0, "z": 4077.0}}], "image_final": {"secs": 1526564632, "nsecs": 309348306, "filename": "1526564632.319703510_f.png"}}