{"image_initial": {"secs": 1526564642, "nsecs": 352535468, "filename": "1526564642.352535468_i.png"}, "imu": [{"stamp": {"secs": 1526564642, "nsecs": 362675905}, "angular_velocity": {"y": 0.622395972839036, "x": -0.6335763129985824, "z": -6.969194300497262}, "orientation": {"y": 0.10264046325680744, "x": 0.29045840923530514, "z": -0.871185959234434, "w": 0.3822746031842853}, "linear_acceleration": {"y": 419.0, "x": -254.0, "z": 4230.0}}, {"stamp": {"secs": 1526564642, "nsecs": 372673988}, "angular_velocity": {"y": -0.9658536464758039, "x": 1.0768463539558606, "z": -7.440433198535731}, "orientation": {"y": 0.10544277155329597, "x": 0.28254100654581465, "z": -0.8886423892715475, "w": 0.3454954493723363}, "linear_acceleration": {"y": 364.0, "x": -9.0, "z": 4187.0}}, {"stamp": {"secs": 1526564642, "nsecs": 382653951}, "angular_velocity": {"y": -2.623916435870417, "x": 2.350936707911721, "z": -5.85218357922089}, "orientation": {"y": 0.09737764324171408, "x": 0.2697454294258309, "z": -0.9049223190036797, "w": 0.3144369483212268}, "linear_acceleration": {"y": 179.0, "x": 309.0, "z": 4118.0}}], "image_final": {"secs": 1526564642, "nsecs": 320050371, "filename": "1526564642.352535468_f.png"}}