{"image_initial": {"secs": 1526564633, "nsecs": 885983022, "filename": "1526564633.885983022_i.png"}, "imu": [{"stamp": {"secs": 1526564633, "nsecs": 892333030}, "angular_velocity": {"y": 0.971461823237902, "x": -0.4939499728390361, "z": 22.56177664324679}, "orientation": {"y": -0.21571282755445412, "x": 0.2437756781850383, "z": 0.14905747485564444, "w": 0.9337147658378043}, "linear_acceleration": {"y": 111.0, "x": -16.0, "z": 4122.0}}, {"stamp": {"secs": 1526564633, "nsecs": 900748968}, "angular_velocity": {"y": 0.41295646259971647, "x": -0.45904338779914944, "z": 22.404697010567304}, "orientation": {"y": -0.23908904069282325, "x": 0.21811340921132633, "z": 0.2380712489572219, "w": 0.9157428961028017}, "linear_acceleration": {"y": 114.0, "x": 70.0, "z": 4098.0}}, {"stamp": {"secs": 1526564633, "nsecs": 910739898}, "angular_velocity": {"y": -0.0582824354387525, "x": -0.09252424488034024, "z": 21.16551324165133}, "orientation": {"y": -0.2638838277619811, "x": 0.1888687609854595, "z": 0.33575997316446393, "w": 0.884284545262497}, "linear_acceleration": {"y": 29.0, "x": 30.0, "z": 4065.0}}], "image_final": {"secs": 1526564633, "nsecs": 853507509, "filename": "1526564633.885983022_f.png"}}