{"image_initial": {"secs": 1526564625, "nsecs": 984879451, "filename": "1526564625.984879451_i.png"}, "imu": [{"stamp": {"secs": 1526564625, "nsecs": 959116935}, "angular_velocity": {"y": 0.7271157279586957, "x": -0.2321505850398866, "z": 24.13257297004169}, "orientation": {"y": -0.3585573491245687, "x": 0.021699292335054614, "z": 0.5211150611050622, "w": 0.7742124134824934}, "linear_acceleration": {"y": 36.0, "x": 157.0, "z": 4112.0}}, {"stamp": {"secs": 1526564625, "nsecs": 969090938}, "angular_velocity": {"y": 0.9016486531581287, "x": -0.9302822858376184, "z": 24.34201248028101}, "orientation": {"y": -0.35602750836706665, "x": -0.02415080407243639, "z": 0.611912691071791, "w": 0.7058498497937591}, "linear_acceleration": {"y": 153.0, "x": 188.0, "z": 4020.0}}, {"stamp": {"secs": 1526564625, "nsecs": 979089975}, "angular_velocity": {"y": 0.7794756055185257, "x": -0.9826421633974483, "z": 25.720822589356526}, "orientation": {"y": -0.3482533929930625, "x": -0.07235073244014999, "z": 0.6980984131207846, "w": 0.621404499004019}, "linear_acceleration": {"y": 46.0, "x": -96.0, "z": 4140.0}}], "image_final": {"secs": 1526564625, "nsecs": 886021351, "filename": "1526564625.984879451_f.png"}}