{"image_initial": {"secs": 1526564640, "nsecs": 520280025, "filename": "1526564640.520280025_i.png"}, "imu": [{"stamp": {"secs": 1526564640, "nsecs": 532223939}, "angular_velocity": {"y": -0.5120680409572782, "x": -0.4415900952792061, "z": 0.4659083129985824}, "orientation": {"y": 0.16887794180336937, "x": -0.0359961489412851, "z": -0.03013430442026146, "w": -0.984518380595691}, "linear_acceleration": {"y": -89.0, "x": -101.0, "z": 4056.0}}, {"stamp": {"secs": 1526564640, "nsecs": 542217969}, "angular_velocity": {"y": -0.18045548307835563, "x": 0.20418172795869574, "z": -1.331780816555577}, "orientation": {"y": 0.17381422301707009, "x": -0.039235894735242784, "z": -0.02547330160017777, "w": -0.9836667481148703}, "linear_acceleration": {"y": -54.0, "x": 32.0, "z": 4050.0}}, {"stamp": {"secs": 1526564640, "nsecs": 552213907}, "angular_velocity": {"y": 0.2035169523603969, "x": 0.7103272110370514, "z": -2.3091651976724012}, "orientation": {"y": 0.17661730321533028, "x": -0.04581368819103409, "z": -0.016402054152187574, "w": -0.9830759923825154}, "linear_acceleration": {"y": 27.0, "x": 123.0, "z": 4064.0}}], "image_final": {"secs": 1526564640, "nsecs": 486382946, "filename": "1526564640.520280025_f.png"}}