{"image_initial": {"secs": 1526564643, "nsecs": 752542699, "filename": "1526564643.752542699_i.png"}, "imu": [{"stamp": {"secs": 1526564643, "nsecs": 752959966}, "angular_velocity": {"y": -1.8734248575128551, "x": 0.5881541633974483, "z": -23.3927425617639}, "orientation": {"y": 0.03757878003266846, "x": -0.06468466818740318, "z": -0.4261394780553129, "w": -0.901559135184979}, "linear_acceleration": {"y": -122.0, "x": 302.0, "z": 3981.0}}, {"stamp": {"secs": 1526564643, "nsecs": 762940883}, "angular_velocity": {"y": -0.5818812110370515, "x": -0.2146972925199433, "z": -23.916341337362205}, "orientation": {"y": 0.03585743684059152, "x": -0.06879978650430321, "z": -0.3195921689500832, "w": -0.9443736967673161}, "linear_acceleration": {"y": -299.0, "x": 36.0, "z": 3960.0}}, {"stamp": {"secs": 1526564643, "nsecs": 772938966}, "angular_velocity": {"y": 0.6573025578789226, "x": -0.47649668031909276, "z": -21.874306112528835}, "orientation": {"y": 0.029364284291029826, "x": -0.06924523122486913, "z": -0.21851224360363172, "w": -0.9729312597280433}, "linear_acceleration": {"y": 21.0, "x": 189.0, "z": 4044.0}}], "image_final": {"secs": 1526564643, "nsecs": 720048518, "filename": "1526564643.752542699_f.png"}}