{"image_initial": {"secs": 1526564622, "nsecs": 553569876, "filename": "1526564622.553569876_i.png"}, "imu": [{"stamp": {"secs": 1526564622, "nsecs": 528481006}, "angular_velocity": {"y": 0.2907834149601134, "x": 0.30890148307835563, "z": -0.11005034015954636}, "orientation": {"y": 0.005850692315685632, "x": -0.02310154467993859, "z": -0.9760954199827456, "w": -0.21603198633891119}, "linear_acceleration": {"y": -13.0, "x": 250.0, "z": 4062.0}}, {"stamp": {"secs": 1526564622, "nsecs": 538505077}, "angular_velocity": {"y": 0.5700360952792061, "x": -0.05761765984045364, "z": 0.8149741633974483}, "orientation": {"y": 0.006339005200388402, "x": -0.021147953042189763, "z": -0.9777568346833034, "w": -0.20857649274374535}, "linear_acceleration": {"y": 26.0, "x": 191.0, "z": 4046.0}}, {"stamp": {"secs": 1526564622, "nsecs": 548471927}, "angular_velocity": {"y": 0.6398492653589793, "x": -0.3194170476396031, "z": 1.4258394015954636}, "orientation": {"y": 0.005965124346647175, "x": -0.015628145070427348, "z": -0.9798828479155459, "w": -0.19887127176670288}, "linear_acceleration": {"y": 56.0, "x": 60.0, "z": 4095.0}}], "image_final": {"secs": 1526564622, "nsecs": 519849297, "filename": "1526564622.553569876_f.png"}}