{"image_initial": {"secs": 1526564633, "nsecs": 719682091, "filename": "1526564633.719682091_i.png"}, "imu": [{"stamp": {"secs": 1526564633, "nsecs": 700695991}, "angular_velocity": {"y": 0.796928898038469, "x": 0.2914481905584123, "z": 31.60258216857742}, "orientation": {"y": 0.3139787363230139, "x": -0.07052981631128125, "z": -0.7765538294813983, "w": -0.5416706084567224}, "linear_acceleration": {"y": 163.0, "x": 723.0, "z": 4012.0}}, {"stamp": {"secs": 1526564633, "nsecs": 710699081}, "angular_velocity": {"y": 0.46531634015954637, "x": -1.8553067893946131, "z": 33.81915031861022}, "orientation": {"y": 0.3235559097026808, "x": -0.011638758918192159, "z": -0.8555890162701297, "w": -0.4039103215136082}, "linear_acceleration": {"y": 0.0, "x": 355.0, "z": 4020.0}}, {"stamp": {"secs": 1526564633, "nsecs": 720700979}, "angular_velocity": {"y": 0.6922091429188092, "x": -4.089328231947355, "z": 33.99368324380965}, "orientation": {"y": 0.33271689391519493, "x": 0.0536517455672701, "z": -0.9063219578138745, "w": -0.2549538536391152}, "linear_acceleration": {"y": -7.0, "x": -159.0, "z": 3956.0}}], "image_final": {"secs": 1526564633, "nsecs": 685888928, "filename": "1526564633.719682091_f.png"}}