{"image_initial": {"secs": 1526564623, "nsecs": 720531466, "filename": "1526564623.720531466_i.png"}, "imu": [{"stamp": {"secs": 1526564623, "nsecs": 738657951}, "angular_velocity": {"y": -2.6937296059501903, "x": 1.4608187893946132, "z": -24.317767065320897}, "orientation": {"y": 0.03915964735772404, "x": -0.07124788238727232, "z": -0.4732793091104121, "w": -0.8771527557057089}, "linear_acceleration": {"y": -114.0, "x": 535.0, "z": 3904.0}}, {"stamp": {"secs": 1526564623, "nsecs": 750885009}, "angular_velocity": {"y": -1.2451063267948965, "x": 0.01219551023931953, "z": -23.253116221604355}, "orientation": {"y": 0.03920750146558425, "x": -0.07961541917859795, "z": -0.3488100985506652, "w": -0.9329821391682251}, "linear_acceleration": {"y": -270.0, "x": 244.0, "z": 3987.0}}, {"stamp": {"secs": 1526564623, "nsecs": 758634090}, "angular_velocity": {"y": -0.18045548307835563, "x": -0.47649668031909276, "z": -22.764424031045948}, "orientation": {"y": 0.03607627043856771, "x": -0.08121855440772821, "z": -0.26792084813102957, "w": -0.959333345750012}, "linear_acceleration": {"y": -179.0, "x": 227.0, "z": 3909.0}}], "image_final": {"secs": 1526564623, "nsecs": 686154479, "filename": "1526564623.720531466_f.png"}}