{"image_initial": {"secs": 1526564647, "nsecs": 654391554, "filename": "1526564647.654391554_i.png"}, "imu": [{"stamp": {"secs": 1526564647, "nsecs": 653812885}, "angular_velocity": {"y": -0.023375850398865916, "x": -0.04016436732051035, "z": -0.04023717007977318}, "orientation": {"y": -0.05866545675212177, "x": 0.02631464128061765, "z": -0.9975478840180377, "w": -0.027642773548843983}, "linear_acceleration": {"y": 17.0, "x": 88.0, "z": 4063.0}}, {"stamp": {"secs": 1526564647, "nsecs": 663809061}, "angular_velocity": {"y": 0.11625048976068045, "x": -0.28451046259971646, "z": -1.3492341090755202}, "orientation": {"y": -0.0550446326228453, "x": 0.028661097352749847, "z": -0.9973281225503853, "w": -0.03853888799739986}, "linear_acceleration": {"y": -423.0, "x": -509.0, "z": 3966.0}}, {"stamp": {"secs": 1526564647, "nsecs": 673794984}, "angular_velocity": {"y": 0.7096624354387524, "x": -1.3491613063162575, "z": -10.582025852125522}, "orientation": {"y": -0.04583452028451296, "x": 0.03574974027137377, "z": -0.9937323490802673, "w": -0.09548387933170589}, "linear_acceleration": {"y": -146.0, "x": -315.0, "z": 4029.0}}], "image_final": {"secs": 1526564647, "nsecs": 620134061, "filename": "1526564647.654391554_f.png"}}