{"image_initial": {"secs": 1526564624, "nsecs": 19947393, "filename": "1526564624.19947393_i.png"}, "imu": [{"stamp": {"secs": 1526564624, "nsecs": 28944969}, "angular_velocity": {"y": -0.5818812110370515, "x": 0.44852782323790197, "z": -24.527206575560218}, "orientation": {"y": -0.025305814906337366, "x": 0.030503207925183826, "z": 0.34230504413383367, "w": 0.9387525908346317}, "linear_acceleration": {"y": 3.0, "x": 138.0, "z": 4025.0}}, {"stamp": {"secs": 1526564624, "nsecs": 38714885}, "angular_velocity": {"y": -0.4597081633974483, "x": 0.1692751429188092, "z": -25.27769815391778}, "orientation": {"y": -0.026439602378420975, "x": 0.035322123984104885, "z": 0.2280410899290501, "w": 0.9726513025166281}, "linear_acceleration": {"y": -63.0, "x": 160.0, "z": 4055.0}}, {"stamp": {"secs": 1526564624, "nsecs": 48719882}, "angular_velocity": {"y": -0.23281536063818548, "x": 0.04710209527920614, "z": -24.771552670839426}, "orientation": {"y": -0.026616743983738016, "x": 0.039120668140647685, "z": 0.10995600485386088, "w": 0.9928095483326654}, "linear_acceleration": {"y": -81.0, "x": -39.0, "z": 4008.0}}], "image_final": {"secs": 1526564623, "nsecs": 987785295, "filename": "1526564624.19947393_f.png"}}