{"image_initial": {"secs": 1526564640, "nsecs": 186406084, "filename": "1526564640.186406084_i.png"}, "imu": [{"stamp": {"secs": 1526564640, "nsecs": 162133932}, "angular_velocity": {"y": -0.005922557878922596, "x": 0.09946197283903604, "z": -25.59185741927676}, "orientation": {"y": -0.01999202651372133, "x": 0.05145629093952749, "z": -0.9352415035180428, "w": 0.3496797092997137}, "linear_acceleration": {"y": -59.0, "x": -46.0, "z": 4099.0}}, {"stamp": {"secs": 1526564640, "nsecs": 172162055}, "angular_velocity": {"y": 0.3431432925199433, "x": 0.32635477559829884, "z": -24.998445473598686}, "orientation": {"y": -0.016258446541278677, "x": 0.055206155515789494, "z": -0.9723719593009285, "w": 0.22623155410884765}, "linear_acceleration": {"y": 53.0, "x": 80.0, "z": 4047.0}}, {"stamp": {"secs": 1526564640, "nsecs": 182377099}, "angular_velocity": {"y": 0.3431432925199433, "x": 0.41362123819801533, "z": -26.953214235832334}, "orientation": {"y": -0.011953961248007086, "x": 0.058414114309006206, "z": -0.9944399563826665, "w": 0.08679900465797741}, "linear_acceleration": {"y": 43.0, "x": 15.0, "z": 4107.0}}], "image_final": {"secs": 1526564640, "nsecs": 152792168, "filename": "1526564640.186406084_f.png"}}