{"image_initial": {"secs": 1526564638, "nsecs": 552633613, "filename": "1526564638.552633613_i.png"}, "imu": [{"stamp": {"secs": 1526564638, "nsecs": 573302030}, "angular_velocity": {"y": 0.16861036732051032, "x": -0.1274308299202268, "z": 0.2913753877991494}, "orientation": {"y": 0.08787279692435128, "x": 0.20468949937365385, "z": -0.9291495034487136, "w": 0.2950623334955915}, "linear_acceleration": {"y": 87.0, "x": -48.0, "z": 4093.0}}, {"stamp": {"secs": 1526564638, "nsecs": 581855058}, "angular_velocity": {"y": -0.1630021905584123, "x": 0.0645553877991494, "z": -0.6685557007977317}, "orientation": {"y": 0.08665614754741487, "x": 0.20255238437476397, "z": -0.9314986722735872, "w": 0.28943646492603975}, "linear_acceleration": {"y": 81.0, "x": 53.0, "z": 4082.0}}, {"stamp": {"secs": 1526564638, "nsecs": 591810941}, "angular_velocity": {"y": -0.5469746259971648, "x": 0.1518218503988659, "z": -1.1223413063162575}, "orientation": {"y": 0.08475723801915382, "x": 0.19814798281407484, "z": -0.9352444275058379, "w": 0.28084061018548395}, "linear_acceleration": {"y": 52.0, "x": 107.0, "z": 4072.0}}], "image_final": {"secs": 1526564638, "nsecs": 520106766, "filename": "1526564638.552633613_f.png"}}