{"image_initial": {"secs": 1526564634, "nsecs": 53398939, "filename": "1526564634.53398939_i.png"}, "imu": [{"stamp": {"secs": 1526564634, "nsecs": 60779094}, "angular_velocity": {"y": 0.16861036732051032, "x": -0.28451046259971646, "z": 22.404697010567304}, "orientation": {"y": -0.11364312931439625, "x": -0.28346871337375434, "z": 0.8204174852845824, "w": -0.4833692972636776}, "linear_acceleration": {"y": 48.0, "x": 257.0, "z": 4145.0}}, {"stamp": {"secs": 1526564634, "nsecs": 70787906}, "angular_velocity": {"y": 0.18606365984045362, "x": -0.1797907074800567, "z": 22.404697010567304}, "orientation": {"y": -0.08125684040600693, "x": -0.29314565307913126, "z": 0.7635280579147006, "w": -0.5696383561041582}, "linear_acceleration": {"y": 55.0, "x": 188.0, "z": 4014.0}}, {"stamp": {"secs": 1526564634, "nsecs": 80857992}, "angular_velocity": {"y": 0.44786304763960305, "x": -0.45904338779914944, "z": 24.795798085799536}, "orientation": {"y": -0.04596172596615214, "x": -0.29972620525224114, "z": 0.688922428250912, "w": -0.6583597872623832}, "linear_acceleration": {"y": 8.0, "x": 122.0, "z": 4118.0}}], "image_final": {"secs": 1526564634, "nsecs": 19812607, "filename": "1526564634.53398939_f.png"}}