{"image_initial": {"secs": 1526564644, "nsecs": 520034357, "filename": "1526564644.520034357_i.png"}, "imu": [{"stamp": {"secs": 1526564644, "nsecs": 533113956}, "angular_velocity": {"y": -0.33753511575784517, "x": 0.02964880275926285, "z": -0.9303550885968812}, "orientation": {"y": 0.1606078324181349, "x": -0.03925824164394249, "z": -0.13939967750436708, "w": -0.9763358256976195}, "linear_acceleration": {"y": -84.0, "x": -76.0, "z": 4051.0}}, {"stamp": {"secs": 1526564644, "nsecs": 543077945}, "angular_velocity": {"y": 0.028984027160963932, "x": 0.518340993317675, "z": -2.256805320112572}, "orientation": {"y": 0.16351981276613864, "x": -0.04467447726859981, "z": -0.13124945480302036, "w": -0.9767492219232192}, "linear_acceleration": {"y": -55.0, "x": 22.0, "z": 4028.0}}, {"stamp": {"secs": 1526564644, "nsecs": 553076982}, "angular_velocity": {"y": 0.2733301224401701, "x": 0.867406843716541, "z": -2.6058711705114375}, "orientation": {"y": 0.16497821920988243, "x": -0.05195388998672609, "z": -0.12158324770974985, "w": -0.9773947484910755}, "linear_acceleration": {"y": -1.0, "x": 119.0, "z": 4058.0}}], "image_final": {"secs": 1526564644, "nsecs": 486330025, "filename": "1526564644.520034357_f.png"}}