{"image_initial": {"secs": 1526564642, "nsecs": 552555572, "filename": "1526564642.552555572_i.png"}, "imu": [{"stamp": {"secs": 1526564642, "nsecs": 542690038}, "angular_velocity": {"y": 0.6747558503988659, "x": -0.1274308299202268, "z": 1.373479524035634}, "orientation": {"y": 0.06930349070495456, "x": 0.22682538242089634, "z": -0.9390049217541642, "w": 0.24903218464121912}, "linear_acceleration": {"y": 64.0, "x": 175.0, "z": 4077.0}}, {"stamp": {"secs": 1526564642, "nsecs": 552685976}, "angular_velocity": {"y": 0.622395972839036, "x": -0.42413680275926285, "z": 1.739998666954443}, "orientation": {"y": 0.06873165750928362, "x": 0.22795805737241506, "z": -0.9374234561617778, "w": 0.2540636675574231}, "linear_acceleration": {"y": 60.0, "x": 1.0, "z": 4079.0}}, {"stamp": {"secs": 1526564642, "nsecs": 562686920}, "angular_velocity": {"y": 0.46531634015954637, "x": -0.5288565578789226, "z": 1.390932816555577}, "orientation": {"y": 0.0688491291145371, "x": 0.2281449837559309, "z": -0.9364068004969931, "w": 0.25758875711133083}, "linear_acceleration": {"y": 73.0, "x": -76.0, "z": 4106.0}}], "image_final": {"secs": 1526564642, "nsecs": 520029308, "filename": "1526564642.552555572_f.png"}}