{"image_initial": {"secs": 1526564639, "nsecs": 654113190, "filename": "1526564639.654113190_i.png"}, "imu": [{"stamp": {"secs": 1526564639, "nsecs": 652046918}, "angular_velocity": {"y": -0.0582824354387525, "x": 0.01219551023931953, "z": 0.029576}, "orientation": {"y": -0.022136008421919512, "x": -0.0035259859597775397, "z": -0.9882390560497052, "w": -0.1512651071865015}, "linear_acceleration": {"y": 20.0, "x": 88.0, "z": 4072.0}}, {"stamp": {"secs": 1526564639, "nsecs": 662026882}, "angular_velocity": {"y": 0.028984027160963932, "x": -0.14488412244017013, "z": -0.09259704763960307}, "orientation": {"y": -0.018181730558786496, "x": 7.348477695937461e-05, "z": -0.9879842970011551, "w": -0.15348110031208637}, "linear_acceleration": {"y": -370.0, "x": -333.0, "z": 3996.0}}, {"stamp": {"secs": 1526564639, "nsecs": 672023057}, "angular_velocity": {"y": 0.5002229251994329, "x": -0.9477355783575616, "z": -6.009263211900381}, "orientation": {"y": -0.011354603835246724, "x": 0.00756558345673146, "z": -0.982620560186532, "w": -0.185123390249342}, "linear_acceleration": {"y": -223.0, "x": -323.0, "z": 4063.0}}], "image_final": {"secs": 1526564639, "nsecs": 620124028, "filename": "1526564639.654113190_f.png"}}