{"image_initial": {"secs": 1526564647, "nsecs": 786463003, "filename": "1526564647.786463003_i.png"}, "imu": [{"stamp": {"secs": 1526564647, "nsecs": 763838052}, "angular_velocity": {"y": 0.3780498775598299, "x": -0.45904338779914944, "z": -21.717226479849348}, "orientation": {"y": 0.024532451574574902, "x": -0.01884973009475956, "z": -0.3748982723040148, "w": -0.9265495841662015}, "linear_acceleration": {"y": -266.0, "x": 5.0, "z": 3991.0}}, {"stamp": {"secs": 1526564647, "nsecs": 773866891}, "angular_velocity": {"y": 1.617233646475804, "x": -0.4415900952792061, "z": -22.20591867040776}, "orientation": {"y": 0.0187902818189002, "x": -0.01710837271895636, "z": -0.2737281572825352, "w": -0.9614713333234555}, "linear_acceleration": {"y": 76.0, "x": 223.0, "z": 4071.0}}, {"stamp": {"secs": 1526564647, "nsecs": 783853054}, "angular_velocity": {"y": 1.91393961931484, "x": -0.33687034015954637, "z": -20.79220197629235}, "orientation": {"y": 0.011565175585825632, "x": -0.015536252558689278, "z": -0.1766102525334536, "w": -0.9840902856294087}, "linear_acceleration": {"y": 162.0, "x": 14.0, "z": 4120.0}}], "image_final": {"secs": 1526564647, "nsecs": 752624922, "filename": "1526564647.786463003_f.png"}}