{"image_initial": {"secs": 1526564639, "nsecs": 853872627, "filename": "1526564639.853872627_i.png"}, "imu": [{"stamp": {"secs": 1526564639, "nsecs": 832102060}, "angular_velocity": {"y": -2.519196680750757, "x": 0.30890148307835563, "z": -23.340382684204076}, "orientation": {"y": 0.02210322387689927, "x": -0.05890368168921203, "z": 0.4254271736477841, "w": -0.9028031478122801}, "linear_acceleration": {"y": -82.0, "x": 201.0, "z": 3995.0}}, {"stamp": {"secs": 1526564639, "nsecs": 842072010}, "angular_velocity": {"y": -2.1352242453120045, "x": 0.3961679456780721, "z": -23.74180841216277}, "orientation": {"y": 0.029594932409788863, "x": -0.05807509346291474, "z": 0.5311944155951209, "w": -0.8447389634292309}, "linear_acceleration": {"y": -134.0, "x": 46.0, "z": 4015.0}}, {"stamp": {"secs": 1526564639, "nsecs": 852060079}, "angular_velocity": {"y": -1.4894524220741028, "x": 0.3961679456780721, "z": -22.013932452688383}, "orientation": {"y": 0.03415153499339286, "x": -0.05826881578363391, "z": 0.6230257378817879, "w": -0.7792800188004451}, "linear_acceleration": {"y": -93.0, "x": 257.0, "z": 4008.0}}], "image_final": {"secs": 1526564639, "nsecs": 820092630, "filename": "1526564639.853872627_f.png"}}