{"image_initial": {"secs": 1526564640, "nsecs": 152792168, "filename": "1526564640.152792168_i.png"}, "imu": [{"stamp": {"secs": 1526564640, "nsecs": 142122983}, "angular_velocity": {"y": -0.6342410885968812, "x": -0.09252424488034024, "z": -24.073420970041692}, "orientation": {"y": -0.026432988058360696, "x": 0.04782574818414129, "z": -0.8174335920076332, "w": 0.5734250758472564}, "linear_acceleration": {"y": -119.0, "x": -101.0, "z": 4080.0}}, {"stamp": {"secs": 1526564640, "nsecs": 152149915}, "angular_velocity": {"y": -0.33753511575784517, "x": -0.005257782280623763, "z": -23.654541949563054}, "orientation": {"y": -0.023973859709618774, "x": 0.048903034057579994, "z": -0.8813265788934991, "w": 0.46935829453251143}, "linear_acceleration": {"y": -4.0, "x": 86.0, "z": 4018.0}}, {"stamp": {"secs": 1526564640, "nsecs": 162133932}, "angular_velocity": {"y": -0.005922557878922596, "x": 0.09946197283903604, "z": -25.59185741927676}, "orientation": {"y": -0.01999202651372133, "x": 0.05145629093952749, "z": -0.9352415035180428, "w": 0.3496797092997137}, "linear_acceleration": {"y": -59.0, "x": -46.0, "z": 4099.0}}], "image_final": {"secs": 1526564640, "nsecs": 120086907, "filename": "1526564640.152792168_f.png"}}