{"image_initial": {"secs": 1526564640, "nsecs": 386329520, "filename": "1526564640.386329520_i.png"}, "imu": [{"stamp": {"secs": 1526564640, "nsecs": 392215013}, "angular_velocity": {"y": -0.8262273063162575, "x": -5.311058708343386, "z": 9.227461158010117}, "orientation": {"y": 0.10314195845760885, "x": -0.018848509374926756, "z": -0.012097292510237867, "w": -0.994414463699012}, "linear_acceleration": {"y": -82.0, "x": -819.0, "z": 4125.0}}, {"stamp": {"secs": 1526564640, "nsecs": 402204990}, "angular_velocity": {"y": -0.7215075511965976, "x": -3.303930068549907, "z": 6.382574477259359}, "orientation": {"y": 0.11166751478161396, "x": -0.00031160202885145846, "z": -0.0442444268282721, "w": -0.9927601420994455}, "linear_acceleration": {"y": -140.0, "x": -803.0, "z": 4059.0}}, {"stamp": {"secs": 1526564640, "nsecs": 412180900}, "angular_velocity": {"y": -0.6167877960769379, "x": -0.40668351023931953, "z": 2.5253968303518914}, "orientation": {"y": 0.11887841288511865, "x": 0.0015764188983305775, "z": -0.05879193549854584, "w": -0.9911654484361867}, "linear_acceleration": {"y": -120.0, "x": -471.0, "z": 4101.0}}], "image_final": {"secs": 1526564640, "nsecs": 352753270, "filename": "1526564640.386329520_f.png"}}