{"image_initial": {"secs": 1526564641, "nsecs": 720098893, "filename": "1526564641.720098893_i.png"}, "imu": [{"stamp": {"secs": 1526564641, "nsecs": 723166942}, "angular_velocity": {"y": 0.622395972839036, "x": -4.508207252425994, "z": 32.3181671618951}, "orientation": {"y": 0.3547488661460965, "x": 0.10648577252250271, "z": -0.8642507752009444, "w": -0.34041830118680644}, "linear_acceleration": {"y": 21.0, "x": -94.0, "z": 4058.0}}, {"stamp": {"secs": 1526564641, "nsecs": 733112096}, "angular_velocity": {"y": 1.041274993317675, "x": -4.036968354387525, "z": 30.8695438827398}, "orientation": {"y": 0.3461379998867719, "x": 0.16948952357640662, "z": -0.8999203084415535, "w": -0.20397358869884846}, "linear_acceleration": {"y": -37.0, "x": -517.0, "z": 4164.0}}, {"stamp": {"secs": 1526564641, "nsecs": 742470026}, "angular_velocity": {"y": 0.8841953606381854, "x": -2.7628780004316646, "z": 27.727951229150005}, "orientation": {"y": 0.32886179074115696, "x": 0.21810985412941442, "z": -0.9148541385681307, "w": -0.08555652673483487}, "linear_acceleration": {"y": 47.0, "x": -477.0, "z": 4096.0}}], "image_final": {"secs": 1526564641, "nsecs": 686345812, "filename": "1526564641.720098893_f.png"}}