{"image_initial": {"secs": 1526564649, "nsecs": 686450422, "filename": "1526564649.686450422_i.png"}, "imu": [{"stamp": {"secs": 1526564649, "nsecs": 684357881}, "angular_velocity": {"y": 0.6049426803190927, "x": -0.197244, "z": 16.92436315930511}, "orientation": {"y": 0.27143075689385426, "x": 0.15447514045205937, "z": -0.9498819693341048, "w": 0.013675508338209316}, "linear_acceleration": {"y": 41.0, "x": -62.0, "z": 4084.0}}, {"stamp": {"secs": 1526564649, "nsecs": 694324970}, "angular_velocity": {"y": 0.5176762177193762, "x": 0.1692751429188092, "z": 15.54555305022959}, "orientation": {"y": 0.25508235141746416, "x": 0.17655653133540555, "z": -0.9469357730046981, "w": 0.08410366842261983}, "linear_acceleration": {"y": -9.0, "x": 0.0, "z": 4076.0}}, {"stamp": {"secs": 1526564649, "nsecs": 704310894}, "angular_velocity": {"y": 0.2907834149601134, "x": 0.11691526535897931, "z": 13.311531607676848}, "orientation": {"y": 0.23990624041080102, "x": 0.1935415622895726, "z": -0.9403789208709856, "w": 0.14378506410607228}, "linear_acceleration": {"y": -20.0, "x": -14.0, "z": 4048.0}}], "image_final": {"secs": 1526564649, "nsecs": 653805659, "filename": "1526564649.686450422_f.png"}}