{"image_initial": {"secs": 1526564632, "nsecs": 387172170, "filename": "1526564632.387172170_i.png"}, "imu": [{"stamp": {"secs": 1526564632, "nsecs": 380522966}, "angular_velocity": {"y": -0.5644279185171079, "x": -5.4855916335428185, "z": 10.920430532444616}, "orientation": {"y": 0.09100346154600066, "x": -0.041853272543750916, "z": -0.07000598423428492, "w": -0.9925048290741024}, "linear_acceleration": {"y": -43.0, "x": -106.0, "z": 4080.0}}, {"stamp": {"secs": 1526564632, "nsecs": 390485048}, "angular_velocity": {"y": -0.6342410885968812, "x": -4.839819810304917, "z": 8.581689334772214}, "orientation": {"y": 0.10151152425350332, "x": -0.014877685353261677, "z": -0.11257298945385383, "w": -0.9883326297192064}, "linear_acceleration": {"y": -80.0, "x": -738.0, "z": 4125.0}}, {"stamp": {"secs": 1526564632, "nsecs": 400444030}, "angular_velocity": {"y": -0.5818812110370515, "x": -2.274185809873252, "z": 5.073577538263612}, "orientation": {"y": 0.10947636752929835, "x": -0.0025391484129327997, "z": -0.13938718517330284, "w": -0.9841644630281011}, "linear_acceleration": {"y": -108.0, "x": -888.0, "z": 4120.0}}], "image_final": {"secs": 1526564632, "nsecs": 353501340, "filename": "1526564632.387172170_f.png"}}