{"image_initial": {"secs": 1526564644, "nsecs": 128846536, "filename": "1526564644.128846536_i.png"}, "imu": [{"stamp": {"secs": 1526564644, "nsecs": 102956056}, "angular_velocity": {"y": -0.21536206811824216, "x": 0.5357942858376185, "z": -23.863981459802375}, "orientation": {"y": -0.020074063362285635, "x": 0.05053008315552666, "z": -0.4429952743534223, "w": 0.8948736947619806}, "linear_acceleration": {"y": 124.0, "x": 139.0, "z": 4104.0}}, {"stamp": {"secs": 1526564644, "nsecs": 112943887}, "angular_velocity": {"y": -0.6342410885968812, "x": 0.1518218503988659, "z": -24.439940112960503}, "orientation": {"y": -0.02118546803660961, "x": 0.05178629979408876, "z": -0.5503113711219694, "w": 0.8330826789170236}, "linear_acceleration": {"y": 59.0, "x": 293.0, "z": 4061.0}}, {"stamp": {"secs": 1526564644, "nsecs": 122931957}, "angular_velocity": {"y": -0.6691476736367679, "x": -0.022711074800567055, "z": -22.58989110584651}, "orientation": {"y": -0.021516884404992317, "x": 0.05180352101809014, "z": -0.6429260392479815, "w": 0.763871407340616}, "linear_acceleration": {"y": 2.0, "x": 43.0, "z": 4073.0}}], "image_final": {"secs": 1526564644, "nsecs": 53861799, "filename": "1526564644.128846536_f.png"}}