{"image_initial": {"secs": 1526564640, "nsecs": 119383832, "filename": "1526564640.119383832_i.png"}, "imu": [{"stamp": {"secs": 1526564640, "nsecs": 92206001}, "angular_velocity": {"y": 0.2907834149601134, "x": 0.6405140409572782, "z": -23.933794629882144}, "orientation": {"y": -0.02396428784268395, "x": 0.03988467642148029, "z": -0.34084268304628396, "w": 0.938968152233481}, "linear_acceleration": {"y": 141.0, "x": 179.0, "z": 4069.0}}, {"stamp": {"secs": 1526564640, "nsecs": 102109909}, "angular_velocity": {"y": -0.07573572795869576, "x": 0.34380806811824216, "z": -24.68428620823971}, "orientation": {"y": -0.0244181872681193, "x": 0.04429130099386512, "z": -0.45370302022409115, "w": 0.8897165853384705}, "linear_acceleration": {"y": 78.0, "x": 39.0, "z": 4105.0}}, {"stamp": {"secs": 1526564640, "nsecs": 112143993}, "angular_velocity": {"y": -0.49461474843733494, "x": 0.18672843543875248, "z": -23.776714997202653}, "orientation": {"y": -0.025790238792229775, "x": 0.046649298620930514, "z": -0.5581016847323151, "w": 0.8280587032452266}, "linear_acceleration": {"y": 94.0, "x": 197.0, "z": 4067.0}}], "image_final": {"secs": 1526564640, "nsecs": 20791305, "filename": "1526564640.119383832_f.png"}}