{"image_initial": {"secs": 1526564630, "nsecs": 135059462, "filename": "1526564630.135059462_i.png"}, "imu": [{"stamp": {"secs": 1526564630, "nsecs": 110320091}, "angular_velocity": {"y": 0.2558768299202268, "x": 0.0645553877991494, "z": 23.83586699720265}, "orientation": {"y": 0.09019866667916382, "x": -0.32569058042887106, "z": 0.627048794733495, "w": -0.7018544403026012}, "linear_acceleration": {"y": 149.0, "x": 242.0, "z": 4004.0}}, {"stamp": {"secs": 1526564630, "nsecs": 120066881}, "angular_velocity": {"y": 0.30823670748005666, "x": -0.3019637551196598, "z": 25.738275881876472}, "orientation": {"y": 0.13029217005048355, "x": -0.3092746056921271, "z": 0.5370218500985994, "w": -0.7739384350283894}, "linear_acceleration": {"y": 5.0, "x": 107.0, "z": 4118.0}}, {"stamp": {"secs": 1526564630, "nsecs": 130053043}, "angular_velocity": {"y": 0.2035169523603969, "x": -0.35432363267948963, "z": 25.144863936198398}, "orientation": {"y": 0.16900282027356062, "x": -0.28686809101924393, "z": 0.43850006731798336, "w": -0.8347828676109024}, "linear_acceleration": {"y": 19.0, "x": 178.0, "z": 3987.0}}], "image_final": {"secs": 1526564630, "nsecs": 53447395, "filename": "1526564630.135059462_f.png"}}