{"image_initial": {"secs": 1526564639, "nsecs": 786391048, "filename": "1526564639.786391048_i.png"}, "imu": [{"stamp": {"secs": 1526564639, "nsecs": 772056102}, "angular_velocity": {"y": 1.1285414559173914, "x": -0.45904338779914944, "z": -21.769586357409178}, "orientation": {"y": 0.027047457570215008, "x": -0.062300104166586684, "z": -0.20879192854434556, "w": -0.9755988225877236}, "linear_acceleration": {"y": 18.0, "x": 196.0, "z": 4027.0}}, {"stamp": {"secs": 1526564639, "nsecs": 782064914}, "angular_velocity": {"y": 1.7219534015954636, "x": -0.42413680275926285, "z": -21.891759405048777}, "orientation": {"y": 0.015980326263294625, "x": -0.061312240816661534, "z": -0.10493976922591791, "w": -0.9924581014498142}, "linear_acceleration": {"y": 98.0, "x": -26.0, "z": 4135.0}}, {"stamp": {"secs": 1526564639, "nsecs": 792082071}, "angular_velocity": {"y": 1.5997803539558606, "x": -0.38923021771937627, "z": -21.019094779051617}, "orientation": {"y": 0.005976997741748312, "x": -0.06045783462942801, "z": -0.0035132277258393073, "w": -0.9981466740719334}, "linear_acceleration": {"y": 333.0, "x": 62.0, "z": 4170.0}}], "image_final": {"secs": 1526564639, "nsecs": 752623467, "filename": "1526564639.786391048_f.png"}}