{"image_initial": {"secs": 1526564627, "nsecs": 819827898, "filename": "1526564627.819827898_i.png"}, "imu": [{"stamp": {"secs": 1526564627, "nsecs": 809587001}, "angular_velocity": {"y": -0.389894993317675, "x": 0.23908831299858238, "z": -20.79220197629235}, "orientation": {"y": -0.0046970663406031435, "x": -0.07515727416650338, "z": 0.20546684744342267, "w": -0.9757626229310664}, "linear_acceleration": {"y": 280.0, "x": -87.0, "z": 4145.0}}, {"stamp": {"secs": 1526564627, "nsecs": 819566011}, "angular_velocity": {"y": -1.960691320112572, "x": 0.41362123819801533, "z": -23.200756344044525}, "orientation": {"y": 0.001500203607712781, "x": -0.07407602459594981, "z": 0.3172529870498309, "w": -0.9454422426447611}, "linear_acceleration": {"y": 140.0, "x": 144.0, "z": 4095.0}}, {"stamp": {"secs": 1526564627, "nsecs": 829560995}, "angular_velocity": {"y": -2.6937296059501903, "x": 0.41362123819801533, "z": -22.904050371205493}, "orientation": {"y": 0.011013862937086978, "x": -0.0709529344288192, "z": 0.4249497220296999, "w": -0.9023647320601706}, "linear_acceleration": {"y": -144.0, "x": 172.0, "z": 3981.0}}], "image_final": {"secs": 1526564627, "nsecs": 787243388, "filename": "1526564627.819827898_f.png"}}