{"image_initial": {"secs": 1526564634, "nsecs": 19812607, "filename": "1526564634.19812607_i.png"}, "imu": [{"stamp": {"secs": 1526564634, "nsecs": 30775070}, "angular_velocity": {"y": 0.48276963267948964, "x": 0.1518218503988659, "z": 21.21787311921116}, "orientation": {"y": -0.20066427923139749, "x": -0.23621206652080376, "z": 0.9284516885244002, "w": -0.20473194364022684}, "linear_acceleration": {"y": 107.0, "x": 110.0, "z": 4030.0}}, {"stamp": {"secs": 1526564634, "nsecs": 40767908}, "angular_velocity": {"y": 0.15115707480056703, "x": -0.1797907074800567, "z": 22.02072457512855}, "orientation": {"y": -0.1729096293105851, "x": -0.2558319691970426, "z": 0.9017255239590305, "w": -0.30256130464626707}, "linear_acceleration": {"y": 29.0, "x": 156.0, "z": 4137.0}}, {"stamp": {"secs": 1526564634, "nsecs": 50762891}, "angular_velocity": {"y": -0.07573572795869576, "x": -0.05761765984045364, "z": 20.69427434361286}, "orientation": {"y": -0.14441041277172922, "x": -0.27039586864842624, "z": 0.8677337329797542, "w": -0.3912414542836464}, "linear_acceleration": {"y": 44.0, "x": 133.0, "z": 3995.0}}], "image_final": {"secs": 1526564633, "nsecs": 987170763, "filename": "1526564634.19812607_f.png"}}