{"image_initial": {"secs": 1526564639, "nsecs": 752623467, "filename": "1526564639.752623467_i.png"}, "imu": [{"stamp": {"secs": 1526564639, "nsecs": 752039909}, "angular_velocity": {"y": -1.506905714594046, "x": 0.09946197283903604, "z": -23.043676711365038}, "orientation": {"y": 0.03691000189394725, "x": -0.059927428703180304, "z": -0.41281818484712324, "w": -0.9080900292970628}, "linear_acceleration": {"y": -178.0, "x": 232.0, "z": 3980.0}}, {"stamp": {"secs": 1526564639, "nsecs": 762057065}, "angular_velocity": {"y": -0.2851752381980153, "x": -0.38923021771937627, "z": -22.991316833805207}, "orientation": {"y": 0.035071143188781684, "x": -0.06248412620978528, "z": -0.3096212871882696, "w": -0.9481563201324509}, "linear_acceleration": {"y": -292.0, "x": 28.0, "z": 3972.0}}, {"stamp": {"secs": 1526564639, "nsecs": 772056102}, "angular_velocity": {"y": 1.1285414559173914, "x": -0.45904338779914944, "z": -21.769586357409178}, "orientation": {"y": 0.027047457570215008, "x": -0.062300104166586684, "z": -0.20879192854434556, "w": -0.9755988225877236}, "linear_acceleration": {"y": 18.0, "x": 196.0, "z": 4027.0}}], "image_final": {"secs": 1526564639, "nsecs": 720787029, "filename": "1526564639.752623467_f.png"}}