{"image_initial": {"secs": 1526564640, "nsecs": 220092499, "filename": "1526564640.220092499_i.png"}, "imu": [{"stamp": {"secs": 1526564640, "nsecs": 194354057}, "angular_velocity": {"y": 0.2558768299202268, "x": 0.518340993317675, "z": -26.132909487394997}, "orientation": {"y": -0.007745216978287588, "x": 0.05953658134258267, "z": -0.9954984487846326, "w": -0.07333652271131604}, "linear_acceleration": {"y": 126.0, "x": 218.0, "z": 4069.0}}, {"stamp": {"secs": 1526564640, "nsecs": 202162027}, "angular_velocity": {"y": 0.13370378228062374, "x": 0.44852782323790197, "z": -26.900854358272504}, "orientation": {"y": -0.004183177305103932, "x": 0.05809103052952361, "z": -0.9819596546503981, "w": -0.1798976649056982}, "linear_acceleration": {"y": 45.0, "x": 95.0, "z": 4093.0}}, {"stamp": {"secs": 1526564640, "nsecs": 212373971}, "angular_velocity": {"y": -0.023375850398865916, "x": 0.30890148307835563, "z": -25.13807181375823}, "orientation": {"y": 0.0015091983550811095, "x": 0.052715207028589665, "z": -0.9514622691496295, "w": -0.30321342261334017}, "linear_acceleration": {"y": 124.0, "x": 229.0, "z": 4041.0}}], "image_final": {"secs": 1526564640, "nsecs": 186406084, "filename": "1526564640.220092499_f.png"}}