{"image_initial": {"secs": 1526564643, "nsecs": 786522945, "filename": "1526564643.786522945_i.png"}, "imu": [{"stamp": {"secs": 1526564643, "nsecs": 793519020}, "angular_velocity": {"y": 1.791766571675237, "x": -0.4939499728390361, "z": -20.914375023931957}, "orientation": {"y": 0.005792205405469212, "x": -0.06598461421038951, "z": -0.00517216512363599, "w": -0.9977904237624157}, "linear_acceleration": {"y": 336.0, "x": 32.0, "z": 4189.0}}, {"stamp": {"secs": 1526564643, "nsecs": 802977085}, "angular_velocity": {"y": 1.0063684082777884, "x": -0.16233741496011342, "z": -22.013932452688383}, "orientation": {"y": -0.0015019442583162296, "x": -0.06587798205725602, "z": 0.09599142653287157, "w": -0.9931986113943643}, "linear_acceleration": {"y": 312.0, "x": -144.0, "z": 4168.0}}, {"stamp": {"secs": 1526564643, "nsecs": 812959909}, "angular_velocity": {"y": -0.32008182323790196, "x": 0.22163502047863906, "z": -21.0540013640915}, "orientation": {"y": -0.0018417700176204727, "x": -0.06656968097653815, "z": 0.19846965106965406, "w": -0.9778419519851733}, "linear_acceleration": {"y": 224.0, "x": 54.0, "z": 4164.0}}], "image_final": {"secs": 1526564643, "nsecs": 752542699, "filename": "1526564643.786522945_f.png"}}