{"image_initial": {"secs": 1526564631, "nsecs": 885930826, "filename": "1526564631.885930826_i.png"}, "imu": [{"stamp": {"secs": 1526564631, "nsecs": 890439033}, "angular_velocity": {"y": 0.06389061220085057, "x": -0.2670571700797732, "z": -20.373322955813713}, "orientation": {"y": 0.010269188985070754, "x": -0.07282529114924575, "z": 0.8780863671664645, "w": -0.4728164046678347}, "linear_acceleration": {"y": 135.0, "x": -67.0, "z": 4076.0}}, {"stamp": {"secs": 1526564631, "nsecs": 900391101}, "angular_velocity": {"y": -0.42480157835756166, "x": -0.4939499728390361, "z": -21.560146847169857}, "orientation": {"y": 0.003361214107180139, "x": -0.07007638933355624, "z": 0.9253408581824171, "w": -0.372588644588003}, "linear_acceleration": {"y": 87.0, "x": -38.0, "z": 4162.0}}, {"stamp": {"secs": 1526564631, "nsecs": 910391092}, "angular_velocity": {"y": -0.8785871838760873, "x": -0.2146972925199433, "z": -22.41535818064708}, "orientation": {"y": -0.0018857226975121787, "x": -0.065241895636756, "z": 0.9625904836656687, "w": -0.2629819382769945}, "linear_acceleration": {"y": 102.0, "x": -138.0, "z": 4061.0}}], "image_final": {"secs": 1526564631, "nsecs": 853422064, "filename": "1526564631.885930826_f.png"}}