{"image_initial": {"secs": 1526564631, "nsecs": 787153222, "filename": "1526564631.787153222_i.png"}, "imu": [{"stamp": {"secs": 1526564631, "nsecs": 770442962}, "angular_velocity": {"y": -0.023375850398865916, "x": -0.5288565578789226, "z": -22.013932452688383}, "orientation": {"y": 0.0381785561013164, "x": -0.07867862751731541, "z": -0.24759469556726374, "w": -0.9649087719328518}, "linear_acceleration": {"y": -221.0, "x": 44.0, "z": 4029.0}}, {"stamp": {"secs": 1526564631, "nsecs": 780402898}, "angular_velocity": {"y": 1.3379809661567112, "x": -0.7382960681182421, "z": -22.013932452688383}, "orientation": {"y": 0.02761001451951097, "x": -0.07740801440223959, "z": -0.14452895771505853, "w": -0.9860816734867016}, "linear_acceleration": {"y": 112.0, "x": 71.0, "z": 4069.0}}, {"stamp": {"secs": 1526564631, "nsecs": 790420055}, "angular_velocity": {"y": 1.8441264492350666, "x": -0.5812164354387525, "z": -21.08890794913139}, "orientation": {"y": 0.014747691172612636, "x": -0.07593215889863428, "z": -0.04363721973033765, "w": -0.9960484957592558}, "linear_acceleration": {"y": 200.0, "x": -71.0, "z": 4145.0}}], "image_final": {"secs": 1526564631, "nsecs": 753418809, "filename": "1526564631.787153222_f.png"}}