{"image_initial": {"secs": 1526564639, "nsecs": 820092630, "filename": "1526564639.820092630_i.png"}, "imu": [{"stamp": {"secs": 1526564639, "nsecs": 792082071}, "angular_velocity": {"y": 1.5997803539558606, "x": -0.38923021771937627, "z": -21.019094779051617}, "orientation": {"y": 0.005976997741748312, "x": -0.06045783462942801, "z": -0.0035132277258393073, "w": -0.9981466740719334}, "linear_acceleration": {"y": 333.0, "x": 62.0, "z": 4170.0}}, {"stamp": {"secs": 1526564639, "nsecs": 802064895}, "angular_velocity": {"y": 0.6398492653589793, "x": -0.1274308299202268, "z": -21.31580075189065}, "orientation": {"y": 0.0008942586437242669, "x": -0.06061229759187479, "z": 0.0999292055155505, "w": -0.9931462649414451}, "linear_acceleration": {"y": 289.0, "x": -194.0, "z": 4213.0}}, {"stamp": {"secs": 1526564639, "nsecs": 812072992}, "angular_velocity": {"y": -0.8611338913561442, "x": 0.09946197283903604, "z": -21.123814534171274}, "orientation": {"y": 0.0036896330633972457, "x": -0.0607910257387032, "z": 0.20314387426195069, "w": -0.977252988814738}, "linear_acceleration": {"y": 219.0, "x": 51.0, "z": 4126.0}}], "image_final": {"secs": 1526564639, "nsecs": 786391048, "filename": "1526564639.820092630_f.png"}}