{"image_initial": {"secs": 1526564625, "nsecs": 753542588, "filename": "1526564625.753542588_i.png"}, "imu": [{"stamp": {"secs": 1526564625, "nsecs": 749321937}, "angular_velocity": {"y": 0.9540085307179587, "x": -2.8850510480712677, "z": 26.279327949994716}, "orientation": {"y": 0.33055385237017887, "x": 0.24766448993436224, "z": -0.8952701814919499, "w": -0.16699626714438076}, "linear_acceleration": {"y": 87.0, "x": -588.0, "z": 4215.0}}, {"stamp": {"secs": 1526564625, "nsecs": 759054899}, "angular_velocity": {"y": 0.919101945678072, "x": -0.35432363267948963, "z": 23.800960412162766}, "orientation": {"y": 0.29760999493015017, "x": 0.28689399877989624, "z": -0.9083213020043135, "w": -0.06381642975712266}, "linear_acceleration": {"y": 55.0, "x": -461.0, "z": 4088.0}}, {"stamp": {"secs": 1526564625, "nsecs": 769041061}, "angular_velocity": {"y": 0.18606365984045362, "x": 1.3211924492350666, "z": 20.031049227855014}, "orientation": {"y": 0.25911495718017946, "x": 0.3135531988332299, "z": -0.9132200246380027, "w": 0.023937774899279635}, "linear_acceleration": {"y": -15.0, "x": -7.0, "z": 4175.0}}], "image_final": {"secs": 1526564625, "nsecs": 719823342, "filename": "1526564625.753542588_f.png"}}