{"image_initial": {"secs": 1526564645, "nsecs": 752547843, "filename": "1526564645.752547843_i.png"}, "imu": [{"stamp": {"secs": 1526564645, "nsecs": 763489961}, "angular_velocity": {"y": 0.44786304763960305, "x": 0.43107453071795865, "z": 22.96320237120549}, "orientation": {"y": 0.2720499466385969, "x": 0.247726626361904, "z": -0.8889475934215636, "w": 0.2727499244276636}, "linear_acceleration": {"y": 54.0, "x": -196.0, "z": 4139.0}}, {"stamp": {"secs": 1526564645, "nsecs": 773391008}, "angular_velocity": {"y": 0.3431432925199433, "x": 1.7749780547535923, "z": 19.664530084936207}, "orientation": {"y": 0.23784410734456243, "x": 0.27587544968804134, "z": -0.862003623200568, "w": 0.3525232906489758}, "linear_acceleration": {"y": -13.0, "x": -109.0, "z": 4084.0}}, {"stamp": {"secs": 1526564645, "nsecs": 783376932}, "angular_velocity": {"y": 0.04643731968090725, "x": 2.1240439051524582, "z": 18.30317326838063}, "orientation": {"y": 0.2013920374999555, "x": 0.2990276708808729, "z": -0.8307285339753668, "w": 0.4241624713695389}, "linear_acceleration": {"y": 47.0, "x": 209.0, "z": 4046.0}}], "image_final": {"secs": 1526564645, "nsecs": 720039746, "filename": "1526564645.752547843_f.png"}}