{"image_initial": {"secs": 1526564639, "nsecs": 886367057, "filename": "1526564639.886367057_i.png"}, "imu": [{"stamp": {"secs": 1526564639, "nsecs": 872102975}, "angular_velocity": {"y": -0.23281536063818548, "x": 0.09946197283903604, "z": -20.73984209873252}, "orientation": {"y": 0.03203462675907254, "x": -0.06259659140526962, "z": 0.7783978215245817, "w": -0.6238207121269976}, "linear_acceleration": {"y": 52.0, "x": 209.0, "z": 4044.0}}, {"stamp": {"secs": 1526564639, "nsecs": 882086038}, "angular_velocity": {"y": -0.09318902047863908, "x": -0.2670571700797732, "z": -21.211080996770992}, "orientation": {"y": 0.026994610053839404, "x": -0.06415338384578605, "z": 0.8420453338403259, "w": -0.5348974575812738}, "linear_acceleration": {"y": 57.0, "x": -74.0, "z": 4105.0}}, {"stamp": {"secs": 1526564639, "nsecs": 892075061}, "angular_velocity": {"y": -0.33753511575784517, "x": -0.33687034015954637, "z": -20.617669051092918}, "orientation": {"y": 0.022069621083491385, "x": -0.06386098424401596, "z": 0.8944422963966786, "w": -0.4420494145830905}, "linear_acceleration": {"y": 106.0, "x": 40.0, "z": 4090.0}}], "image_final": {"secs": 1526564639, "nsecs": 853872627, "filename": "1526564639.886367057_f.png"}}