{"image_initial": {"secs": 1526564628, "nsecs": 653468256, "filename": "1526564628.653468256_i.png"}, "imu": [{"stamp": {"secs": 1526564628, "nsecs": 650608062}, "angular_velocity": {"y": -0.0582824354387525, "x": -0.022711074800567055, "z": 0.15174904763960306}, "orientation": {"y": 0.21840553268400284, "x": -0.05965797042359416, "z": 0.023103928993258537, "w": -0.9737587783034507}, "linear_acceleration": {"y": -17.0, "x": 44.0, "z": 4054.0}}, {"stamp": {"secs": 1526564628, "nsecs": 659773111}, "angular_velocity": {"y": 0.06389061220085057, "x": 0.01219551023931953, "z": -0.7732754559173914}, "orientation": {"y": 0.22199626482671728, "x": -0.06128271695256778, "z": 0.025264416062578014, "w": -0.972791753813176}, "linear_acceleration": {"y": -3.0, "x": 68.0, "z": 4057.0}}, {"stamp": {"secs": 1526564628, "nsecs": 669754028}, "angular_velocity": {"y": 0.11625048976068045, "x": 0.1518218503988659, "z": -1.2270610614359172}, "orientation": {"y": 0.22551739462661333, "x": -0.06429076521678942, "z": 0.029679066306584886, "w": -0.9716623669010925}, "linear_acceleration": {"y": 30.0, "x": 97.0, "z": 4078.0}}], "image_final": {"secs": 1526564628, "nsecs": 637685203, "filename": "1526564628.653468256_f.png"}}