{"image_initial": {"secs": 1526564626, "nsecs": 134518501, "filename": "1526564626.134518501_i.png"}, "imu": [{"stamp": {"secs": 1526564626, "nsecs": 109117984}, "angular_velocity": {"y": 0.32569, "x": -0.10997753740028353, "z": 24.062759799961917}, "orientation": {"y": 0.06041942859010757, "x": -0.33169598673051526, "z": 0.6672189778298833, "w": -0.6641883021096956}, "linear_acceleration": {"y": 72.0, "x": 249.0, "z": 3981.0}}, {"stamp": {"secs": 1526564626, "nsecs": 119318962}, "angular_velocity": {"y": 0.3431432925199433, "x": -0.05761765984045364, "z": 25.720822589356526}, "orientation": {"y": 0.10359412590654121, "x": -0.31949339316268294, "z": 0.5773947296699256, "w": -0.7441824742309164}, "linear_acceleration": {"y": -101.0, "x": 69.0, "z": 4078.0}}, {"stamp": {"secs": 1526564626, "nsecs": 129132032}, "angular_velocity": {"y": 0.7271157279586957, "x": -0.6335763129985824, "z": 26.00007526967562}, "orientation": {"y": 0.14133180252399208, "x": -0.30089356782105564, "z": 0.4802198710480522, "w": -0.8117125463425011}, "linear_acceleration": {"y": 72.0, "x": 57.0, "z": 3995.0}}], "image_final": {"secs": 1526564626, "nsecs": 53481345, "filename": "1526564626.134518501_f.png"}}