{"image_initial": {"secs": 1526564627, "nsecs": 653518889, "filename": "1526564627.653518889_i.png"}, "imu": [{"stamp": {"secs": 1526564627, "nsecs": 660711050}, "angular_velocity": {"y": -0.005922557878922596, "x": -0.022711074800567055, "z": -0.04023717007977318}, "orientation": {"y": 0.002425895917362171, "x": -0.009149404458322595, "z": -0.9816391019472469, "w": -0.19051266875265555}, "linear_acceleration": {"y": -184.0, "x": -199.0, "z": 3938.0}}, {"stamp": {"secs": 1526564627, "nsecs": 669522047}, "angular_velocity": {"y": 0.41295646259971647, "x": -0.6335763129985824, "z": -3.443629211468716}, "orientation": {"y": 0.006286799330115978, "x": -0.0027996232041579, "z": -0.9786467761602343, "w": -0.2054339937188533}, "linear_acceleration": {"y": -359.0, "x": -479.0, "z": 4023.0}}, {"stamp": {"secs": 1526564627, "nsecs": 679507017}, "angular_velocity": {"y": 0.8841953606381854, "x": -1.4887876464758039, "z": -13.583992165555768}, "orientation": {"y": 0.011891086898272432, "x": 0.0073775543059012814, "z": -0.9626384494699113, "w": -0.27042815930854236}, "linear_acceleration": {"y": -69.0, "x": -461.0, "z": 4034.0}}], "image_final": {"secs": 1526564627, "nsecs": 619939641, "filename": "1526564627.653518889_f.png"}}