{"image_initial": {"secs": 1526564624, "nsecs": 187287554, "filename": "1526564624.187287554_i.png"}, "imu": [{"stamp": {"secs": 1526564624, "nsecs": 168766975}, "angular_velocity": {"y": 0.22097024488034023, "x": 0.273994898038469, "z": -25.13807181375823}, "orientation": {"y": 0.006561392948850836, "x": 0.0575127634161354, "z": -0.9841956531171434, "w": 0.1673563460169045}, "linear_acceleration": {"y": 29.0, "x": 20.0, "z": 4043.0}}, {"stamp": {"secs": 1526564624, "nsecs": 178744077}, "angular_velocity": {"y": 0.3431432925199433, "x": 0.23908831299858238, "z": -26.51688192283375}, "orientation": {"y": 0.011357210315222686, "x": 0.057147224759237496, "z": -0.9977766095726119, "w": 0.03235808810724969}, "linear_acceleration": {"y": 37.0, "x": 135.0, "z": 4103.0}}, {"stamp": {"secs": 1526564624, "nsecs": 188734054}, "angular_velocity": {"y": 0.2384235374002835, "x": 0.20418172795869574, "z": -25.801296929516077}, "orientation": {"y": 0.015553762624547345, "x": 0.055250098927924346, "z": -0.9933543542948136, "w": -0.09976288809075272}, "linear_acceleration": {"y": 116.0, "x": 43.0, "z": 4029.0}}], "image_final": {"secs": 1526564624, "nsecs": 153613725, "filename": "1526564624.187287554_f.png"}}