{"image_initial": {"secs": 1526564647, "nsecs": 920156599, "filename": "1526564647.920156599_i.png"}, "imu": [{"stamp": {"secs": 1526564647, "nsecs": 914071083}, "angular_velocity": {"y": -1.280012911834783, "x": 0.1692751429188092, "z": -23.776714997202653}, "orientation": {"y": 0.05425397466612957, "x": -0.058738336972377625, "z": 0.9519243952084151, "w": -0.2957131377023}, "linear_acceleration": {"y": 85.0, "x": 60.0, "z": 4110.0}}, {"stamp": {"secs": 1526564647, "nsecs": 923885107}, "angular_velocity": {"y": -1.506905714594046, "x": 0.9023134287564276, "z": -22.991316833805207}, "orientation": {"y": 0.05526644590634869, "x": -0.05805772953507094, "z": 0.9800205928565063, "w": -0.18202900201697292}, "linear_acceleration": {"y": 79.0, "x": -21.0, "z": 4088.0}}, {"stamp": {"secs": 1526564647, "nsecs": 933881044}, "angular_velocity": {"y": -1.8385182724729685, "x": 1.23392598663535, "z": -23.549822194443394}, "orientation": {"y": 0.05695210624492886, "x": -0.05482825371281657, "z": 0.9950121899444071, "w": -0.06083635468290839}, "linear_acceleration": {"y": -3.0, "x": 238.0, "z": 4080.0}}], "image_final": {"secs": 1526564647, "nsecs": 886404100, "filename": "1526564647.920156599_f.png"}}