{"image_initial": {"secs": 1526564625, "nsecs": 821562822, "filename": "1526564625.821562822_i.png"}, "imu": [{"stamp": {"secs": 1526564625, "nsecs": 829067945}, "angular_velocity": {"y": 0.5002229251994329, "x": -1.4189744763960306, "z": 23.416987976724013}, "orientation": {"y": 0.021110006560535768, "x": 0.38383028565684124, "z": -0.775823704129834, "w": 0.5003261531699752}, "linear_acceleration": {"y": 108.0, "x": 196.0, "z": 4011.0}}, {"stamp": {"secs": 1526564625, "nsecs": 839073896}, "angular_velocity": {"y": 0.5002229251994329, "x": -1.261894843716541, "z": 26.977459650792447}, "orientation": {"y": -0.025230807000667967, "x": 0.3799418983188314, "z": -0.7033784997033987, "w": 0.6002218310216428}, "linear_acceleration": {"y": -5.0, "x": -42.0, "z": 4078.0}}, {"stamp": {"secs": 1526564625, "nsecs": 849061012}, "angular_velocity": {"y": 0.6747558503988659, "x": -0.8953757007977318, "z": 27.658138059070236}, "orientation": {"y": -0.073226095741242, "x": 0.37033462780773563, "z": -0.6161686620681452, "w": 0.6912498696087778}, "linear_acceleration": {"y": 24.0, "x": 138.0, "z": 3995.0}}], "image_final": {"secs": 1526564625, "nsecs": 787670245, "filename": "1526564625.821562822_f.png"}}