{"image_initial": {"secs": 1526564636, "nsecs": 319893846, "filename": "1526564636.319893846_i.png"}, "imu": [{"stamp": {"secs": 1526564636, "nsecs": 311305046}, "angular_velocity": {"y": -0.442254870877505, "x": -0.28451046259971646, "z": -25.59185741927676}, "orientation": {"y": 0.06336263199938244, "x": 0.008106902672102186, "z": -0.15065605760420708, "w": -0.9865202518460194}, "linear_acceleration": {"y": 53.0, "x": 27.0, "z": 4040.0}}, {"stamp": {"secs": 1526564636, "nsecs": 321296930}, "angular_velocity": {"y": -0.040829142918809236, "x": 0.5357942858376185, "z": -25.958376562195568}, "orientation": {"y": 0.06761649377262229, "x": -0.003902507344175602, "z": -0.025406815030779163, "w": -0.9973802053160657}, "linear_acceleration": {"y": -13.0, "x": 271.0, "z": 4053.0}}, {"stamp": {"secs": 1526564636, "nsecs": 331307888}, "angular_velocity": {"y": 0.796928898038469, "x": 2.3683900004316647, "z": -18.66290028885927}, "orientation": {"y": 0.06721248953005053, "x": -0.023045342745042992, "z": 0.0649937861158082, "w": -0.9953528023747504}, "linear_acceleration": {"y": 202.0, "x": 612.0, "z": 4082.0}}], "image_final": {"secs": 1526564636, "nsecs": 296011309, "filename": "1526564636.319893846_f.png"}}