{"image_initial": {"secs": 1526564629, "nsecs": 885975231, "filename": "1526564629.885975231_i.png"}, "imu": [{"stamp": {"secs": 1526564629, "nsecs": 890019893}, "angular_velocity": {"y": 0.796928898038469, "x": -0.5637631429188092, "z": 22.352337133007474}, "orientation": {"y": -0.2593610777104444, "x": 0.2497992779396822, "z": -0.1319002164605007, "w": 0.9235445224824644}, "linear_acceleration": {"y": 153.0, "x": 63.0, "z": 4090.0}}, {"stamp": {"secs": 1526564629, "nsecs": 900675058}, "angular_velocity": {"y": 0.30823670748005666, "x": -0.5114032653589793, "z": 21.985817990088663}, "orientation": {"y": -0.2881244630827018, "x": 0.2117683911709584, "z": -0.022738069524317384, "w": 0.9336066743915642}, "linear_acceleration": {"y": 70.0, "x": -55.0, "z": 4117.0}}, {"stamp": {"secs": 1526564629, "nsecs": 910034894}, "angular_velocity": {"y": -0.0582824354387525, "x": 0.04710209527920614, "z": 20.95607373141201}, "orientation": {"y": -0.31051999021722715, "x": 0.17965698781694703, "z": 0.070226874491533, "w": 0.9307893899820652}, "linear_acceleration": {"y": 65.0, "x": 157.0, "z": 4063.0}}], "image_final": {"secs": 1526564629, "nsecs": 853529385, "filename": "1526564629.885975231_f.png"}}