{"image_initial": {"secs": 1526564634, "nsecs": 353474625, "filename": "1526564634.353474625_i.png"}, "imu": [{"stamp": {"secs": 1526564634, "nsecs": 360838890}, "angular_velocity": {"y": 1.093634870877505, "x": -1.1746283811168245, "z": -5.904543456780721}, "orientation": {"y": 0.09665345841312635, "x": 0.2637200243980405, "z": -0.795529000400816, "w": 0.5368831038778904}, "linear_acceleration": {"y": 378.0, "x": -312.0, "z": 4269.0}}, {"stamp": {"secs": 1526564634, "nsecs": 370836019}, "angular_velocity": {"y": -0.30262853071795864, "x": 0.4659811157578452, "z": -7.9116720965742}, "orientation": {"y": 0.1027615049919065, "x": 0.25836408003988764, "z": -0.8191864727288922, "w": 0.5016189770482538}, "linear_acceleration": {"y": 396.0, "x": -92.0, "z": 4187.0}}, {"stamp": {"secs": 1526564634, "nsecs": 380832910}, "angular_velocity": {"y": -2.0130511976724015, "x": 2.2113103677521746, "z": -6.9342877154573745}, "orientation": {"y": 0.09599335619999208, "x": 0.250325611343308, "z": -0.8419873466405706, "w": 0.4681662866634375}, "linear_acceleration": {"y": 210.0, "x": 273.0, "z": 4121.0}}], "image_final": {"secs": 1526564634, "nsecs": 319716044, "filename": "1526564634.353474625_f.png"}}