{"image_initial": {"secs": 1526564635, "nsecs": 754782202, "filename": "1526564635.754782202_i.png"}, "imu": [{"stamp": {"secs": 1526564635, "nsecs": 761238098}, "angular_velocity": {"y": 0.028984027160963932, "x": -0.33687034015954637, "z": -22.31063842552742}, "orientation": {"y": 0.025266456768771955, "x": -0.025302750422195937, "z": -0.3720583771217987, "w": -0.9275203183741676}, "linear_acceleration": {"y": -235.0, "x": 146.0, "z": 3957.0}}, {"stamp": {"secs": 1526564635, "nsecs": 771275043}, "angular_velocity": {"y": 1.3728875511965977, "x": -0.5637631429188092, "z": -22.118652207808044}, "orientation": {"y": 0.020198911045359057, "x": -0.02330769162509551, "z": -0.27113357836695334, "w": -0.9620474718981501}, "linear_acceleration": {"y": -35.0, "x": 157.0, "z": 4033.0}}, {"stamp": {"secs": 1526564635, "nsecs": 781147956}, "angular_velocity": {"y": 1.8266731567151233, "x": -0.5114032653589793, "z": -21.176174411731104}, "orientation": {"y": 0.013118457704135649, "x": -0.021119450606179736, "z": -0.17316999571827923, "w": -0.9845780961693639}, "linear_acceleration": {"y": 113.0, "x": 56.0, "z": 4092.0}}], "image_final": {"secs": 1526564635, "nsecs": 720063967, "filename": "1526564635.754782202_f.png"}}