{"image_initial": {"secs": 1526564643, "nsecs": 952588053, "filename": "1526564643.952588053_i.png"}, "imu": [{"stamp": {"secs": 1526564643, "nsecs": 933275938}, "angular_velocity": {"y": -1.6988919323134224, "x": 1.4433654968746699, "z": -24.00360779996192}, "orientation": {"y": 0.005909819604318121, "x": -0.0393442179918837, "z": 0.9991654786374885, "w": 0.009244070638536132}, "linear_acceleration": {"y": 6.0, "x": 263.0, "z": 4072.0}}, {"stamp": {"secs": 1526564643, "nsecs": 943254947}, "angular_velocity": {"y": -1.454545837034216, "x": 1.3037391567151233, "z": -22.1011989152881}, "orientation": {"y": 0.009242846995849784, "x": -0.030640698210178903, "z": 0.9918519005286665, "w": 0.12331068408810567}, "linear_acceleration": {"y": -44.0, "x": 243.0, "z": 3999.0}}, {"stamp": {"secs": 1526564643, "nsecs": 953253030}, "angular_velocity": {"y": -1.2451063267948965, "x": 0.30890148307835563, "z": -23.06113000388498}, "orientation": {"y": 0.006694438017482859, "x": -0.021185680359369848, "z": 0.9707504526000457, "w": 0.23906047398963115}, "linear_acceleration": {"y": -8.0, "x": 310.0, "z": 4052.0}}], "image_final": {"secs": 1526564643, "nsecs": 920043040, "filename": "1526564643.952588053_f.png"}}