{"image_initial": {"secs": 1526564647, "nsecs": 953406354, "filename": "1526564647.953406354_i.png"}, "imu": [{"stamp": {"secs": 1526564647, "nsecs": 954040050}, "angular_velocity": {"y": -1.5418122996339325, "x": 0.5881541633974483, "z": -23.3927425617639}, "orientation": {"y": 0.052555835678021495, "x": -0.04578455188983129, "z": 0.9815361056579892, "w": 0.1781250466222557}, "linear_acceleration": {"y": -70.0, "x": 327.0, "z": 4044.0}}, {"stamp": {"secs": 1526564647, "nsecs": 964054107}, "angular_velocity": {"y": -1.1578398641951801, "x": 0.08200868031909272, "z": -22.607344398366457}, "orientation": {"y": 0.04257199948448847, "x": -0.042697364817250644, "z": 0.9560512410392963, "w": 0.286933066070777}, "linear_acceleration": {"y": -84.0, "x": 65.0, "z": 4021.0}}, {"stamp": {"secs": 1526564647, "nsecs": 973884105}, "angular_velocity": {"y": -0.6866009661567112, "x": -0.3019637551196598, "z": -23.49746231688356}, "orientation": {"y": 0.03210589118643497, "x": -0.042700466908530375, "z": 0.9185278171132115, "w": 0.39173017635377155}, "linear_acceleration": {"y": -71.0, "x": 148.0, "z": 4048.0}}], "image_final": {"secs": 1526564647, "nsecs": 920156599, "filename": "1526564647.953406354_f.png"}}